Date,decimal,ppm,#days,1 yr ago,10 yr ago,since 1800
2000/8/28,2000.6544,367.7,5,365.67,351.54,90.35
2000/9/4,2000.6735,367.32,6,364.27,351.16,90.35
2000/9/11,2000.6926,367.33,6,365.16,351.06,90.65
2000/9/18,2000.7117,366.86,7,365.33,351.66,90.36
2000/9/25,2000.7309,366.86,5,364.8,351.5,90.42
2000/10/2,2000.75,366.78,7,365.22,351.38,90.31
2000/10/9,2000.7691,366.88,7,365.4,351.57,90.28
2000/10/16,2000.7883,367.14,6,365.61,351.62,90.33
2000/10/23,2000.8074,367.62,7,365.81,351.86,90.55
2000/10/30,2000.8265,368,7,366.1,352.35,90.62
2000/11/6,2000.8456,368.2,5,366.72,352.74,90.5
2000/11/13,2000.8648,368.75,7,366.89,353.24,90.71
2000/11/20,2000.8839,368.64,4,367.22,353.52,90.26
2000/11/27,2000.903,368.85,6,367.57,353.67,90.16
2000/12/4,2000.9221,369.84,7,367.93,353.92,90.84
2000/12/11,2000.9413,369.83,7,368.06,354.32,90.55
2000/12/18,2000.9604,369.81,7,368.43,354.44,90.28
2000/12/25,2000.9795,370.02,7,368.88,354.92,90.27
2001/1/1,2000.9986,370.34,7,368.87,354.7,90.45
2001/1/8,2001.0178,370.46,7,369.05,354.65,90.4
2001/1/15,2001.037,370.84,6,369.74,355.22,90.63
2001/1/22,2001.0562,370.69,7,370.42,354.85,90.34
2001/1/29,2001.0753,371.53,7,369.54,355.44,91.06
2001/2/5,2001.0945,371.76,6,369.51,355.44,91.16
2001/2/12,2001.1137,372.14,6,369.93,356.14,91.41
2001/2/19,2001.1329,371.66,7,369.67,356.36,90.77
2001/2/26,2001.1521,371.9,7,370.15,356.16,90.85
2001/3/5,2001.1712,372.37,5,370.24,357.1,91.11
2001/3/12,2001.1904,372.67,7,370.71,357.85,91.19
2001/3/19,2001.2096,372.72,7,371.21,357.04,91
2001/3/26,2001.2288,372.58,5,371.07,357.61,90.61
2001/4/2,2001.2479,372.63,7,371.28,358.66,90.42
2001/4/9,2001.2671,373.79,7,371.91,357.87,91.35
2001/4/16,2001.2863,373.9,7,372.71,359,91.25
2001/4/23,2001.3055,373.79,7,372.07,359.33,90.99
2001/4/30,2001.3247,373.73,5,371.06,359.27,90.82
2001/5/7,2001.3438,374.12,4,371.96,358.94,91.15
2001/5/14,2001.363,373.88,4,371.59,359.65,90.92
2001/5/21,2001.3822,374.09,7,372.3,359.54,91.19
2001/5/28,2001.4014,374.07,7,371.98,358.72,91.29
2001/6/4,2001.4205,373.65,5,372.06,358.42,91.04
2001/6/11,2001.4397,373.23,5,371.85,358.5,90.85
2001/6/18,2001.4589,373.3,7,371.99,358.18,91.18
2001/6/25,2001.4781,373.2,7,371.49,357.75,91.4
2001/7/2,2001.4973,372.66,7,370.49,357.31,91.24
2001/7/9,2001.5164,371.52,4,370.37,356.68,90.51
2001/7/16,2001.5356,371.48,7,370.15,356.01,90.94
2001/7/23,2001.5548,371.04,5,369.58,355.25,91.02
2001/7/30,2001.574,371.06,3,369.15,355.55,91.57
2001/8/6,2001.5932,370.09,7,368.68,354.65,91.14
2001/8/13,2001.6123,369.36,6,368.37,354.09,90.95
2001/8/20,2001.6315,369.48,7,367.87,353.24,91.58
2001/8/27,2001.6507,369.45,7,367.63,353.1,92.01
2001/9/3,2001.6699,368.5,7,367.41,353.07,91.44
2001/9/10,2001.689,368.72,6,367.33,352.41,91.95
2001/9/17,2001.7082,368.21,7,366.89,351.99,91.64
2001/9/24,2001.7274,367.97,6,366.87,351.96,91.49
2001/10/1,2001.7466,368.21,7,366.83,351.74,91.72
2001/10/8,2001.7658,368.46,7,366.78,352.2,91.87
2001/10/15,2001.7849,368.33,7,367.17,352.62,91.56
2001/10/22,2001.8041,368.87,7,367.51,352.81,91.86
2001/10/29,2001.8233,369.29,7,367.94,353.14,91.99
2001/11/5,2001.8425,369.29,6,368.21,353.84,91.67
2001/11/12,2001.8616,370.01,3,368.66,353.8,92.06
2001/11/19,2001.8808,370.4,6,368.66,353.95,92.12
2001/11/26,2001.9,370.61,7,368.78,354.28,92.01
2001/12/3,2001.9192,370.96,7,369.69,354.72,92.06
2001/12/10,2001.9384,371.4,6,369.9,354.99,92.22
2001/12/17,2001.9575,371.44,7,369.77,355.3,92
2001/12/24,2001.9767,371.87,6,370.02,355.65,92.2
2001/12/31,2001.9959,372.38,7,370.26,356.5,92.53
2002/1/7,2002.0151,372.38,7,370.36,356.27,92.32
2002/1/14,2002.0342,372.91,7,371.01,356.6,92.67
2002/1/21,2002.0534,372.75,7,370.52,356.18,92.34
2002/1/28,2002.0726,372.99,4,371.58,356.32,92.41
2002/2/4,2002.0918,373.13,7,371.82,357.09,92.4
2002/2/11,2002.111,373.18,7,371.83,357.24,92.3
2002/2/18,2002.1301,373.26,7,371.81,357.3,92.23
2002/2/25,2002.1493,373.91,7,371.67,357.18,92.72
2002/3/4,2002.1685,374.06,6,372.51,356.93,92.68
2002/3/11,2002.1877,374.31,7,372.69,358.06,92.72
2002/3/18,2002.2068,374.81,5,372.69,358.41,93.01
2002/3/25,2002.226,374.45,3,372.45,359,92.42
2002/4/1,2002.2452,374.43,7,372.73,358.22,92.17
2002/4/8,2002.2644,374.7,7,373.69,359.26,92.22
2002/4/15,2002.2836,375.4,6,373.76,359.5,92.73
2002/4/22,2002.3027,375.59,7,373.85,359.58,92.76
2002/4/29,2002.3219,376.23,7,373.74,359.52,93.28
2002/5/6,2002.3411,375.76,6,374.12,359.83,92.76
2002/5/13,2002.3603,375.24,6,373.88,358.8,92.23
2002/5/20,2002.3795,376.1,7,374.03,359.57,93.15
2002/5/27,2002.3986,376.41,7,374.15,360.58,93.58
2002/6/3,2002.4178,376.07,7,373.8,360.51,93.41
2002/6/10,2002.437,375.62,7,373.25,359.63,93.18
2002/6/17,2002.4562,375.4,5,373.27,358.98,93.23
2002/6/24,2002.4753,375.66,7,373.26,358.81,93.82
2002/7/1,2002.4945,374.99,7,372.8,358.81,93.52
2002/7/8,2002.5137,374.63,7,371.58,357.6,93.59
2002/7/15,2002.5329,374.09,4,371.46,356.9,93.52
2002/7/22,2002.5521,373.51,5,371.08,356.64,93.45
2002/7/29,2002.5712,373.49,6,371.34,355.46,93.97
2002/8/5,2002.5904,372.75,6,370.24,355.39,93.78
2002/8/12,2002.6096,371.99,6,369.31,355.66,93.56
2002/8/19,2002.6288,371.5,7,369.5,355.29,93.6
2002/8/26,2002.6479,371.11,6,369.55,354.31,93.68
2002/9/2,2002.6671,370.43,5,368.55,352.92,93.4
2002/9/9,2002.6863,371.81,5,368.65,354.27,95.09
2002/9/16,2002.7055,371.01,6,368.37,352.67,94.51
2002/9/23,2002.7247,370.67,5,367.97,352.61,94.28
2002/9/30,2002.7438,370.05,7,368.13,353.12,93.66
2002/10/7,2002.763,370.08,7,368.45,353.23,93.6
2002/10/14,2002.7822,371.41,7,368.31,353.6,94.76
2002/10/21,2002.8014,370.87,7,368.84,353.36,93.99
2002/10/28,2002.8205,371.24,7,369.28,353.36,94.07
2002/11/4,2002.8397,372.14,7,369.26,354.27,94.66
2002/11/11,2002.8589,372.04,7,369.93,354.06,94.23
2002/11/18,2002.8781,372.91,7,370.34,354.4,94.77
2002/11/25,2002.8973,372.94,6,370.58,354.86,94.49
2002/12/2,2002.9164,373.23,7,370.93,354.96,94.46
2002/12/9,2002.9356,373.77,7,371.34,355.44,94.72
2002/12/16,2002.9548,373.76,7,371.38,355.56,94.43
2002/12/23,2002.974,374.66,7,371.88,356.18,95.07
2002/12/30,2002.9932,374.88,7,372.28,356.47,95.06
2003/1/6,2003.0123,374.73,7,372.28,357.2,94.7
2003/1/13,2003.0315,375.21,7,372.84,357.18,94.97
2003/1/20,2003.0507,375.1,6,372.92,356.94,94.69
2003/1/27,2003.0699,375.48,7,372.77,357.42,94.9
2003/2/3,2003.089,375.35,7,373.01,357.11,94.62
2003/2/10,2003.1082,375.3,7,373.33,357.31,94.42
2003/2/17,2003.1274,376.57,7,373.22,357.37,95.54
2003/2/24,2003.1466,376.2,6,373.93,357.88,95.03
2003/3/3,2003.1658,376.49,7,373.93,358.61,95.15
2003/3/10,2003.1849,376.55,6,374.28,358.74,95.03
2003/3/17,2003.2041,376.15,5,374.65,358.39,94.42
2003/3/24,2003.2233,377.18,7,374.3,358.3,95.24
2003/3/31,2003.2425,377.03,7,374.48,359.3,94.86
2003/4/7,2003.2616,377.32,7,374.73,358.77,94.91
2003/4/14,2003.2808,377.98,4,375.21,359.22,95.34
2003/4/21,2003.3,378.54,7,375.5,359.79,95.71
2003/4/28,2003.3192,378.81,7,376.23,359.84,95.83
2003/5/5,2003.3384,378.25,6,375.78,359.58,95.17
2003/5/12,2003.3575,378.25,7,375.24,360.42,95.14
2003/5/19,2003.3767,379.62,7,376.07,360.71,96.55
2003/5/26,2003.3959,378.91,7,376.39,360.78,95.94
2003/6/2,2003.4151,378.59,6,376.11,359.96,95.81
2003/6/9,2003.4342,378.68,4,375.73,359.97,96.14
2003/6/16,2003.4534,378.3,7,375.38,359.71,96.07
2003/6/23,2003.4726,378.49,6,375.77,359.31,96.62
2003/6/30,2003.4918,377.76,6,374.96,358.55,96.29
2003/7/7,2003.511,376.74,7,374.69,357.9,95.71
2003/7/14,2003.5301,377.41,6,374.22,358.02,96.86
2003/7/21,2003.5493,376.57,7,374.02,356.91,96.52
2003/7/28,2003.5685,376.08,7,373.21,356.56,96.56
2003/8/4,2003.5877,375.12,6,372.84,356.52,96.12
2003/8/11,2003.6068,374.9,7,372.34,355.89,96.43
2003/8/18,2003.626,374.06,6,371.44,355.39,96.08
2003/8/25,2003.6452,373.61,2,370.98,355,96.09
2003/9/1,2003.6644,373.37,3,370.65,354.3,96.25
2003/9/8,2003.6836,373.3,7,371.57,354.23,96.5
2003/9/15,2003.7027,373.05,6,371.17,354.28,96.48
2003/9/22,2003.7219,373.51,6,370.67,354.03,97.08
2003/9/29,2003.7411,373.45,7,370.1,354.34,97.05
2003/10/6,2003.7603,373.09,7,370.1,354.15,96.64
2003/10/13,2003.7795,372.95,7,371.24,354.01,96.36
2003/10/20,2003.7986,373.6,6,371.05,354.54,96.79
2003/10/27,2003.8178,373.56,6,371.1,354.45,96.48
2003/11/3,2003.837,374.14,4,372.1,354.77,96.74
2003/11/10,2003.8562,374.7,7,372.01,355.16,96.98
2003/11/17,2003.8753,375.06,7,372.77,355.81,97.01
2003/11/24,2003.8945,375.45,7,372.93,356.15,97.07
2003/12/1,2003.9137,375.49,7,373.12,356.3,96.79
2003/12/8,2003.9329,375.95,7,373.79,356.67,96.96
2003/12/15,2003.9521,376.51,7,373.76,356.98,97.23
2003/12/22,2003.9712,376.31,4,374.47,357.57,96.77
2003/12/29,2003.9904,376.53,6,374.92,357.6,96.74
2004/1/5,2004.0096,376.51,7,374.67,358.31,96.56
2004/1/12,2004.0287,377.13,7,375.17,358.31,96.97
2004/1/19,2004.0478,377.28,7,375.18,358.46,96.94
2004/1/26,2004.0669,378.13,6,375.39,358.41,97.61
2004/2/2,2004.0861,378.06,7,375.31,358.34,97.37
2004/2/9,2004.1052,378.61,7,375.23,359.09,97.77
2004/2/16,2004.1243,377.67,7,376.51,358.93,96.69
2004/2/23,2004.1434,377.79,7,376.27,359.54,96.65
2004/3/1,2004.1626,378.46,7,376.46,358.82,97.15
2004/3/8,2004.1817,379.14,5,376.52,359.78,97.64
2004/3/15,2004.2008,379.4,6,376.15,360.62,97.7
2004/3/22,2004.2199,378.67,7,377.11,360.91,96.74
2004/3/29,2004.2391,379.9,7,377.06,360.78,97.72
2004/4/5,2004.2582,380.2,5,377.34,361.23,97.78
2004/4/12,2004.2773,380.92,7,377.69,361.16,98.26
2004/4/19,2004.2964,380.56,5,378.48,361.24,97.69
2004/4/26,2004.3156,380.82,7,378.82,362.34,97.77
2004/5/3,2004.3347,380.9,6,378.34,361.94,97.73
2004/5/10,2004.3538,380.89,7,378.02,361.45,97.67
2004/5/17,2004.373,380.43,7,379.73,361.93,97.24
2004/5/24,2004.3921,381.25,5,379.07,361.71,98.16
2004/5/31,2004.4112,380.11,7,378.51,361.33,97.21
2004/6/7,2004.4303,380.27,6,378.67,361.1,97.62
2004/6/14,2004.4495,380.34,3,378.39,361.06,97.99
2004/6/21,2004.4686,379.55,5,378.47,360.82,97.57
2004/6/28,2004.4877,379.32,5,377.89,360.08,97.75
2004/7/5,2004.5068,378.51,4,376.73,360.03,97.38
2004/7/12,2004.526,378.07,5,377.4,359.73,97.43
2004/7/19,2004.5451,376.92,7,376.63,359.24,96.78
2004/7/26,2004.5642,376.59,6,376.07,359.05,96.97
2004/8/2,2004.5833,376.91,4,375.47,358.38,97.81
2004/8/9,2004.6025,376.41,6,374.87,358.07,97.84
2004/8/16,2004.6216,375.95,4,373.96,357.76,97.88
2004/8/23,2004.6407,376.27,2,374.08,356.68,98.67
2004/8/30,2004.6598,374.17,1,373.18,356.34,96.99
2004/9/6,2004.679,374.62,6,373.45,356.69,97.79
2004/9/13,2004.6981,374.23,4,372.95,355.15,97.65
2004/9/20,2004.7172,374.57,3,373.47,355.76,98.17
2004/9/27,2004.7363,374.48,3,373.44,355.51,98.14
2004/10/4,2004.7555,374.16,5,373.12,355.84,97.78
2004/10/11,2004.7746,374.4,7,372.99,356.05,97.88
2004/10/18,2004.7937,374.74,7,373.48,356.38,98.02
2004/10/25,2004.8128,375.13,7,373.58,356.64,98.15
2004/11/1,2004.832,375.48,6,374.2,356.85,98.2
2004/11/8,2004.8511,375.63,7,374.51,357.18,98.01
2004/11/15,2004.8702,376.98,7,375.08,358.3,99.03
2004/11/22,2004.8893,376.9,7,375.46,357.83,98.61
2004/11/29,2004.9085,376.99,7,375.45,358.29,98.39
2004/12/6,2004.9276,377.72,7,375.76,358.94,98.82
2004/12/13,2004.9467,377.4,7,376.59,359.48,98.23
2004/12/20,2004.9658,377.95,7,376.29,358.86,98.52
2004/12/27,2004.985,377.99,6,376.52,359.45,98.32
2005/1/3,2005.0041,378.36,7,376.53,359.82,98.43
2005/1/10,2005.0233,378.61,7,377.07,359.98,98.46
2005/1/17,2005.0425,378.52,7,377.12,360.35,98.18
2005/1/24,2005.0616,378.8,7,378.07,360.11,98.3
2005/1/31,2005.0808,379.59,6,378.08,360.28,98.94
2005/2/7,2005.1,379.4,6,378.58,361.05,98.63
2005/2/14,2005.1192,380.1,5,377.84,361.13,99.21
2005/2/21,2005.1384,380.06,7,377.62,361.14,99.04
2005/2/28,2005.1575,381.54,5,378.51,362.1,100.39
2005/3/7,2005.1767,380.24,5,379.09,361.71,98.92
2005/3/14,2005.1959,381.46,7,379.22,361.25,99.96
2005/3/21,2005.2151,380.4,7,378.78,361.88,98.67
2005/3/28,2005.2342,381.95,6,379.82,363.42,99.98
2005/4/4,2005.2534,382.49,6,379.87,363.7,100.25
2005/4/11,2005.2726,382.28,5,380.91,363.12,99.78
2005/4/18,2005.2918,382.35,7,380.47,363.13,99.6
2005/4/25,2005.311,382.76,6,380.97,363.6,99.8
2005/5/2,2005.3301,382.13,7,380.74,362.96,99.02
2005/5/9,2005.3493,382.15,7,381,364.03,98.95
2005/5/16,2005.3685,382.82,7,380.35,364.49,99.61
2005/5/23,2005.3877,383.2,7,381.17,363.73,100.07
2005/5/30,2005.4068,382.98,7,380.41,364.02,100.01
2005/6/6,2005.426,382.82,7,380.06,363.82,100.07
2005/6/13,2005.4452,382.6,6,380.39,363.08,100.14
2005/6/20,2005.4644,382.13,7,379.56,363.01,100.03
2005/6/27,2005.4836,381.56,6,379.38,362.56,99.85
2005/7/4,2005.5027,381.28,6,378.7,362.39,100.02
2005/7/11,2005.5219,381.05,6,378.12,362.19,100.26
2005/7/18,2005.5411,380.95,7,377.02,361.47,100.65
2005/7/25,2005.5603,380.34,7,376.85,360.94,100.57
2005/8/1,2005.5795,380.03,6,376.71,360.34,100.79
2005/8/8,2005.5986,379.1,6,376.49,359.8,100.39
2005/8/15,2005.6178,379.02,7,375.97,358.82,100.83
2005/8/22,2005.637,378.18,6,376.2,358.95,100.47
2005/8/29,2005.6562,378.14,4,374.17,358,100.86
2005/9/5,2005.6753,377.55,6,374.69,358.44,100.62
2005/9/12,2005.6945,376.41,7,374.2,358.8,99.75
2005/9/19,2005.7137,376.53,6,374.52,358.79,100.04
2005/9/26,2005.7329,376.64,7,374.6,357.75,100.22
2005/10/3,2005.7521,376.83,7,374.17,357.93,100.39
2005/10/10,2005.7712,377.1,4,374.39,357.84,100.54
2005/10/17,2005.7904,-999.99,0,374.67,358.21,-999.99
2005/10/24,2005.8096,377.7,2,375.07,358.44,100.71
2005/10/31,2005.8288,378,3,375.43,359.02,100.73
2005/11/7,2005.8479,378.14,7,375.64,359.3,100.55
2005/11/14,2005.8671,379.05,5,376.85,359.75,101.15
2005/11/21,2005.8863,378.67,4,376.86,359.98,100.46
2005/11/28,2005.9055,379.22,7,376.89,360.01,100.68
2005/12/5,2005.9247,380.12,6,377.64,360.43,101.29
2005/12/12,2005.9438,380.37,7,377.47,360.71,101.25
2005/12/19,2005.963,380.44,4,377.91,360.8,101.04
2005/12/26,2005.9822,380.69,6,377.93,361.65,101.03
2006/1/2,2006.0014,381.46,3,378.33,361.98,101.58
2006/1/9,2006.0205,381.4,7,378.56,362.37,101.3
2006/1/16,2006.0397,381.75,4,378.54,362.06,101.45
2006/1/23,2006.0589,381.82,7,378.74,362.37,101.33
2006/1/30,2006.0781,381.82,6,379.5,362.52,101.19
2006/2/6,2006.0973,382.49,5,379.38,363.44,101.71
2006/2/13,2006.1164,382.8,7,380.29,362.91,101.9
2006/2/20,2006.1356,382.13,7,379.83,363.92,101.1
2006/2/27,2006.1548,382.33,7,381.37,363.9,101.17
2006/3/6,2006.174,383.08,6,380.16,364.02,101.76
2006/3/13,2006.1932,383.06,7,381.53,363.97,101.55
2006/3/20,2006.2123,383.09,6,380.6,364.7,101.37
2006/3/27,2006.2315,382.62,6,381.5,364.49,100.65
2006/4/3,2006.2507,384.37,4,382.45,364.61,102.13
2006/4/10,2006.2699,384.96,6,382.32,364.56,102.46
2006/4/17,2006.289,385.05,7,382.3,364.75,102.3
2006/4/24,2006.3082,384.94,7,382.67,364.85,101.97
2006/5/1,2006.3274,385.07,6,382.37,365.17,101.94
2006/5/8,2006.3466,385.21,6,382.02,364.85,101.99
2006/5/15,2006.3658,385.51,5,382.76,365.51,102.28
2006/5/22,2006.3849,385.14,6,383.21,365.39,101.99
2006/5/29,2006.4041,384.85,5,383.01,365.14,101.85
2006/6/5,2006.4233,384.37,6,382.81,365.27,101.6
2006/6/12,2006.4425,384.46,7,382.6,365.22,101.99
2006/6/19,2006.4616,384.12,6,382.26,365.27,102
2006/6/26,2006.4808,383.63,7,381.58,364.53,101.91
2006/7/3,2006.5,383.3,6,381.35,364.49,102.01
2006/7/10,2006.5192,383.01,5,381.07,363.8,102.19
2006/7/17,2006.5384,381.98,4,381.03,363.64,101.64
2006/7/24,2006.5575,382.3,6,380.36,363.25,102.47
2006/7/31,2006.5767,381.7,7,380.02,362.1,102.38
2006/8/7,2006.5959,380.78,5,379.22,362.19,101.98
2006/8/14,2006.6151,380.59,6,379.18,361.77,102.3
2006/8/21,2006.6342,379.98,6,378.38,361.13,102.17
2006/8/28,2006.6534,379.74,6,378.01,360.99,102.38
2006/9/4,2006.6726,378.81,5,377.55,360.09,101.81
2006/9/11,2006.6918,379.36,5,376.32,360.23,102.66
2006/9/18,2006.711,378.86,7,376.59,358.88,102.35
2006/9/25,2006.7301,379.06,7,376.67,359.33,102.65
2006/10/2,2006.7493,379.11,5,376.78,359.39,102.7
2006/10/9,2006.7685,379.09,7,377.06,359.61,102.58
2006/10/16,2006.7877,379.12,4,-999.99,359.95,102.44
2006/10/23,2006.8068,379.67,4,377.67,359.72,102.75
2006/10/30,2006.826,379.84,7,377.86,360.14,102.63
2006/11/6,2006.8452,379.96,7,378.22,360.5,102.44
2006/11/13,2006.8644,380.19,7,378.73,361.04,102.35
2006/11/20,2006.8836,380.57,7,378.85,361.58,102.41
2006/11/27,2006.9027,381.44,6,378.99,361.39,102.96
2006/12/4,2006.9219,381.67,7,380.1,362.1,102.9
2006/12/11,2006.9411,381.9,7,380.36,362.26,102.84
2006/12/18,2006.9603,382.39,5,380.28,362.65,103.05
2006/12/25,2006.9795,382.18,5,380.72,362.51,102.58
2007/1/1,2006.9986,382.29,7,381.47,362.95,102.52
2007/1/8,2007.0178,383.14,3,381.33,363.13,103.12
2007/1/15,2007.037,382.65,5,381.79,363.2,102.41
2007/1/22,2007.0562,383.77,6,381.74,363.62,103.3
2007/1/29,2007.0753,383.88,7,381.73,363.39,103.23
2007/2/5,2007.0945,383.48,7,382.5,363.81,102.66
2007/2/12,2007.1137,385.03,4,382.91,364.38,104.06
2007/2/19,2007.1329,384.93,3,382.08,363.82,103.83
2007/2/26,2007.1521,384.22,7,382.25,364.91,102.99
2007/3/5,2007.1712,383.62,7,383.02,363.99,102.24
2007/3/12,2007.1904,384.55,6,383.05,364.34,103
2007/3/19,2007.2096,385.29,6,383.2,364.87,103.53
2007/3/26,2007.2288,386.08,5,382.64,365.4,104.08
2007/4/2,2007.2479,386.07,6,383.99,365.98,103.8
2007/4/9,2007.2671,385.93,5,385.07,366.14,103.38
2007/4/16,2007.2863,387.51,7,385.06,366.7,104.69
2007/4/23,2007.3055,387.18,5,384.94,366.96,104.13
2007/4/30,2007.3247,386.82,7,385.05,366.54,103.6
2007/5/7,2007.3438,386.46,7,385.18,366.79,103.14
2007/5/14,2007.363,386.88,6,385.44,367,103.55
2007/5/21,2007.3822,386.74,7,385.45,366.85,103.5
2007/5/28,2007.4014,387.14,6,384.62,366.61,104.08
2007/6/4,2007.4205,387.13,7,384.36,366.21,104.33
2007/6/11,2007.4397,386.66,6,384.63,365.87,104.18
2007/6/18,2007.4589,385.93,6,384.12,365.46,103.83
2007/6/25,2007.4781,385.27,5,383.69,365.35,103.58
2007/7/2,2007.4973,385.61,7,383.32,365.09,104.36
2007/7/9,2007.5164,385.35,7,383.03,365.08,104.55
2007/7/16,2007.5356,384.32,6,382.03,364.26,103.98
2007/7/23,2007.5548,384.04,4,382.25,364.01,104.19
2007/7/30,2007.574,383.11,7,381.81,363.56,103.76
2007/8/6,2007.5932,382.7,3,380.8,363.35,103.85
2007/8/13,2007.6123,382.11,7,380.72,362.44,103.77
2007/8/20,2007.6315,382.33,4,380.05,361.32,104.47
2007/8/27,2007.6507,381.86,4,379.96,361.75,104.46
2007/9/3,2007.6699,381.76,5,378.79,361.53,104.75
2007/9/10,2007.689,380.88,5,379.28,360.08,104.19
2007/9/17,2007.7082,381.03,3,378.9,360.45,104.57
2007/9/24,2007.7274,380.91,7,378.94,360,104.56
2007/10/1,2007.7466,381.12,7,379.17,360.21,104.77
2007/10/8,2007.7658,381.19,6,379,360.78,104.74
2007/10/15,2007.7849,381.27,6,379.24,360.9,104.65
2007/10/22,2007.8041,381.59,7,379.54,361.2,104.71
2007/10/29,2007.8233,382,7,379.86,361.56,104.84
2007/11/5,2007.8425,382.26,7,379.94,362.28,104.78
2007/11/12,2007.8616,382.46,7,380.16,362.3,104.65
2007/11/19,2007.8808,383.29,7,380.4,362.8,105.18
2007/11/26,2007.9,383.12,6,381.39,363.51,104.71
2007/12/3,2007.9192,383.91,4,381.6,364.16,105.22
2007/12/10,2007.9384,383.95,6,381.79,364.21,104.99
2007/12/17,2007.9575,384.63,5,382.52,364.44,105.41
2007/12/24,2007.9767,384.18,5,382.19,364.94,104.7
2007/12/31,2007.9959,385.02,7,382.28,365.24,105.24
2008/1/7,2008.015,384.67,7,382.84,365.51,104.65
2008/1/14,2008.0342,386.05,7,382.59,365.31,105.82
2008/1/21,2008.0533,386.25,7,383.52,365.26,105.83
2008/1/28,2008.0724,387.02,7,383.96,365.42,106.43
2008/2/4,2008.0915,386.25,7,383.45,366.19,105.51
2008/2/11,2008.1107,386.2,7,384.96,365.67,105.32
2008/2/18,2008.1298,385.54,5,385.32,365.91,104.53
2008/2/25,2008.1489,385.62,6,384.19,367.02,104.48
2008/3/3,2008.168,386.06,6,383.68,367.35,104.78
2008/3/10,2008.1872,385.95,7,384.43,366.62,104.5
2008/3/17,2008.2063,386.08,7,385.11,366.91,104.43
2008/3/24,2008.2254,386.97,7,385.85,368.09,105.09
2008/3/31,2008.2445,388.31,7,386.24,369.02,106.19
2008/4/7,2008.2637,386.98,6,386.04,368.47,104.6
2008/4/14,2008.2828,386.72,7,387.23,368.46,104.09
2008/4/21,2008.3019,387.58,3,387.26,368.64,104.72
2008/4/28,2008.321,387.52,6,386.94,369.86,104.48
2008/5/5,2008.3402,388.77,6,386.33,369.65,105.62
2008/5/12,2008.3593,389.11,5,386.88,368.52,105.92
2008/5/19,2008.3784,389.13,5,386.58,369.79,105.99
2008/5/26,2008.3975,388.82,6,387.26,370.12,105.8
2008/6/2,2008.4167,388.76,7,387.11,369.62,105.94
2008/6/9,2008.4358,387.74,6,386.71,369.25,105.19
2008/6/16,2008.4549,388.11,6,386.2,368.91,105.89
2008/6/23,2008.474,387.53,4,385.31,368.85,105.69
2008/6/30,2008.4932,-999.99,0,385.53,368.22,-999.99
2008/7/7,2008.5123,-999.99,0,385.38,368.88,-999.99
2008/7/14,2008.5314,-999.99,0,384.45,367.73,-999.99
2008/7/21,2008.5505,386.61,5,384.1,367.74,106.57
2008/7/28,2008.5697,385.14,7,383.53,367.4,105.61
2008/8/4,2008.5888,385.46,6,382.69,366.88,106.45
2008/8/11,2008.6079,384.17,5,382.01,366.32,105.66
2008/8/18,2008.627,383.91,6,382.27,365.64,105.89
2008/8/25,2008.6462,383.52,6,381.86,365.51,105.95
2008/9/1,2008.6653,383.73,6,381.92,364.85,106.56
2008/9/8,2008.6844,383.26,6,380.93,364.29,106.42
2008/9/15,2008.7036,383.6,5,381.11,363.78,106.99
2008/9/22,2008.7227,383.28,7,380.86,363.74,106.81
2008/9/29,2008.7418,382.97,7,381.17,364.26,106.53
2008/10/6,2008.7609,383.1,5,381.18,364.21,106.6
2008/10/13,2008.7801,383.07,7,381.21,364.47,106.43
2008/10/20,2008.7992,383.29,6,381.56,364.67,106.43
2008/10/27,2008.8183,384.21,2,381.93,364.97,107.09
2008/11/3,2008.8374,384.01,6,382.23,365.14,106.59
2008/11/10,2008.8566,384.33,7,382.4,365.6,106.6
2008/11/17,2008.8757,384.57,6,383.25,366.1,106.52
2008/11/24,2008.8948,384.72,7,383.08,366.01,106.36
2008/12/1,2008.9139,385.28,7,383.92,366.85,106.63
2008/12/8,2008.9331,385.52,7,383.94,366.95,106.59
2008/12/15,2008.9522,385.77,7,384.7,367.49,106.56
2008/12/22,2008.9713,386.15,7,384.18,367.45,106.69
2008/12/29,2008.9904,386.46,5,384.96,367.78,106.65
2009/1/5,2009.0096,386.63,7,384.7,368.13,106.58
2009/1/12,2009.0288,387.24,7,385.85,368.11,106.98
2009/1/19,2009.0479,387.37,7,386.11,368.05,106.91
2009/1/26,2009.0671,387.74,6,387.07,369.44,107.12
2009/2/2,2009.0863,387.25,6,386.27,369.38,106.5
2009/2/9,2009.1055,387.16,6,386.28,369.36,106.3
2009/2/16,2009.1247,387.84,7,385.61,368.68,106.88
2009/2/23,2009.1438,388.45,7,385.72,369.23,107.39
2009/3/2,2009.163,389.3,6,385.89,368.25,108.12
2009/3/9,2009.1822,389.03,6,386,369.55,107.69
2009/3/16,2009.2014,388.42,7,386.07,370.34,106.89
2009/3/23,2009.2205,389.51,6,386.89,370.93,107.75
2009/3/30,2009.2397,389.26,7,388.06,370.64,107.23
2009/4/6,2009.2589,389.65,7,387.32,371.95,107.33
2009/4/13,2009.2781,389.15,6,386.68,371.54,106.55
2009/4/20,2009.2973,389.78,7,386.8,370.42,106.93
2009/4/27,2009.3164,390.74,7,387.83,370.69,107.69
2009/5/4,2009.3356,389.98,6,388.45,371.66,106.8
2009/5/11,2009.3548,390.39,7,389.05,371.23,107.17
2009/5/18,2009.374,390.6,7,389.22,370.48,107.42
2009/5/25,2009.3932,390.62,7,388.77,370.93,107.58
2009/6/1,2009.4123,390.07,7,388.78,370.95,107.24
2009/6/8,2009.4315,390.42,7,387.74,370.46,107.88
2009/6/15,2009.4507,389.64,7,388.29,370.59,107.43
2009/6/22,2009.4699,388.73,6,387.59,370.01,106.89
2009/6/29,2009.489,388.9,6,-999.99,369.68,107.47
2009/7/6,2009.5082,388.7,5,-999.99,370.41,107.7
2009/7/13,2009.5274,388.57,4,-999.99,370.25,108.03
2009/7/20,2009.5466,387.9,6,386.6,369.09,107.82
2009/7/27,2009.5658,387.58,5,385.32,368.32,108
2009/8/3,2009.5849,387.28,7,385.38,367.85,108.2
2009/8/10,2009.6041,386.22,5,384.54,367.42,107.64
2009/8/17,2009.6233,385.91,7,383.94,366.7,107.82
2009/8/24,2009.6425,385.83,6,383.52,366.38,108.2
2009/8/31,2009.6616,385.36,7,383.68,365.18,108.13
2009/9/7,2009.6808,384.9,6,383.33,364.7,108
2009/9/14,2009.7,384.96,6,383.61,365.31,108.31
2009/9/21,2009.7192,384.84,7,383.31,365.06,108.34
2009/9/28,2009.7384,384.23,7,382.99,364.85,107.78
2009/10/5,2009.7575,384.08,6,383.1,365.34,107.58
2009/10/12,2009.7767,384.58,7,383.03,365.37,107.94
2009/10/19,2009.7959,384.92,7,383.28,365.87,108.08
2009/10/26,2009.8151,385.22,7,384.28,365.78,108.11
2009/11/2,2009.8342,385.58,7,384.02,366.17,108.18
2009/11/9,2009.8534,385.9,7,384.27,366.86,108.2
2009/11/16,2009.8726,386.55,7,384.55,367.06,108.53
2009/11/23,2009.8918,386.59,7,384.68,367.21,108.27
2009/11/30,2009.911,387.28,7,385.15,367.64,108.65
2009/12/7,2009.9301,387.18,6,385.51,368.17,108.25
2009/12/14,2009.9493,387.07,1,385.76,368.01,107.85
2009/12/21,2009.9685,388.61,3,386.06,368.41,109.11
2009/12/28,2009.9877,388.8,7,386.49,369.04,109.04
2010/1/4,2010.0068,388.37,7,386.57,368.9,108.4
2010/1/11,2010.026,388.54,6,387.15,369.2,108.33
2010/1/18,2010.0452,388.54,7,387.4,370.16,108.12
2010/1/25,2010.0644,389.21,7,387.65,370.14,108.61
2010/2/1,2010.0836,390.91,5,387.32,369.42,110.15
2010/2/8,2010.1027,390.55,6,387.03,369.88,109.67
2010/2/15,2010.1219,390.43,6,387.85,370.14,109.43
2010/2/22,2010.1411,389.79,3,388.23,369.65,108.69
2010/3/1,2010.1603,391.14,6,389.35,370.42,109.93
2010/3/8,2010.1795,391.59,6,389.02,370.09,110.24
2010/3/15,2010.1986,391.38,4,388.33,370.97,109.87
2010/3/22,2010.2178,390.5,6,389.48,370.99,108.78
2010/3/29,2010.237,391.96,7,389.24,371.23,110
2010/4/5,2010.2562,391.39,6,389.64,371.46,109.16
2010/4/12,2010.2753,392.93,5,389.46,372.2,110.42
2010/4/19,2010.2945,393.53,7,389.29,372.42,110.76
2010/4/26,2010.3137,393.42,6,390.94,372.04,110.43
2010/5/3,2010.3329,393.2,6,389.96,371.14,110.05
2010/5/10,2010.3521,392.81,7,390.35,371.9,109.59
2010/5/17,2010.3712,393.64,7,390.53,371.81,110.44
2010/5/24,2010.3904,392.93,6,390.8,372.08,109.83
2010/5/31,2010.4096,393.51,7,389.91,372.19,110.61
2010/6/7,2010.4288,392.99,7,390.49,371.97,110.36
2010/6/14,2010.4479,392.1,6,389.8,371.97,109.8
2010/6/21,2010.4671,391.86,6,388.85,371.87,109.94
2010/6/28,2010.4863,391.36,7,388.89,371.28,109.85
2010/7/5,2010.5055,390.77,7,388.66,370.24,109.69
2010/7/12,2010.5247,390.06,7,388.61,370.34,109.43
2010/7/19,2010.5438,390.47,5,387.99,370.06,110.3
2010/7/26,2010.563,390.04,7,387.68,369.09,110.36
2010/8/2,2010.5822,389.07,6,387.35,369.04,109.89
2010/8/9,2010.6014,389.02,7,386.37,368.6,110.34
2010/8/16,2010.6205,388.67,5,385.87,368.37,110.48
2010/8/23,2010.6397,387.8,5,386.15,367.68,110.09
2010/8/30,2010.6589,387.72,7,385.18,367.67,110.43
2010/9/6,2010.6781,386.32,6,385.12,367.15,109.39
2010/9/13,2010.6973,387.24,7,384.91,367.47,110.59
2010/9/20,2010.7164,386.96,7,384.97,366.79,110.48
2010/9/27,2010.7356,386.97,7,384.33,366.87,110.57
2010/10/4,2010.7548,387.14,7,383.84,366.71,110.7
2010/10/11,2010.774,387.02,7,384.6,367.01,110.46
2010/10/18,2010.7932,387.62,7,384.87,367.15,110.84
2010/10/25,2010.8123,388.02,7,385.15,367.68,110.98
2010/11/1,2010.8315,388.24,7,385.56,368.05,110.9
2010/11/8,2010.8507,388.25,7,385.8,368.27,110.59
2010/11/15,2010.8699,388.82,7,386.53,368.82,110.84
2010/11/22,2010.889,389.69,7,386.51,368.52,111.39
2010/11/29,2010.9082,389.86,6,387.14,369.23,111.27
2010/12/6,2010.9274,389.97,6,387.33,369.81,111.09
2010/12/13,2010.9466,389.64,7,387.04,369.71,110.48
2010/12/20,2010.9658,390.34,7,388.97,369.85,110.91
2010/12/27,2010.9849,390.14,6,388.29,370.01,110.44
2011/1/3,2011.0041,391.74,7,388.7,370.4,111.77
2011/1/10,2011.0233,390.96,6,388.58,370.67,110.76
2011/1/17,2011.0425,391.7,6,388.67,370.61,111.31
2011/1/24,2011.0616,391.56,7,389.05,370.89,111
2011/1/31,2011.0808,392.26,7,390.13,371.68,111.55
2011/2/7,2011.1,391.63,7,391.03,371.57,110.8
2011/2/14,2011.1192,391.84,7,390.39,372.1,110.9
2011/2/21,2011.1384,392.24,7,390.34,371.55,111.2
2011/2/28,2011.1575,392.26,7,390.59,372.04,111.08
2011/3/7,2011.1767,392.07,7,391.72,372.42,110.75
2011/3/14,2011.1959,392.69,7,391.36,372.7,111.18
2011/3/21,2011.2151,393.09,6,390.42,372.72,111.36
2011/3/28,2011.2342,394.21,6,391.86,372.53,112.24
2011/4/4,2011.2534,393.19,7,391.42,372.65,110.94
2011/4/11,2011.2726,393.28,7,392.6,373.9,110.74
2011/4/18,2011.2918,393.73,6,393.7,373.97,110.94
2011/4/25,2011.311,393.5,6,393.33,373.74,110.49
2011/5/2,2011.3301,394.33,6,393.26,373.73,111.16
2011/5/9,2011.3493,393.08,7,392.73,374.12,109.84
2011/5/16,2011.3685,395.1,7,393.61,373.85,111.87
2011/5/23,2011.3877,395.29,6,393.19,374.17,112.16
2011/5/30,2011.4068,394.41,7,393.43,374.04,111.46
2011/6/6,2011.426,393.7,5,393.04,373.57,111.01
2011/6/13,2011.4452,394,7,392.24,373.19,111.63
2011/6/20,2011.4644,393.75,7,391.9,373.36,111.74
2011/6/27,2011.4836,393.65,7,391.35,373.11,112.05
2011/7/4,2011.5027,393.71,7,390.86,372.64,112.53
2011/7/11,2011.5219,393.49,4,390.14,371.61,112.77
2011/7/18,2011.5411,391.52,6,390.49,371.39,111.28
2011/7/25,2011.5603,392.18,6,390.05,371.08,112.44
2011/8/1,2011.5795,391.4,7,389.2,370.85,112.16
2011/8/8,2011.5986,390.8,5,389.04,369.87,112.08
2011/8/15,2011.6178,390.34,7,388.82,369.4,112.13
2011/8/22,2011.637,389.59,7,387.87,369.57,111.86
2011/8/29,2011.6562,389.7,5,387.74,369.38,112.4
2011/9/5,2011.6753,389.24,4,386.41,368.35,112.32
2011/9/12,2011.6945,389.35,6,387.26,368.75,112.71
2011/9/19,2011.7137,389.29,7,387.01,368.15,112.84
2011/9/26,2011.7329,388.87,7,387,367.82,112.5
2011/10/3,2011.7521,388.98,7,387.09,368.3,112.59
2011/10/10,2011.7712,389.01,7,387.05,368.41,112.5
2011/10/17,2011.7904,389.23,7,387.44,368.43,112.53
2011/10/24,2011.8096,389.44,7,388.05,368.97,112.48
2011/10/31,2011.8288,389.81,7,388.03,369.26,112.55
2011/11/7,2011.8479,389.97,6,388.43,369.3,112.39
2011/11/14,2011.8671,390.66,6,388.63,370.03,112.75
2011/11/21,2011.8863,390.7,7,389.67,370.5,112.46
2011/11/28,2011.9055,391.34,7,389.72,370.63,112.78
2011/12/5,2011.9247,391.56,7,390.06,370.95,112.7
2011/12/12,2011.9438,392.21,6,389.73,371.51,113.06
2011/12/19,2011.963,392.65,4,390.21,371.45,113.22
2011/12/26,2011.9822,392.4,7,390.07,371.9,112.71
2012/1/2,2012.0014,393.15,7,391.51,372.47,113.2
2012/1/9,2012.0205,393.57,6,391.32,372.43,113.44
2012/1/16,2012.0396,393.17,7,391.59,372.97,112.89
2012/1/23,2012.0587,393.53,7,391.36,372.68,113.11
2012/1/30,2012.0779,393.43,6,392.32,372.93,112.87
2012/2/6,2012.097,393.9,7,391.69,373.36,113.22
2012/2/13,2012.1161,393.68,7,391.79,373,112.86
2012/2/20,2012.1352,394.61,5,392.1,373.25,113.65
2012/2/27,2012.1544,394.45,7,392.41,374.25,113.32
2012/3/5,2012.1735,393.73,7,391.66,373.96,112.42
2012/3/12,2012.1926,394.46,7,392.91,374.22,112.92
2012/3/19,2012.2117,394.98,7,393.09,374.96,113.19
2012/3/26,2012.2309,395.32,6,394.37,374.27,113.27
2012/4/2,2012.25,395.51,7,393.3,374.69,113.17
2012/4/9,2012.2691,396.81,6,393.03,374.7,114.19
2012/4/16,2012.2883,396.35,7,393.99,375.42,113.48
2012/4/23,2012.3074,396.8,7,393.39,375.66,113.73
2012/4/30,2012.3265,397.11,7,394.2,376.15,113.89
2012/5/7,2012.3456,397.32,7,392.92,375.63,114.03
2012/5/14,2012.3648,397.18,7,394.86,375.47,113.91
2012/5/21,2012.3839,396.31,7,395.34,376.08,113.14
2012/5/28,2012.403,396.48,6,394.34,376.41,113.49
2012/6/4,2012.4221,395.93,7,393.96,376.03,113.19
2012/6/11,2012.4413,396.43,6,393.85,375.58,114.01
2012/6/18,2012.4604,395.77,7,393.81,375.57,113.71
2012/6/25,2012.4795,395.45,6,393.77,375.45,113.8
2012/7/2,2012.4986,395.15,6,393.67,374.98,113.93
2012/7/9,2012.5178,394.56,6,393.48,374.58,113.79
2012/7/16,2012.5369,394.66,7,391.92,374.09,114.37
2012/7/23,2012.556,394.28,4,392.02,373.36,114.48
2012/7/30,2012.5751,393.62,7,391.52,373.51,114.33
2012/8/6,2012.5943,393.43,6,390.9,372.61,114.66
2012/8/13,2012.6134,392.71,7,390.34,371.64,114.44
2012/8/20,2012.6325,391.57,7,389.85,371.62,113.8
2012/8/27,2012.6516,391.99,7,389.46,370.95,114.66
2012/9/3,2012.6708,392.06,6,389.29,370.39,115.13
2012/9/10,2012.6899,391.1,6,389.34,371.81,114.47
2012/9/17,2012.709,390.99,7,389.36,370.93,114.58
2012/9/24,2012.7281,391.09,6,388.86,370.69,114.79
2012/10/1,2012.7473,391.02,7,389.01,370,114.73
2012/10/8,2012.7664,391.18,6,388.91,370.3,114.78
2012/10/15,2012.7855,391.11,6,389.24,371.4,114.52
2012/10/22,2012.8046,391.56,6,389.43,370.68,114.7
2012/10/29,2012.8238,391.78,6,389.78,371.48,114.6
2012/11/5,2012.8429,392.52,7,389.82,372.16,114.98
2012/11/12,2012.862,393.48,7,390.65,372.05,115.57
2012/11/19,2012.8811,393.39,7,390.7,373.03,115.12
2012/11/26,2012.9003,393.93,7,391.27,372.89,115.32
2012/12/3,2012.9194,393.88,6,391.44,373.45,114.95
2012/12/10,2012.9385,394.62,7,392.08,373.68,115.4
2012/12/17,2012.9577,394.75,7,392.81,373.9,115.28
2012/12/24,2012.9768,395.06,6,392.36,374.66,115.36
2012/12/31,2012.9959,394.73,6,393.06,374.83,114.89
2013/1/7,2013.0151,395.59,6,393.1,374.82,115.58
2013/1/14,2013.0342,396.21,6,393.54,375.18,116.04
2013/1/21,2013.0534,396.01,7,393.55,375.17,115.69
2013/1/28,2013.0726,395.99,7,393.34,375.55,115.54
2013/2/4,2013.0918,396.86,6,393.94,375.33,116.28
2013/2/11,2013.111,397.2,6,393.51,375.45,116.5
2013/2/18,2013.1301,397.37,7,394.68,376.59,116.53
2013/2/25,2013.1493,396.96,6,394.34,376.1,115.96
2013/3/4,2013.1685,397.88,6,393.97,376.48,116.68
2013/3/11,2013.1877,397.17,7,394.17,376.45,115.73
2013/3/18,2013.2068,397.58,7,394.91,376.38,115.86
2013/3/25,2013.226,398.19,7,395.41,377.25,116.17
2013/4/1,2013.2452,398.3,6,395.44,377.03,115.97
2013/4/8,2013.2644,398,7,396.74,377.37,115.34
2013/4/15,2013.2836,398.19,2,396.24,378.26,115.24
2013/4/22,2013.3027,399.44,6,396.84,378.62,116.24
2013/4/29,2013.3219,399.76,6,397.01,378.72,116.38
2013/5/6,2013.3411,399.75,6,397.27,378.15,116.29
2013/5/13,2013.3603,399.98,5,397.36,378.6,116.52
2013/5/20,2013.3795,400.17,7,396.25,379.44,116.81
2013/5/27,2013.3986,400.12,7,396.64,378.73,116.95
2013/6/3,2013.4178,399.4,7,395.87,378.75,116.5
2013/6/10,2013.437,398.8,6,396.5,378.6,116.23
2013/6/17,2013.4562,398.33,7,395.79,378.28,116.14
2013/6/24,2013.4753,398.84,4,395.73,378.41,117.07
2013/7/1,2013.4945,398.43,5,394.99,377.48,117.11
2013/7/8,2013.5137,397.93,4,394.7,376.92,117.08
2013/7/15,2013.5329,397.27,4,394.55,377.34,116.9
2013/7/22,2013.5521,397.01,6,394.43,376.49,117.15
2013/7/29,2013.5712,396.87,6,393.66,376.04,117.54
2013/8/5,2013.5904,395.86,6,393.55,374.97,117.07
2013/8/12,2013.6096,395.32,6,392.78,375.04,117.06
2013/8/19,2013.6288,395.34,5,391.66,374.06,117.59
2013/8/26,2013.6479,394.42,7,392.01,373.61,117.14
2013/9/2,2013.6671,394.05,7,392.12,373.48,117.17
2013/9/9,2013.6863,393.59,6,391.2,373.18,117.03
2013/9/16,2013.7055,393.73,5,390.94,373.11,117.39
2013/9/23,2013.7247,393.58,6,391.13,373.54,117.34
2013/9/30,2013.7438,393.52,7,390.99,373.42,117.26
2013/10/7,2013.763,393.55,7,391.24,373.06,117.18
2013/10/14,2013.7822,393.88,4,391.03,372.91,117.3
2013/10/21,2013.8014,394.19,7,391.56,373.7,117.33
2013/10/28,2013.8205,394.44,7,391.65,373.58,117.25
2013/11/4,2013.8397,394.67,7,392.37,374.1,117.12
2013/11/11,2013.8589,395.73,7,393.36,374.77,117.83
2013/11/18,2013.8781,395.07,7,393.47,375.26,116.82
2013/11/25,2013.8973,396.2,7,393.84,375.36,117.63
2013/12/2,2013.9164,396.46,7,393.79,375.52,117.6
2013/12/9,2013.9356,396.33,7,394.55,376.2,117.19
2013/12/16,2013.9548,397.61,6,394.81,376.38,118.23
2013/12/23,2013.974,397.46,7,395,376.34,117.85
2013/12/30,2013.9932,397.6,7,394.73,376.53,117.68
2014/1/6,2014.0123,398.41,7,395.59,376.53,118.3
2014/1/13,2014.0315,397.93,7,396.23,377.17,117.65
2014/1/20,2014.0507,398.15,7,396.09,377.38,117.74
2014/1/27,2014.0699,398.02,7,395.95,378.2,117.5
2014/2/3,2014.089,398.16,7,396.71,378.04,117.54
2014/2/10,2014.1082,398.06,7,396.96,378.65,117.35
2014/2/17,2014.1274,398.27,6,397.49,377.61,117.46
2014/2/24,2014.1466,398.47,7,397.04,377.92,117.52
2014/3/3,2014.1658,398.64,5,397.83,378.42,117.51
2014/3/10,2014.1849,400.07,6,397.09,378.94,118.72
2014/3/17,2014.2041,401.36,3,397.47,379.55,119.73
2014/3/24,2014.2233,400.3,5,398.18,378.71,118.36
2014/3/31,2014.2425,400.8,7,398.4,379.9,118.52
2014/4/7,2014.2616,401.29,7,398.09,380.59,118.68
2014/4/14,2014.2808,401.72,5,397.38,380.82,118.79
2014/4/21,2014.3,401.77,7,399.22,380.81,118.58
2014/4/28,2014.3192,401.92,6,399.8,380.54,118.54
2014/5/5,2014.3384,401.9,3,399.82,381.17,118.42
2014/5/12,2014.3575,401.91,2,399.92,380.72,118.43
2014/5/19,2014.3767,401.93,7,400.16,380.47,118.54
2014/5/26,2014.3959,402,7,400.29,381.2,118.78
2014/6/2,2014.4151,401.99,7,399.43,379.96,119.04
2014/6/9,2014.4342,401.68,6,398.79,380.38,119.05
2014/6/16,2014.4534,401.21,7,398.44,380.23,118.95
2014/6/23,2014.4726,401.12,6,398.67,379.55,119.26
2014/6/30,2014.4918,400.43,7,398.5,379.17,119.01
2014/7/7,2014.511,400.12,7,397.93,378.48,119.16
2014/7/14,2014.5301,399.1,5,397.27,378,118.63
2014/7/21,2014.5493,399.12,5,396.86,376.76,119.17
2014/7/28,2014.5685,397.77,5,396.98,376.52,118.34
2014/8/4,2014.5877,398.06,4,396.12,376.91,119.18
2014/8/11,2014.6068,397.5,5,395.38,376.27,119.16
2014/8/18,2014.626,397.04,4,395.35,375.91,119.23
2014/8/25,2014.6452,396.59,5,394.55,376.59,119.26
2014/9/1,2014.6644,396.63,4,394.14,374.17,119.73
2014/9/8,2014.6836,395.27,6,393.62,374.57,118.71
2014/9/15,2014.7027,395.33,3,393.66,374.42,119.01
2014/9/22,2014.7219,395.71,6,393.55,374.55,119.51
2014/9/29,2014.7411,395.58,6,393.51,374.34,119.39
2014/10/6,2014.7603,395.82,7,393.59,374.24,119.54
2014/10/13,2014.7795,395.91,5,393.76,374.41,119.45
2014/10/20,2014.7986,396.12,5,394.14,374.8,119.4
2014/10/27,2014.8178,397.81,5,394.4,375.22,120.77
2014/11/3,2014.837,397.04,7,394.66,375.52,119.66
2014/11/10,2014.8562,397.46,6,395.72,375.61,119.71
2014/11/17,2014.8753,397.6,7,394.93,377.12,119.48
2014/11/24,2014.8945,398.15,5,396.13,376.93,119.68
2014/12/1,2014.9137,398.47,7,396.4,377.06,119.67
2014/12/8,2014.9329,399.39,5,396.35,377.7,120.27
2014/12/15,2014.9521,399.36,7,397.43,377.5,119.96
2014/12/22,2014.9712,399.11,7,397.44,377.95,119.45
2014/12/29,2014.9904,400.03,7,397.55,378.07,120.14
2015/1/5,2015.0096,400.05,7,398.47,378.31,119.99
2015/1/12,2015.0288,400.36,6,397.7,378.65,120.14
2015/1/19,2015.0479,399.7,7,398.32,378.55,119.35
2015/1/26,2015.0671,400.39,7,397.99,378.94,119.92
2015/2/2,2015.0863,400.44,7,398.15,379.54,119.86
2015/2/9,2015.1055,400.14,7,398.08,379.39,119.47
2015/2/16,2015.1247,400.11,7,398.21,379.98,119.32
2015/2/23,2015.1438,401.53,7,398.63,380.45,120.62
2015/3/2,2015.163,401.48,4,398.36,381.4,120.39
2015/3/9,2015.1822,402.23,6,399.88,380.46,120.94
2015/3/16,2015.2014,400.98,6,401.01,381.48,119.42
2015/3/23,2015.2205,401.97,7,400.34,380.11,120.11
2015/3/30,2015.2397,402,5,400.69,382.33,119.81
2015/4/6,2015.2589,403.4,4,401.34,382.53,120.86
2015/4/13,2015.2781,404.23,6,401.51,382.25,121.36
2015/4/20,2015.2973,403.27,7,401.69,382.46,120.1
2015/4/27,2015.3164,403.99,7,401.95,382.97,120.6
2015/5/4,2015.3356,404.33,6,401.94,381.81,120.81
2015/5/11,2015.3548,404.16,7,401.49,382.3,120.61
2015/5/18,2015.374,404.16,7,402.08,382.91,120.68
2015/5/25,2015.3932,403.99,7,401.79,383.15,120.69
2015/6/1,2015.4123,403.37,6,402.11,382.99,120.34
2015/6/8,2015.4315,403.41,7,401.54,382.74,120.71
2015/6/15,2015.4507,402.56,7,401.49,382.58,120.25
2015/6/22,2015.4699,402.88,7,401.18,382.06,121
2015/6/29,2015.489,402.33,7,400.49,381.47,120.91
2015/7/6,2015.5082,401.9,6,400.14,381.1,120.95
2015/7/13,2015.5274,401.57,5,399.45,381.28,121.12
2015/7/20,2015.5466,401.43,3,398.86,380.85,121.48
2015/7/27,2015.5658,400.38,7,398.15,380.26,120.94
2015/8/3,2015.5849,398.54,6,397.96,379.81,119.63
2015/8/10,2015.6041,399.37,6,397.49,379.23,121
2015/8/17,2015.6233,399.32,6,397.15,378.93,121.47
2015/8/24,2015.6425,399.04,7,396.69,378.1,121.68
2015/8/31,2015.6616,398.68,7,396.62,378.07,121.75
2015/9/7,2015.6808,397.96,6,395.34,377.35,121.39
2015/9/14,2015.7,397.43,4,395.23,376.44,121.12
2015/9/21,2015.7192,397.52,7,395.76,376.45,121.35
2015/9/28,2015.7384,397.41,5,395.56,376.69,121.27
2015/10/5,2015.7575,398.56,7,395.84,376.87,122.32
2015/10/12,2015.7767,398.37,6,395.88,377.1,121.93
2015/10/19,2015.7959,398.71,6,396.11,-999.99,121.99
2015/10/26,2015.8151,398.68,7,397.61,377.7,121.62
2015/11/2,2015.8342,399.26,6,397.05,378.03,121.82
2015/11/9,2015.8534,400.22,5,397.34,378.14,122.4
2015/11/16,2015.8726,400.55,6,397.69,379.05,122.35
2015/11/23,2015.8918,400.58,7,397.98,378.78,122.02
2015/11/30,2015.911,401,7,398.41,379.22,122.13
2015/12/7,2015.9301,401.52,6,399.29,380.12,122.36
2015/12/14,2015.9493,402.55,7,399.36,380.41,123.13
2015/12/21,2015.9685,402.81,7,399.16,380.44,123.16
2015/12/28,2015.9877,402.28,7,399.79,380.74,122.42
2016/1/4,2016.0068,402.32,5,400.09,381.37,122.31
2016/1/11,2016.026,402.65,5,400.32,381.5,122.45
2016/1/18,2016.0451,402.78,7,399.7,381.74,122.41
2016/1/25,2016.0642,403.33,7,400.25,381.84,122.81
2016/2/1,2016.0833,404.75,5,400.42,381.97,124.1
2016/2/8,2016.1025,403.98,5,400.26,382.56,123.22
2016/2/15,2016.1216,403.85,7,400.04,382.6,122.98
2016/2/22,2016.1407,404.59,7,401.45,382.22,123.61
2016/2/29,2016.1598,404.24,7,401.33,382.4,123.13
2016/3/7,2016.179,404.18,6,402.09,383.09,122.9
2016/3/14,2016.1981,404.97,7,401.23,383.17,123.48
2016/3/21,2016.2172,405.85,5,401.65,382.92,124.1
2016/3/28,2016.2363,405.64,7,402.39,382.63,123.59
2016/4/4,2016.2555,406.78,4,402.96,384.61,124.4
2016/4/11,2016.2746,408.91,6,404.35,384.9,126.19
2016/4/18,2016.2937,407.64,7,403.4,385.01,124.59
2016/4/25,2016.3128,407.9,5,403.84,384.92,124.58
2016/5/2,2016.332,407.73,7,404.29,385.2,124.22
2016/5/9,2016.3511,408.05,7,404.05,385.19,124.45
2016/5/16,2016.3702,407.49,7,404.26,385.51,123.9
2016/5/23,2016.3893,408.51,6,403.97,385.1,125.05
2016/5/30,2016.4085,407.64,5,403.54,384.85,124.42
2016/6/6,2016.4276,407.04,7,403.46,384.33,124.15
2016/6/13,2016.4467,407.39,6,402.59,384.42,124.89
2016/6/20,2016.4658,406.85,6,402.96,384.05,124.8
2016/6/27,2016.485,406.17,5,402.29,383.52,124.6
2016/7/4,2016.5041,405.75,6,401.95,383.31,124.68
2016/7/11,2016.5232,404.68,6,401.84,382.97,124.13
2016/7/18,2016.5423,403.59,7,401.14,381.98,123.56
2016/7/25,2016.5615,404.04,7,400.6,382.26,124.54
2016/8/1,2016.5806,403.68,6,398.61,381.4,124.7
2016/8/8,2016.5997,403.08,5,399.43,380.99,124.63
2016/8/15,2016.6189,402.05,4,399.28,380.39,124.12
2016/8/22,2016.638,402.11,7,399.15,380.05,124.66
2016/8/29,2016.6571,401.16,5,398.68,379.51,124.15
2016/9/5,2016.6762,401.18,6,398.1,378.91,124.55
2016/9/12,2016.6954,401.47,6,397.49,379.29,125.11
2016/9/19,2016.7145,401.08,7,397.5,378.82,124.9
2016/9/26,2016.7336,400.94,5,397.46,379.17,124.8
2016/10/3,2016.7527,401.13,7,398.69,379.06,124.94
2016/10/10,2016.7719,401.78,6,398.22,379.07,125.41
2016/10/17,2016.791,401.86,7,398.68,379.12,125.23
2016/10/24,2016.8101,402.35,6,398.7,379.74,125.4
2016/10/31,2016.8292,403,7,399.15,379.82,125.68
2016/11/7,2016.8484,403,6,399.75,379.99,125.31
2016/11/14,2016.8675,403.79,6,400.8,380.17,125.73
2016/11/21,2016.8866,404.19,7,400.5,380.75,125.79
2016/11/28,2016.9057,404.75,5,400.96,381.49,126.03
2016/12/5,2016.9249,404.09,7,401.46,381.68,125.08
2016/12/12,2016.944,405.02,6,402.58,382,125.75
2016/12/19,2016.9631,404.62,7,402.83,382.32,125.1
2016/12/26,2016.9822,404.96,7,402.3,382.24,125.22
2017/1/2,2017.0014,406.14,7,402.24,382.29,126.12
2017/1/9,2017.0205,406.2,7,402.57,383.14,125.99
2017/1/16,2017.0397,406.41,7,402.8,382.42,126.03
2017/1/23,2017.0589,406.71,4,403.34,384.12,126.19
2017/1/30,2017.0781,406.43,6,404.03,383.83,125.8
2017/2/6,2017.0973,406.26,7,404.6,383.59,125.53
2017/2/13,2017.1164,406.14,7,403.67,385.21,125.32
2017/2/20,2017.1356,407.17,5,404.64,384.7,126.25
2017/2/27,2017.1548,407.6,7,404.3,384.26,126.56
2017/3/6,2017.174,406.34,2,403.95,383.68,125.14
2017/3/13,2017.1932,407.77,6,404.92,384.61,126.37
2017/3/20,2017.2123,407.02,6,405.72,385.45,125.35
2017/3/27,2017.2315,408.6,7,405.78,386.1,126.62
2017/4/3,2017.2507,407.84,6,406.41,386.04,125.52
2017/4/10,2017.2699,409.03,6,409.03,385.97,126.37
2017/4/17,2017.289,409.84,6,407.69,387.7,126.85
2017/4/24,2017.3082,410.17,6,407.76,387.08,126.88
2017/5/1,2017.3274,409.39,5,407.88,386.67,125.9
2017/5/8,2017.3466,409.52,7,407.98,386.69,125.91
2017/5/15,2017.3658,410.6,5,407.58,386.53,126.99
2017/5/22,2017.3849,410.2,7,408.36,387.02,126.7
2017/5/29,2017.4041,409.77,7,407.75,387.15,126.49
2017/6/5,2017.4233,409.89,7,406.95,387.04,126.92
2017/6/12,2017.4425,409.63,4,407.46,386.59,127.04
2017/6/19,2017.4616,408.51,6,407.01,385.84,126.37
2017/6/26,2017.4808,407.95,7,406.15,385.39,126.29
2017/7/3,2017.5,408.28,5,405.83,385.49,127.12
2017/7/10,2017.5192,407.26,7,404.71,385.3,126.62
2017/7/17,2017.5384,407.01,7,403.86,384.22,126.9
2017/7/24,2017.5575,406.92,6,403.83,384.05,127.35
2017/7/31,2017.5767,406.67,6,403.75,382.92,127.63
2017/8/7,2017.5959,405.73,7,403.28,382.68,127.23
2017/8/14,2017.6151,405.39,6,402.1,382.04,127.4
2017/8/21,2017.6342,404.74,7,402.19,382.35,127.23
2017/8/28,2017.6534,404.39,7,401.23,381.76,127.32
2017/9/4,2017.6726,403.89,6,401.2,381.66,127.19
2017/9/11,2017.6918,403.87,7,401.34,380.82,127.45
2017/9/18,2017.711,403.25,5,401.28,381.05,127
2017/9/25,2017.7301,402.95,6,400.92,380.98,126.77
2017/10/2,2017.7493,403.15,6,401.05,381.09,126.92
2017/10/9,2017.7685,403.61,7,401.69,381.11,127.25
2017/10/16,2017.7877,404.14,6,401.86,381.35,127.55
2017/10/23,2017.8068,404.19,6,402.11,381.69,127.3
2017/10/30,2017.826,404.34,6,403.04,382,127.12
2017/11/6,2017.8452,404.44,7,403.11,382.29,126.86
2017/11/13,2017.8644,405.26,7,403.44,382.64,127.31
2017/11/20,2017.8836,406.31,5,404.03,383.24,128.01
2017/11/27,2017.9027,406.52,5,404.95,383.11,127.88
2017/12/4,2017.9219,406.94,7,404.13,383.9,127.98
2017/12/11,2017.9411,406.74,7,404.83,383.96,127.49
2017/12/18,2017.9603,406.99,7,404.74,384.51,127.47
2017/12/25,2017.9795,407.41,7,404.88,384.36,127.64
2018/1/1,2017.9986,407.57,7,405.99,385.01,127.65
2018/1/8,2018.0178,408.33,6,406.26,384.69,128.2
2018/1/15,2018.037,408.08,7,406.31,386.21,127.77
2018/1/22,2018.0562,408.47,6,406.97,386.48,127.99
2018/1/29,2018.0753,408.07,7,406.25,386.84,127.46
2018/2/5,2018.0945,408.4,7,406.33,386.28,127.66
2018/2/12,2018.1137,408.56,7,406.16,386.17,127.72
2018/2/19,2018.1329,408.65,7,406.99,385.44,127.71
2018/2/26,2018.1521,409.09,7,407.58,385.55,128.03
2018/3/5,2018.1712,410.03,7,406.79,386.18,128.82
2018/3/12,2018.1904,408.91,6,407.77,385.9,127.51
2018/3/19,2018.2096,409.32,7,406.82,386.17,127.69
2018/3/26,2018.2288,410.22,6,408.53,387,128.3
2018/4/2,2018.2479,409.39,7,407.93,388.61,127.15
2018/4/9,2018.2671,409.65,4,408.82,386.87,127.07
2018/4/16,2018.2863,411.26,2,409.76,386.8,128.35
2018/4/23,2018.3055,411.88,6,410.18,387.7,128.68
2018/4/30,2018.3247,409.86,5,409.28,387.44,126.43
2018/5/7,2018.3438,411.26,4,409.68,389.01,127.69
2018/5/14,2018.363,412.07,7,410.37,389.12,128.47
2018/5/21,2018.3822,411.65,5,410.23,389.07,128.14
2018/5/28,2018.4014,411.61,7,409.79,388.87,128.29
2018/6/4,2018.4205,411.14,7,409.96,388.63,128.11
2018/6/11,2018.4397,411.36,7,409.73,387.81,128.71
2018/6/18,2018.4589,410.56,6,408.57,387.94,128.33
2018/6/25,2018.4781,410.76,7,408.11,387.52,129.01
2018/7/2,2018.4973,409.6,5,408.14,-999.99,128.34
2018/7/9,2018.5164,409.35,6,407.24,-999.99,128.61
2018/7/16,2018.5356,408.74,7,407.12,-999.99,128.52
2018/7/23,2018.5548,408.48,7,406.98,386.2,128.78
2018/7/30,2018.574,407.65,6,406.69,385.3,128.48
2018/8/6,2018.5932,407.42,7,405.75,385.32,128.78
2018/8/13,2018.6123,407.26,7,405.58,384.14,129.14
2018/8/20,2018.6315,407.03,7,404.73,383.79,129.4
2018/8/27,2018.6507,406.3,7,404.47,383.51,129.12
2018/9/3,2018.6699,405.68,7,404.11,383.72,128.89
2018/9/10,2018.689,405.58,7,403.77,383.28,129.1
2018/9/17,2018.7082,405.88,7,403.36,383.54,129.6
2018/9/24,2018.7274,405.74,6,402.99,383.24,129.56
2018/10/1,2018.7466,405.69,7,403.1,382.99,129.5
2018/10/8,2018.7658,405.77,7,403.58,383.01,129.45
2018/10/15,2018.7849,406.2,6,404.01,383.15,129.66
2018/10/22,2018.8041,406.81,7,404.23,383.26,129.97
2018/10/29,2018.8233,406.67,6,404.27,384.18,129.5
2018/11/5,2018.8425,407.18,5,404.45,384.02,129.65
2018/11/12,2018.8616,408.94,5,405.09,384.37,131.04
2018/11/19,2018.8808,408.78,6,406.23,384.64,130.52
2018/11/26,2018.9,408.58,7,406.46,384.7,130
2018/12/3,2018.9192,408.68,6,407.02,385.33,129.8
2018/12/10,2018.9384,409.6,7,406.5,385.61,130.43
2018/12/17,2018.9575,409.51,7,407.08,385.78,130.08
2018/12/24,2018.9767,409.33,7,407.37,386.2,129.66
2018/12/31,2018.9959,409.8,7,407.58,386.48,129.9
2019/1/7,2019.0151,410.86,6,408.04,386.64,130.76
2019/1/14,2019.0342,410.55,4,408.2,387.36,130.27
2019/1/21,2019.0534,412.19,6,408.51,387.39,131.74
2019/1/28,2019.0726,411.23,7,408.15,387.81,130.63
2019/2/4,2019.0918,411.83,7,408.01,387.21,131.11
2019/2/11,2019.111,412.63,6,408.75,387.39,131.8
2019/2/18,2019.1301,411.19,7,408.65,387.83,130.26
2019/2/25,2019.1493,412.62,7,408.97,388.64,131.57
2019/3/4,2019.1685,412.37,7,409.98,389.19,131.18
2019/3/11,2019.1877,412.37,7,409.12,388.93,131
2019/3/18,2019.2068,412.02,7,409.25,388.5,130.42
2019/3/25,2019.226,411.53,4,410.1,389.53,129.66
2019/4/1,2019.2452,412.4,6,409.35,389.34,130.21
2019/4/8,2019.2644,413.35,6,409.65,389.72,130.83
2019/4/15,2019.2836,413.82,7,411.19,388.88,130.96
2019/4/22,2019.3027,413.99,6,411.92,390.16,130.82
2019/4/29,2019.3219,414.52,6,410.07,390.58,131.12
2019/5/6,2019.3411,414.54,7,410.97,390.01,130.99
2019/5/13,2019.3603,415.62,6,412.06,390.34,132.02
2019/5/20,2019.3795,414.97,6,411.65,390.75,131.44
2019/5/27,2019.3986,414.52,7,411.78,390.38,131.17
2019/6/3,2019.4178,414.62,6,411.08,390.28,131.55
2019/6/10,2019.437,414.31,6,411.41,390.39,131.6
2019/6/17,2019.4562,414.09,7,410.57,389.42,131.81
2019/6/24,2019.4753,413.65,6,410.92,388.77,131.83
2019/7/1,2019.4945,413.66,7,409.77,388.85,132.33
2019/7/8,2019.5137,412.32,7,409.27,388.7,131.5
2019/7/15,2019.5329,412.38,3,408.77,388.42,132.08
2019/7/22,2019.5521,411.08,5,408.55,387.88,131.31
2019/7/29,2019.5712,410.29,7,407.74,387.49,131.05
2019/8/5,2019.5904,410.56,7,407.53,387.29,131.84
2019/8/12,2019.6096,410.5,7,407.26,386.16,132.3
2019/8/19,2019.6288,409.8,6,407.09,385.93,132.1
2019/8/26,2019.6479,409.68,6,406.49,385.79,132.44
2019/9/2,2019.6671,409.07,7,405.71,385.33,132.23
2019/9/9,2019.6863,408.84,7,405.5,384.9,132.32
2019/9/16,2019.7055,408.74,6,405.86,384.8,132.45
2019/9/23,2019.7247,408.55,7,405.83,384.96,132.37
2019/9/30,2019.7438,408.2,7,405.68,384.05,132.01
2019/10/7,2019.763,408.61,7,405.69,384.26,132.32
2019/10/14,2019.7822,408.85,7,406.18,384.65,132.35
2019/10/21,2019.8014,408.95,5,406.8,384.95,132.17
2019/10/28,2019.8205,409.52,6,406.63,385.27,132.4
2019/11/4,2019.8397,410.13,6,407.18,385.63,132.65
2019/11/11,2019.8589,410.42,6,409.12,385.97,132.57
2019/11/18,2019.8781,410.41,6,408.71,386.57,132.21
2019/11/25,2019.8973,410.95,7,408.62,386.72,132.41
2019/12/2,2019.9164,411.29,7,408.66,387.29,132.44
2019/12/9,2019.9356,411.55,7,409.42,387.11,132.42
2019/12/16,2019.9548,412.11,7,409.52,-999.99,132.72
2019/12/23,2019.974,412.43,7,409.44,388.38,132.8
2019/12/30,2019.9932,413.21,6,409.75,388.87,133.35
2020/1/6,2020.0123,413.6,7,410.13,388.41,133.53
2020/1/13,2020.0314,413.02,6,410.88,388.61,132.76
2020/1/20,2020.0505,413.87,7,412.4,388.47,133.44
2020/1/27,2020.0697,414.26,7,411.26,389.58,133.68
2020/2/3,2020.0888,414.53,7,411.31,390.87,133.83
2020/2/10,2020.1079,414.63,6,412.92,390.53,133.82
2020/2/17,2020.127,414.29,7,411.44,390.65,133.37
2020/2/24,2020.1462,413.95,7,412.46,388.96,132.92
2020/3/2,2020.1653,414.09,7,412.13,391.58,132.93
2020/3/9,2020.1844,414.34,6,412.79,391.47,133.01
2020/3/16,2020.2036,414.51,6,411.97,391.43,132.95
2020/3/23,2020.2227,415.78,4,411.46,390.97,133.96
2020/3/30,2020.2418,415.98,6,412.59,391.67,133.85
2020/4/6,2020.2609,416.68,7,412.88,391.32,134.21
2020/4/13,2020.2801,416.51,7,413.85,393.07,133.7
2020/4/20,2020.2992,416.12,6,413.93,393.48,133.01
2020/4/27,2020.3183,417.05,7,414.68,393.4,133.69
2020/5/4,2020.3374,417.06,6,414.32,393.17,133.53
2020/5/11,2020.3566,417.03,6,415.53,392.9,133.43
2020/5/18,2020.3757,417.21,5,414.95,393.67,133.66
2020/5/25,2020.3948,417.67,7,414.62,392.85,134.28
2020/6/1,2020.4139,417.44,6,414.51,393.49,134.3
2020/6/8,2020.4331,416.58,5,414.62,392.94,133.79
2020/6/15,2020.4522,416.5,7,414.01,392.04,134.13
2020/6/22,2020.4713,416.28,7,413.73,391.65,134.36
2020/6/29,2020.4904,415.67,7,413.62,391.35,134.24
2020/7/6,2020.5096,415.47,7,412.36,390.61,134.55
2020/7/13,2020.5287,414.76,7,412.63,390.03,134.35
2020/7/20,2020.5478,414.11,6,411.55,390.42,134.23
2020/7/27,2020.5669,413.45,7,410.2,389.96,134.09
2020/8/3,2020.5861,413.4,4,410.57,388.92,134.57
2020/8/10,2020.6052,412.98,6,410.53,389.07,134.66
2020/8/17,2020.6243,412.62,5,409.98,388.58,134.8
2020/8/24,2020.6434,412.19,7,409.65,387.66,134.85
2020/8/31,2020.6626,411.82,7,409.07,387.77,134.89
2020/9/7,2020.6817,411.6,7,409,386.44,135.01
2020/9/14,2020.7008,411.7,7,408.73,387.19,135.35
2020/9/21,2020.7199,411.23,6,408.57,387,135.03
2020/9/28,2020.7391,411.29,7,408.21,386.96,135.11
2020/10/5,2020.7582,411.28,7,408.56,387.17,135.02
2020/10/12,2020.7773,411.35,7,408.8,387.05,134.9
2020/10/19,2020.7964,411.75,6,408.96,387.73,135.04
2020/10/26,2020.8156,411.71,7,409.44,388.02,134.68
2020/11/2,2020.8347,411.99,6,410.1,388.22,134.6
2020/11/9,2020.8538,412.98,7,410.44,388.37,135.23
2020/11/16,2020.873,412.76,6,410.39,389.01,134.65
2020/11/23,2020.8921,414.07,6,410.86,389.68,135.62
2020/11/30,2020.9112,413.97,7,411.19,389.88,135.2
2020/12/7,2020.9303,413.63,7,411.51,390.01,134.57
2020/12/14,2020.9495,414.15,7,411.96,389.54,134.83
2020/12/21,2020.9686,414.84,6,412.52,390.46,135.27
2020/12/28,2020.9877,415.33,7,413.02,390.19,135.53
2021/1/4,2021.0068,415.38,7,413.61,391.84,135.37
2021/1/11,2021.026,415.07,5,412.98,390.83,134.86
2021/1/18,2021.0452,415.42,7,414.01,391.8,135.04
2021/1/25,2021.0644,416.01,7,413.96,391.68,135.48
