Date,co2_ppm,oil_futures,crude_oil,NG_F,NG_S,spring,summer,fall,winter
9/4/00,367.32,32.869999,33.08,4.88,4.66,0,0,1,0
9/11/00,367.33,35.099998,34.42,5.205,4.82,0,0,1,0
9/18/00,366.86,36.880001,34.7,5.131,5.05,0,0,1,0
9/25/00,366.86,31.57,35.49,5.2,5.17,0,0,1,0
10/2/00,366.78,32.150002,31.13,5,5.21,0,0,1,0
10/9/00,366.88,31.879999,31.27,5.535,5.2,0,0,1,0
10/16/00,367.14,33.099998,33.9,4.937,5.26,0,0,1,0
10/23/00,367.62,33.73,33.48,4.53,5.17,0,0,1,0
10/30/00,368,32.810001,33.92,4.91,4.68,0,0,1,0
11/6/00,368.2,32.860001,32.78,5.46,4.49,0,0,1,0
11/13/00,368.75,34.43,33.46,6.12,4.96,0,0,1,0
11/20/00,368.64,35.220001,35,6.577,5.78,0,0,1,0
11/27/00,368.85,35.380001,35.91,6.675,6.29,0,0,1,0
12/4/00,369.84,31.299999,34.1,8.585,6.18,0,0,0,1
12/11/00,369.83,29.450001,29.69,8.4,8.16,0,0,0,1
12/18/00,369.81,29.65,29.05,9.579,8.37,0,0,0,1
12/25/00,370.02,29.65,27.38,9.775,9.86,0,0,0,1
1/1/01,370.34,29.65,26.52,9.25,9.88,0,0,0,1
1/8/01,370.46,27.35,27.8,8.472,9.79,0,0,0,1
1/15/01,370.84,27.35,28.81,7.48,9.57,0,0,0,1
1/22/01,370.69,32,30.63,7.28,7.68,0,0,0,1
1/29/01,371.53,29.059999,31.35,6.743,7.07,0,0,0,1
2/5/01,371.76,30.5,29.59,6.21,6.23,0,0,0,1
2/12/01,372.14,30.549999,30.92,5.568,5.98,0,0,0,1
2/19/01,371.66,30.549999,29.67,5.15,5.63,0,0,0,1
2/26/01,371.9,28.440001,28.65,5.275,5.13,0,0,0,1
3/5/01,372.37,28.6,27.91,5.08,5.14,1,0,0,0
3/12/01,372.67,28,28.45,5.03,5.24,1,0,0,0
3/19/01,372.72,26.18,27.02,5.27,5.12,1,0,0,0
3/26/01,372.58,27.459999,26.42,5.03,5.2,1,0,0,0
4/2/01,372.63,25.59,26.86,5.388,5.39,1,0,0,0
4/9/01,373.79,27.34,26.76,5.381,5.27,1,0,0,0
4/16/01,373.9,28.790001,28.27,5.128,5.44,1,0,0,0
4/23/01,373.79,27.610001,27.89,4.867,5.21,1,0,0,0
4/30/01,373.73,28.459999,26.99,4.49,4.99,1,0,0,0
5/7/01,374.12,27.77,28.36,4.278,4.56,1,0,0,0
5/14/01,373.88,28.709999,28.12,4.291,4.22,1,0,0,0
5/21/01,374.09,29.98,29.08,3.973,4.31,1,0,0,0
5/28/01,374.07,29.98,28.92,3.93,4.05,1,0,0,0
6/4/01,373.65,28.129999,28.44,3.922,3.74,0,1,0,0
6/11/01,373.23,29.040001,27.98,3.979,3.79,0,1,0,0
6/18/01,373.3,27.549999,28.9,3.742,3.97,0,1,0,0
6/25/01,373.2,27.25,27.09,3.096,3.81,0,1,0,0
7/2/01,372.66,25.950001,26.37,3.235,3.3,0,1,0,0
7/9/01,371.52,27.59,26.87,3.25,3,0,1,0,0
7/16/01,371.48,26.059999,27.07,2.955,3.19,0,1,0,0
7/23/01,371.04,26.120001,25.26,3.167,3.07,0,1,0,0
7/30/01,371.06,26.629999,26.5,2.971,3.08,0,1,0,0
8/6/01,370.09,27.74,27.1,3.04,3.21,0,1,0,0
8/13/01,369.36,27.82,27.87,3.303,3.09,0,1,0,0
8/20/01,369.48,27.18,27.52,2.706,3.18,0,1,0,0
8/27/01,369.45,26.67,27.25,2.38,3.04,0,1,0,0
9/3/01,368.5,26.67,26.84,2.5,2.45,0,0,1,0
9/10/01,368.72,27.629999,27.38,2.552,2.34,0,0,1,0
9/17/01,368.21,28.809999,28.22,2.103,2.4,0,0,1,0
9/24/01,367.97,22.01,27.09,2.244,2.15,0,0,1,0
10/1/01,368.21,23.280001,22.35,2.227,1.9,0,0,1,0
10/8/01,368.46,22.450001,22.6,2.43,1.96,0,0,1,0
10/15/01,368.33,22.290001,22.66,2.681,2.21,0,0,1,0
10/22/01,368.87,21.76,21.92,3.041,2.42,0,0,1,0
10/29/01,369.29,22.15,21.78,3.248,2.86,0,0,1,0
11/5/01,369.29,20.02,21.17,2.925,3.06,0,0,1,0
11/12/01,370.01,21.23,20.7,2.637,2.72,0,0,1,0
11/19/01,370.4,17.719999,19.61,2.813,2.16,0,0,1,0
11/26/01,370.61,18.690001,18.28,2.701,2.18,0,0,1,0
12/3/01,370.96,20.09,19.13,2.568,2,0,0,0,1
12/10/01,371.4,18.370001,19.47,2.846,1.98,0,0,0,1
12/17/01,371.44,19.219999,18.45,2.895,2.45,0,0,0,1
12/24/01,371.87,19.219999,19.2,2.774,2.4,0,0,0,1
12/31/01,372.38,19.84,20.94,2.275,2.4,0,0,0,1
1/7/02,372.38,21.48,20.8,2.204,2.53,0,0,0,1
1/14/02,372.91,18.889999,20.54,2.236,2.38,0,0,0,1
1/21/02,372.75,18.889999,18.61,2.105,2.34,0,0,0,1
1/28/02,372.99,20.049999,19.21,2.14,2.18,0,0,0,1
2/4/02,373.13,20.059999,19.71,2.18,2.18,0,0,0,1
2/11/02,373.18,21.32,19.97,2.206,2.22,0,0,0,1
2/18/02,373.26,21.32,21.18,2.435,2.28,0,0,0,1
2/25/02,373.91,20.42,20.7,2.38,2.38,0,0,0,1
3/4/02,374.06,22.5,21.43,2.81,2.47,1,0,0,0
3/11/02,374.31,24.299999,23.31,3.06,2.67,1,0,0,0
3/18/02,374.81,25.049999,24.4,3.32,2.92,1,0,0,0
3/25/02,374.45,25.02,25.25,3.245,3.31,1,0,0,0
4/1/02,374.43,26.860001,25.86,3.27,3.4,1,0,0,0
4/8/02,374.7,26.549999,26.99,3.13,3.54,1,0,0,0
4/15/02,375.4,24.549999,25.24,3.53,3.21,1,0,0,0
4/22/02,375.59,26.299999,25.54,3.34,3.4,1,0,0,0
4/29/02,376.23,27.52,26.46,3.735,3.5,1,0,0,0
5/6/02,375.76,26.08,26.88,3.749,3.65,1,0,0,0
5/13/02,375.24,28.450001,27.27,3.565,3.65,1,0,0,0
5/20/02,376.1,28.200001,28.43,3.347,3.57,1,0,0,0
5/27/02,376.41,28.200001,27.18,3.217,3.35,1,0,0,0
6/3/02,376.07,25.110001,25.22,3.204,3.24,0,1,0,0
6/10/02,375.62,24.32,25.01,3.345,3.24,0,1,0,0
6/17/02,375.4,26.09,24.94,3.237,3.11,0,1,0,0
6/24/02,375.66,26.469999,25.61,3.245,3.26,0,1,0,0
7/1/02,374.99,26.809999,26.52,3.11,3.43,0,1,0,0
7/8/02,374.63,26.07,26.81,2.787,3.18,0,1,0,0
7/15/02,374.09,27.07,26.7,2.933,2.96,0,1,0,0
7/22/02,373.51,26.6,27.62,2.936,2.9,0,1,0,0
7/29/02,373.49,26.549999,26.64,2.858,2.97,0,1,0,0
8/5/02,372.75,26.58,26.87,2.761,3.01,0,1,0,0
8/12/02,371.99,27.860001,26.77,3.149,2.78,0,1,0,0
8/19/02,371.5,29.84,28.52,3.487,2.99,0,1,0,0
8/26/02,371.11,29.280001,30.09,3.296,3.28,0,1,0,0
9/2/02,370.43,29.280001,28.84,3.265,3.33,0,0,1,0
9/9/02,371.81,29.73,28.65,3.467,3.21,0,0,1,0
9/16/02,371.01,29.67,29.59,3.758,3.3,0,0,1,0
9/23/02,370.67,30.709999,29.39,4.041,3.71,0,0,1,0
9/30/02,370.05,30.469999,30.63,3.739,3.8,0,0,1,0
10/7/02,370.08,29.639999,30.25,4.146,4.17,0,0,1,0
10/14/02,371.41,30.030001,29.37,4.239,3.85,0,0,1,0
10/21/02,370.87,28.379999,29.65,4.028,4.14,0,0,1,0
10/28/02,371.24,27.290001,27.88,4.06,4.22,0,0,1,0
11/4/02,372.14,26.950001,27.03,3.903,4.23,0,0,1,0
11/11/02,372.04,25.940001,25.97,3.981,3.88,0,0,1,0
11/18/02,372.91,26.709999,25.68,4.26,3.86,0,0,1,0
11/25/02,372.94,26.110001,26.98,4.2,4.25,0,0,1,0
12/2/02,373.23,27.24,26.83,4.383,4.25,0,0,0,1
12/9/02,373.77,27.26,27.14,5.284,4.31,0,0,0,1
12/16/02,373.76,30.1,27.82,5.195,4.64,0,0,0,1
12/23/02,374.66,31.75,30.35,4.97,5.12,0,0,0,1
12/30/02,374.88,31.370001,32.38,5.344,4.96,0,0,0,1
1/6/03,374.73,32.099998,31.96,5.143,4.85,0,0,0,1
1/13/03,375.21,32.259998,31.54,5.536,5.03,0,0,0,1
1/20/03,375.1,32.259998,33.04,5.524,5.37,0,0,0,1
1/27/03,375.48,32.290001,34.46,5.605,5.91,0,0,0,1
2/3/03,375.35,32.759998,33.19,6.043,5.68,0,0,0,1
2/10/03,375.3,34.48,33.95,5.851,6.11,0,0,0,1
2/17/03,376.57,34.48,35.79,6.61,6.08,0,0,0,1
2/24/03,376.2,36.48,36.78,8.101,6.33,0,0,0,1
3/3/03,376.49,35.880001,36.98,6.975,12.03,1,0,0,0
3/10/03,376.55,37.27,36.98,5.429,7.8,1,0,0,0
3/17/03,376.15,34.93,36.66,5.12,5.94,1,0,0,0
3/24/03,377.18,28.66,30.46,5.146,5.18,1,0,0,0
3/31/03,377.03,31.040001,30.43,4.943,4.99,1,0,0,0
4/7/03,377.32,27.959999,29.33,5.411,4.91,1,0,0,0
4/14/03,377.98,28.629999,28.03,5.709,5.15,1,0,0,0
4/21/03,378.54,30.870001,29.28,5.477,5.5,1,0,0,0
4/28/03,378.81,25.49,28.43,5.255,5.51,1,0,0,0
5/5/03,378.25,26.49,25.69,5.806,5.25,1,0,0,0
5/12/03,378.25,27.35,26.58,6.122,5.57,1,0,0,0
5/19/03,379.62,28.83,28.54,6.119,6.05,1,0,0,0
5/26/03,378.91,28.83,29.29,6.25,6.02,1,0,0,0
6/2/03,378.59,30.709999,29.1,6.51,5.83,0,1,0,0
6/9/03,378.68,31.450001,30.68,5.675,6.26,0,1,0,0
6/16/03,378.3,31.18,31.46,5.805,5.94,0,1,0,0
6/23/03,378.49,29.17,30.6,5.362,5.57,0,1,0,0
6/30/03,377.76,30.190001,30.01,5.226,5.61,0,1,0,0
7/7/03,376.74,30.129999,30.31,5.154,5.14,0,1,0,0
7/14/03,377.41,31.27,30.73,5,5.36,0,1,0,0
7/21/03,376.57,31.780001,31.48,4.706,5.06,0,1,0,0
7/28/03,376.08,30.110001,30.61,4.874,4.91,0,1,0,0
8/4/03,375.12,31.84,30.73,5.037,4.68,0,1,0,0
8/11/03,374.9,32.009998,32.11,4.848,4.83,0,1,0,0
8/18/03,374.06,30.889999,31.31,5.28,5.05,0,1,0,0
8/25/03,373.61,31.559999,31.19,4.731,5.07,0,1,0,0
9/1/03,373.37,31.559999,31.56,4.771,5.05,0,0,1,0
9/8/03,373.3,28.85,29.2,4.766,4.69,0,0,1,0
9/15/03,373.05,28.139999,28.92,4.483,4.76,0,0,1,0
9/22/03,373.51,26.959999,27.39,4.43,4.56,0,0,1,0
9/29/03,373.45,28.4,27.73,4.767,4.49,0,0,1,0
10/6/03,373.09,30.469999,29.43,5.652,4.49,0,0,1,0
10/13/03,372.95,31.950001,30.69,5.036,4.72,0,0,1,0
10/20/03,373.6,30.35,31.49,4.786,4.84,0,0,1,0
10/27/03,373.56,29.92,30.17,4.893,4.7,0,0,1,0
11/3/03,374.14,28.9,29.28,4.706,4.38,0,0,1,0
11/10/03,374.7,30.879999,29.79,5.112,4.36,0,0,1,0
11/17/03,375.06,31.73,31.56,4.634,4.59,0,0,1,0
11/24/03,375.45,29.74,32.58,4.925,4.36,0,0,1,0
12/1/03,375.49,29.950001,30.11,6.135,4.64,0,0,0,1
12/8/03,375.95,32.099998,30.63,7.221,5.58,0,0,0,1
12/15/03,376.51,33.18,32.16,6.982,6.51,0,0,0,1
12/22/03,376.31,31.870001,33.2,6.379,6.73,0,0,0,1
12/29/03,376.53,32.400002,32.24,6.189,5.8,0,0,0,1
1/5/04,376.51,33.779999,32.68,7.287,5.73,0,0,0,1
1/12/04,377.13,34.720001,33.89,5.94,6.65,0,0,0,1
1/19/04,377.28,34.720001,34.51,6.059,5.95,0,0,0,1
1/26/04,378.13,34.470001,35.45,5.397,6.07,0,0,0,1
2/2/04,378.06,34.98,33.61,5.354,5.88,0,0,0,1
2/9/04,378.61,32.830002,33.41,5.536,5.57,0,0,0,1
2/16/04,377.67,32.830002,33.88,5.193,5.45,0,0,0,1
2/23/04,377.79,34.349998,35.54,5.416,5.31,0,0,0,1
3/1/04,378.46,36.860001,36.08,5.443,5.14,1,0,0,0
3/8/04,379.14,36.57,36.67,5.596,5.27,1,0,0,0
3/15/04,379.4,37.439999,36.44,5.582,5.39,1,0,0,0
3/22/04,378.67,37.110001,37.78,5.395,5.58,1,0,0,0
3/29/04,379.9,35.450001,36.65,5.812,5.31,1,0,0,0
4/5/04,380.2,34.380001,35.23,5.941,5.56,1,0,0,0
4/12/04,380.92,37.84,35.7,5.61,5.78,1,0,0,0
4/19/04,380.56,37.419998,37.39,5.571,5.76,1,0,0,0
4/26/04,380.82,36.970001,37.32,5.862,5.53,1,0,0,0
5/3/04,380.9,38.209999,37.31,6.294,5.76,1,0,0,0
5/10/04,380.89,38.93,39.24,6.401,6.1,1,0,0,0
5/17/04,380.43,41.549999,40.37,6.353,6.33,1,0,0,0
5/24/04,381.25,41.720001,40.84,6.442,6.33,1,0,0,0
5/31/04,380.11,41.720001,40.65,6.261,6.57,1,0,0,0
6/7/04,380.27,38.66,40.01,6.176,6.39,0,1,0,0
6/14/04,380.34,37.59,37.99,6.52,6.08,0,1,0,0
6/21/04,379.55,37.630001,37.86,6.353,6.39,0,1,0,0
6/28/04,379.32,36.240002,37.7,6.148,6.34,0,1,0,0
7/5/04,378.51,36.240002,37.14,6.141,6,0,1,0,0
7/12/04,378.07,39.5,39.73,5.887,6.13,0,1,0,0
7/19/04,376.92,41.639999,40.33,6.134,5.88,0,1,0,0
7/26/04,376.59,41.439999,41.27,6.112,5.86,0,1,0,0
8/2/04,376.91,43.82,42.5,5.588,5.91,0,1,0,0
8/9/04,376.41,44.84,43.81,5.533,5.66,0,1,0,0
8/16/04,375.95,46.049999,45.24,5.552,5.55,0,1,0,0
8/23/04,376.27,46.049999,47.28,5.082,5.34,0,1,0,0
8/30/04,374.17,42.279999,44.34,4.675,5.23,0,1,0,0
9/6/04,374.62,42.279999,43.28,4.57,4.84,0,0,1,0
9/13/04,374.23,43.869999,43.33,5.108,4.56,0,0,1,0
9/20/04,374.57,46.349998,44.39,5.392,5.04,0,0,1,0
9/27/04,374.48,49.639999,47.82,6.772,5.44,0,0,1,0
10/4/04,374.16,49.91,49.71,7.163,5.73,0,0,1,0
10/11/04,374.4,53.639999,51.77,6.709,5.92,0,0,1,0
10/18/04,374.74,53.669998,54.12,8.105,5.61,0,0,1,0
10/25/04,375.13,54.540001,54.43,8.725,6.7,0,0,1,0
11/1/04,375.48,50.130001,53.43,7.954,7.38,0,0,1,0
11/8/04,375.63,49.09,49.81,7.176,6.92,0,0,1,0
11/15/04,376.98,46.869999,48,7.115,6.12,0,0,1,0
11/22/04,376.9,48.639999,47.02,7.976,5.81,0,0,1,0
11/29/04,376.99,49.759998,48.79,6.796,5.16,0,0,1,0
12/6/04,377.72,42.98,46.06,6.843,6.61,0,0,0,1
12/13/04,377.4,41.009998,41.91,7.457,6.08,0,0,0,1
12/20/04,377.95,45.639999,43.5,6.668,7.03,0,0,0,1
12/27/04,377.99,41.32,44.39,6.149,7,0,0,0,1
1/3/05,378.36,42.119999,42.52,6.001,6.26,0,0,0,1
1/10/05,378.61,45.330002,44.07,6.395,5.74,0,0,0,1
1/17/05,378.52,45.330002,46.79,6.24,6.11,0,0,0,1
1/24/05,378.8,48.810001,47.85,6.259,6.4,0,0,0,1
1/31/05,379.59,48.200001,48.56,6.096,6.4,0,0,0,1
2/7/05,379.4,45.279999,46.97,6.093,6.25,0,0,0,1
2/14/05,380.1,47.439999,46.08,5.908,6.08,0,0,0,1
2/21/05,380.06,47.439999,47.82,6.715,6,0,0,0,1
2/28/05,381.54,51.75,51.75,6.744,6.13,0,0,0,1
3/7/05,380.24,53.889999,52.74,6.772,6.62,1,0,0,0
3/14/05,381.46,54.950001,54.22,7.273,6.82,1,0,0,0
3/21/05,380.4,56.619999,55.93,7.062,7.09,1,0,0,0
3/28/05,381.95,54.049999,52.95,7.749,7.15,1,0,0,0
4/4/05,382.49,57.009998,54.97,7.242,7.22,1,0,0,0
4/11/05,382.28,53.709999,55.24,6.997,7.49,1,0,0,0
4/18/05,382.35,50.369999,51.44,7.195,7.11,1,0,0,0
4/25/05,382.76,54.57,52.39,6.585,7,1,0,0,0
5/2/05,382.13,50.919998,52,6.621,6.95,1,0,0,0
5/9/05,382.15,52.029999,50.64,6.536,6.58,1,0,0,0
5/16/05,382.82,48.610001,50.33,6.343,6.59,1,0,0,0
5/23/05,383.2,49.16,47.77,6.37,6.42,1,0,0,0
5/30/05,382.98,49.16,50.15,6.88,6.33,1,0,0,0
6/6/05,382.82,54.490002,53.76,6.932,6.49,0,1,0,0
6/13/05,382.6,55.619999,53.74,7.69,7.11,0,1,0,0
6/20/05,382.13,59.369999,56.18,7.36,7.36,0,1,0,0
6/27/05,381.56,60.540001,59.04,7.171,7.52,0,1,0,0
7/4/05,381.28,60.540001,58.21,7.472,7.09,0,1,0,0
7/11/05,381.05,58.919998,60.36,7.849,7.64,0,1,0,0
7/18/05,380.95,57.32,59.18,7.384,7.79,0,1,0,0
7/25/05,380.34,59,57.3,7.885,7.65,0,1,0,0
8/1/05,380.03,61.57,59.39,8.7,7.56,0,1,0,0
8/8/05,379.1,63.939999,61.64,9.588,8.46,0,1,0,0
8/15/05,379.02,66.269997,64.85,9.111,9.07,0,1,0,0
8/22/05,378.18,65.449997,64.92,9.792,9.53,0,1,0,0
8/29/05,378.14,67.199997,66.34,11.691,9.81,0,1,0,0
9/5/05,377.55,67.199997,68.47,11.263,11.6,0,0,1,0
9/12/05,376.41,63.330002,64.81,11.144,11.14,0,0,1,0
9/19/05,376.53,67.389999,63.84,12.324,10.94,0,0,1,0
9/26/05,376.64,65.82,66.43,13.921,13.46,0,0,1,0
10/3/05,376.83,65.470001,66.06,13.226,13.67,0,0,1,0
10/10/05,377.1,61.799999,63.06,13.219,13.4,0,0,1,0
10/17/05,377.1,64.360001,62.87,12.872,13.36,0,0,1,0
10/24/05,377.7,60.32,62.28,13.055,13.71,0,0,1,0
10/31/05,378,59.759998,61.33,11.415,10.86,0,0,1,0
11/7/05,378.14,59.470001,60.34,11.712,9.22,0,0,1,0
11/14/05,379.05,57.689999,58.8,11.414,10.26,0,0,1,0
11/21/05,378.67,57.700001,57,11.62,10.88,0,0,1,0
11/28/05,379.22,57.360001,58.13,13.931,11.89,0,0,1,0
12/5/05,380.12,59.91,57.78,14.312,14.21,0,0,0,1
12/12/05,380.37,61.299999,59.83,13.633,14.49,0,0,0,1
12/19/05,380.44,57.330002,60.32,12.283,13.06,0,0,0,1
12/26/05,380.69,57.330002,57.97,11.225,9.93,0,0,0,1
1/2/06,381.46,57.330002,59.82,9.632,9.42,0,0,0,1
1/9/06,381.4,63.5,63.39,8.791,8.63,0,0,0,1
1/16/06,381.75,63.5,63.74,9.28,8.67,0,0,0,1
1/23/06,381.82,68.099998,66.79,8.4,8.22,0,0,0,1
1/30/06,381.82,68.349998,66.82,8.613,8.36,0,0,0,1
2/6/06,382.49,65.110001,66.59,7.316,7.8,0,0,0,1
2/13/06,382.8,61.240002,63.06,7.182,7.25,0,0,0,1
2/20/06,382.13,61.240002,59.37,7.112,7.39,0,0,0,1
2/27/06,382.33,61,59.93,6.79,6.71,0,0,0,1
3/6/06,383.08,62.41,62.27,6.646,6.44,1,0,0,0
3/13/06,383.06,61.77,60.89,7.053,7.06,1,0,0,0
3/20/06,383.09,60.419998,62.64,7.29,7.1,1,0,0,0
3/27/06,382.62,64.160004,61.36,7.21,7.11,1,0,0,0
4/3/06,384.37,66.739998,65.67,6.743,6.98,1,0,0,0
4/10/06,384.96,68.739998,66.56,7.14,6.81,1,0,0,0
4/17/06,385.05,70.400002,68.85,7.981,7.63,1,0,0,0
4/24/06,384.94,73.330002,71.87,6.555,7.17,1,0,0,0
5/1/06,385.07,73.699997,70.38,6.775,6.61,1,0,0,0
5/8/06,385.21,69.769997,72.14,6.28,6.55,1,0,0,0
5/15/06,385.51,69.410004,71.5,5.962,5.92,1,0,0,0
5/22/06,385.14,69.230003,69.07,5.925,5.96,1,0,0,0
5/29/06,384.85,69.230003,70.35,6.623,6.16,1,0,0,0
6/5/06,384.37,72.599998,71.53,6.172,6.06,0,1,0,0
6/12/06,384.46,70.360001,71.54,7.185,6.3,0,1,0,0
6/19/06,384.12,68.980003,69.48,6.226,6.5,0,1,0,0
6/26/06,383.63,71.800003,69.94,6.085,5.97,0,1,0,0
7/3/06,383.3,71.800003,72.65,5.523,5.39,0,1,0,0
7/10/06,383.01,73.610001,74.65,6.347,5.74,0,1,0,0
7/17/06,381.98,75.300003,75.21,6.139,6.04,0,1,0,0
7/24/06,382.3,75.050003,73.98,7.184,6.82,0,1,0,0
7/31/06,381.7,74.400002,73.87,7.246,8.08,0,1,0,0
8/7/06,380.78,76.980003,75.2,7.269,7.43,0,1,0,0
8/14/06,380.59,73.529999,75.63,6.731,6.84,0,1,0,0
8/21/06,379.98,72.449997,71.79,7.157,7.09,0,1,0,0
8/28/06,379.74,70.610001,72.12,5.877,6.04,0,1,0,0
9/4/06,378.81,68.019997,70.01,5.675,5.53,0,0,1,0
9/11/06,379.36,65.610001,67.53,4.982,5.15,0,0,1,0
9/18/06,378.86,63.799999,63.98,4.627,4.8,0,0,1,0
9/25/06,379.06,61.450001,61.4,5.62,4.17,0,0,1,0
10/2/06,379.11,61.029999,61.94,6.427,4.32,0,0,1,0
10/9/06,379.09,59.959999,59.77,5.659,5.07,0,0,1,0
10/16/06,379.12,59.939999,58.58,7.241,6.22,0,0,1,0
10/23/06,379.67,58.810001,58.48,7.153,7.39,0,0,1,0
10/30/06,379.84,58.360001,58.88,7.884,7.11,0,0,1,0
11/6/06,379.96,60.02,58.55,7.794,7.04,0,0,1,0
11/13/06,380.19,58.580002,59.96,8.179,7.39,0,0,1,0
11/20/06,380.57,58.799999,57.56,7.718,7.59,0,0,1,0
11/27/06,381.44,60.32,57.24,8.422,7.93,0,0,1,0
12/4/06,381.67,62.439999,62.02,7.561,7.51,0,0,0,1
12/11/06,381.9,61.220001,62.32,7.409,7.01,0,0,0,1
12/18/06,382.39,62.209999,61.91,6.635,6.26,0,0,0,1
12/25/06,382.18,62.209999,62.4,6.299,5.6,0,0,0,1
1/1/07,382.29,62.209999,60.66,6.184,5.5,0,0,0,1
1/8/07,383.14,56.09,57.76,6.601,6.13,0,0,0,1
1/15/07,382.65,56.09,54.11,6.886,6.52,0,0,0,1
1/22/07,383.77,51.130001,51.51,7.175,7.29,0,0,0,1
1/29/07,383.88,54.009998,53.57,7.476,7.71,0,0,0,1
2/5/07,383.48,58.740002,57.11,7.827,8.31,0,0,0,1
2/12/07,385.03,57.810001,58.99,7.503,8.43,0,0,0,1
2/19/07,384.93,61.389999,58.41,7.755,7.46,0,0,0,1
2/26/07,384.22,60.07,59.57,7.243,7.34,0,0,0,1
3/5/07,383.62,58.91,61.64,7.083,7.32,1,0,0,0
3/12/07,384.55,56.59,60.85,6.924,6.86,1,0,0,0
3/19/07,385.29,62.91,57.94,7.269,6.91,1,0,0,0
3/26/07,386.08,65.940002,58.26,7.73,7.32,1,0,0,0
4/2/07,386.07,61.509998,64.18,7.607,7.55,1,0,0,0
4/9/07,385.93,63.610001,64.82,7.801,7.83,1,0,0,0
4/16/07,387.51,65.889999,62.58,7.381,7.51,1,0,0,0
4/23/07,387.18,65.709999,63.06,7.831,7.48,1,0,0,0
4/30/07,386.82,61.470001,65.26,7.938,7.68,1,0,0,0
5/7/07,386.46,62.459999,63.82,7.899,7.56,1,0,0,0
5/14/07,386.88,66.269997,61.9,7.944,7.74,1,0,0,0
5/21/07,386.74,66.209999,63.61,7.64,7.56,1,0,0,0
5/28/07,387.14,65.970001,64.89,7.878,7.65,1,0,0,0
6/4/07,387.13,69.089996,63.94,7.663,7.76,0,1,0,0
6/11/07,386.66,69.18,65.9,7.918,7.51,0,1,0,0
6/18/07,385.93,71.089996,66.62,7.13,7.36,0,1,0,0
6/25/07,385.27,72.190002,68.78,6.773,6.71,0,1,0,0
7/2/07,385.61,74.150002,69.13,6.444,6.27,0,1,0,0
7/9/07,385.35,74.889999,71.78,6.662,6.4,0,1,0,0
7/16/07,384.32,76.830002,72.79,6.446,6.37,0,1,0,0
7/23/07,384.04,72.059998,74.92,6.11,5.76,0,1,0,0
7/30/07,383.11,71.620003,75.15,6.09,6.3,0,1,0,0
8/6/07,382.7,71.120003,76.75,6.82,6.35,0,1,0,0
8/13/07,382.11,71.970001,71.92,7.01,7.08,0,1,0,0
8/20/07,382.33,77.489998,72.05,5.523,5.93,0,1,0,0
8/27/07,381.86,80.57,70.19,5.468,5.51,0,1,0,0
9/3/07,381.76,80.949997,72.93,5.501,5.66,0,0,1,0
9/10/07,380.88,80.239998,75.96,6.279,6.03,0,0,1,0
9/17/07,381.03,79.019997,78.95,6.08,6.21,0,0,1,0
9/24/07,380.91,86.129997,82.26,6.87,6.33,0,0,1,0
10/1/07,381.12,87.559998,81.7,7.073,6.65,0,0,1,0
10/8/07,381.19,93.529999,80.59,6.974,6.68,0,0,1,0
10/15/07,381.27,93.980003,81.46,7.041,7.1,0,0,1,0
10/22/07,381.59,94.620003,87.8,7.218,6.39,0,0,1,0
10/29/07,382,94.639999,89.23,8.418,6.93,0,0,1,0
11/5/07,382.26,97.699997,93.46,7.897,6.95,0,0,1,0
11/12/07,382.46,89.309998,95.81,8.001,7.19,0,0,1,0
11/19/07,383.29,87.860001,93.56,7.7,6.88,0,0,1,0
11/26/07,383.12,90.629997,97.93,7.302,7.44,0,0,1,0
12/3/07,383.91,90.629997,92.47,7.155,7.12,0,0,0,1
12/10/07,383.95,95.980003,88.71,7.025,7.17,0,0,0,1
12/17/07,384.63,95.089996,91.18,7.19,7.12,0,0,0,1
12/24/07,384.18,94.199997,91.16,7.386,6.97,0,0,0,1
12/31/07,385.02,90.989998,95.64,7.841,7.57,0,0,0,1
1/7/08,384.67,90.019997,98.17,8.21,7.84,0,0,0,1
1/14/08,386.05,93.589996,94.76,7.993,8.33,0,0,0,1
1/21/08,386.25,99.230003,91.51,7.983,7.87,0,0,0,1
1/28/08,387.02,102.449997,89.41,7.74,8.02,0,0,0,1
2/4/08,386.25,107.900002,91.14,8.301,7.87,0,0,0,1
2/11/08,386.2,105.68,89.08,8.66,8.47,0,0,0,1
2/18/08,385.54,100.860001,94.13,9.146,8.89,0,0,0,1
2/25/08,385.62,101.580002,99.61,9.366,9.16,0,0,0,1
3/3/08,386.06,109.089996,100.84,9.769,9.43,1,0,0,0
3/10/08,385.95,111.760002,103.44,9.868,9.74,1,0,0,0
3/17/08,386.08,117.480003,109.35,9.065,9.09,1,0,0,0
3/24/08,386.97,118.75,105.28,9.8,9.24,1,0,0,0
3/31/08,388.31,119.970001,104.49,9.322,9.68,1,0,0,0
4/7/08,386.98,124.230003,103.46,9.901,9.88,1,0,0,0
4/14/08,386.72,127.050003,109.71,10.587,10.13,1,0,0,0
4/21/08,387.58,127.760002,114.33,10.963,10.54,1,0,0,0
4/28/08,387.52,134.350006,118.53,10.777,10.75,1,0,0,0
5/5/08,388.77,134.610001,115.42,11.537,11.11,1,0,0,0
5/12/08,389.11,136.740005,123.01,11.094,11.36,1,0,0,0
5/19/08,389.13,140,124.96,11.857,11.31,1,0,0,0
5/26/08,388.82,141.369995,130.14,11.703,11.67,1,0,0,0
6/2/08,388.76,145.179993,128.47,12.693,12.29,0,1,0,0
6/9/08,387.74,131.039993,128.16,12.625,12.59,0,1,0,0
6/16/08,388.11,124.730003,134.8,12.994,12.88,0,1,0,0
6/23/08,387.53,121.410004,134.34,13.198,12.89,0,1,0,0
6/30/08,387.53,114.449997,137,13.577,13.2,0,1,0,0
7/7/08,387.53,112.870003,142.52,11.904,12.3,0,1,0,0
7/14/08,387.53,115.110001,139.95,10.57,11.3,0,1,0,0
7/21/08,386.61,106.339996,135.37,9.084,9.93,0,1,0,0
7/28/08,385.14,95.709999,125.92,9.389,9.15,0,1,0,0
8/4/08,385.46,120.919998,124.57,8.248,8.71,0,1,0,0
8/11/08,384.17,96.370003,118.8,8.092,8.1,0,1,0,0
8/18/08,383.91,87.809998,114.4,7.843,7.9,0,1,0,0
8/25/08,383.52,81.190002,115.7,7.943,8.16,0,1,0,0
9/1/08,383.73,74.25,116.09,7.449,7.54,0,0,1,0
9/8/08,383.26,63.220001,108.37,7.366,7.69,0,0,1,0
9/15/08,383.6,63.91,102.88,7.531,7.91,0,0,1,0
9/22/08,383.28,62.41,97.19,7.472,7.74,0,0,1,0
9/29/08,382.97,54.950001,111.12,7.358,7.3,0,0,1,0
10/6/08,383.1,54.5,96.59,6.535,6.68,0,0,1,0
10/13/08,383.07,49.279999,86.24,6.786,6.68,0,0,1,0
10/20/08,383.29,43.709999,75.19,6.239,6.75,0,0,1,0
10/27/08,384.21,44.509998,68.56,6.783,6.44,0,0,1,0
11/3/08,384.01,39.91,65.21,6.757,6.76,0,0,1,0
11/10/08,384.33,40.02,64.31,6.312,6.68,0,0,1,0
11/17/08,384.57,48.810001,58.6,6.48,6.67,0,0,1,0
11/24/08,384.72,37.59,52.26,6.51,6.61,0,0,1,0
12/1/08,385.28,45.73,53.27,5.742,6.44,0,0,0,1
12/8/08,385.52,40.080002,45.6,5.488,5.68,0,0,0,1
12/15/08,385.77,39.560001,44.57,5.334,5.72,0,0,0,1
12/22/08,386.15,38.439999,39.7,5.826,5.41,0,0,0,1
12/29/08,386.46,40.150002,32.98,5.971,5.64,0,0,0,1
1/5/09,386.63,47.07,42.4,5.516,5.88,0,0,0,1
1/12/09,387.24,47.349998,44.46,4.801,5.42,0,0,0,1
1/19/09,387.37,53.799999,36.73,4.518,4.8,0,0,0,1
1/26/09,387.74,48.41,42.15,4.417,4.74,0,0,0,1
2/2/09,387.25,51.049999,42.7,4.774,4.81,0,0,0,1
2/9/09,387.16,50.049999,40.78,4.452,4.72,0,0,0,1
2/16/09,387.84,45.880001,36.94,4.006,4.34,0,0,0,1
2/23/09,388.45,50.139999,37.15,4.198,4.15,0,0,0,1
3/2/09,389.3,54.470001,41.1,3.945,4.23,1,0,0,0
3/9/09,389.03,58.5,43.18,3.932,3.89,1,0,0,0
3/16/09,388.42,59.029999,45.66,4.227,3.8,1,0,0,0
3/23/09,389.51,68.580002,49.49,3.631,4.06,1,0,0,0
3/30/09,389.26,68.089996,52.99,3.801,3.62,1,0,0,0
4/6/09,389.65,70.620003,50.34,3.61,3.61,1,0,0,0
4/13/09,389.15,66.93,50.46,3.729,3.53,1,0,0,0
4/20/09,389.78,71.489998,49.86,3.297,3.45,1,0,0,0
4/27/09,390.74,64.050003,47.8,3.546,3.29,1,0,0,0
5/4/09,389.98,59.689999,50.2,4.311,3.78,1,0,0,0
5/11/09,390.39,63.98,55.96,4.098,4.24,1,0,0,0
5/18/09,390.6,68.379997,57.94,3.515,3.79,1,0,0,0
5/25/09,390.62,71.580002,60.32,3.835,3.58,1,0,0,0
6/1/09,390.07,70.599998,64.32,3.868,3.76,0,1,0,0
6/8/09,390.42,66.75,68.11,3.857,3.53,0,1,0,0
6/15/09,389.64,74.370003,70.85,4.032,4.04,0,1,0,0
6/22/09,388.73,69.959999,70.62,3.949,3.87,0,1,0,0
6/29/09,388.9,68.860001,68.58,3.6,3.68,0,1,0,0
7/6/09,388.7,69.709999,69.32,3.373,3.27,0,1,0,0
7/13/09,388.57,66.839996,61.48,3.669,3.29,0,1,0,0
7/20/09,387.9,70.410004,61.29,3.695,3.5,0,1,0,0
7/27/09,387.58,73.269997,65.28,3.653,3.41,0,1,0,0
8/3/09,387.28,79.610001,67.03,3.674,3.58,0,1,0,0
8/10/09,386.22,78.68,71.58,3.238,3.39,0,1,0,0
8/17/09,385.91,78.129997,69.64,2.804,3.01,0,1,0,0
8/24/09,385.83,79.43,70.8,3.033,2.72,0,1,0,0
8/31/09,385.36,78.900002,72.37,2.728,2.18,0,1,0,0
9/7/09,384.9,77.559998,68.39,2.96,2.69,0,0,1,0
9/14/09,384.96,77.279999,70.91,3.778,3.21,0,0,1,0
9/21/09,384.84,73.93,71.32,3.985,3.46,0,0,1,0
9/28/09,384.23,69.510002,68.33,4.718,3.06,0,0,1,0
10/5/09,384.08,72.470001,68.84,4.77,3.6,0,0,1,0
10/12/09,384.58,78.769997,70.8,4.781,3.93,0,0,1,0
10/19/09,384.92,81.510002,75.73,4.787,4.7,0,0,1,0
10/26/09,385.22,82.519997,80.06,5.045,4.37,0,0,1,0
11/2/09,385.58,75.260002,78.47,4.595,4.28,0,0,1,0
11/9/09,385.9,74.43,79,4.392,3.38,0,0,1,0
11/16/09,386.55,71.889999,78.24,4.424,3.3,0,0,1,0
11/23/09,386.59,80.160004,78.37,5.192,3.52,0,0,1,0
11/30/09,387.28,78.699997,76.14,4.586,4.5,0,0,1,0
12/7/09,387.18,81.870003,76.81,5.163,5.08,0,0,0,1
12/14/09,387.07,79.800003,71.51,5.782,5.61,0,0,0,1
12/21/09,388.61,81.25,71.72,5.643,5.66,0,0,0,1
12/28/09,388.8,82.169998,74.76,5.572,5.88,0,0,0,1
1/4/10,388.37,86.620003,79.07,5.749,6.56,0,0,0,1
1/11/10,388.54,84.339996,82.34,5.691,5.68,0,0,0,1
1/18/10,388.54,81.449997,80.06,5.819,5.56,0,0,0,1
1/25/10,389.21,84.199997,76.62,5.131,5.47,0,0,0,1
2/1/10,390.91,86.190002,73.94,5.515,5.47,0,0,0,1
2/8/10,390.55,76.800003,74.57,5.468,5.55,0,0,0,1
2/15/10,390.43,70.080002,73.88,5.044,5.41,0,0,0,1
2/22/10,389.79,70.209999,78.25,4.813,4.87,0,0,0,1
3/1/10,391.14,71.440002,79.22,4.593,4.74,1,0,0,0
3/8/10,391.59,75.120003,80.19,4.4,4.45,1,0,0,0
3/15/10,391.38,77.82,81.76,4.169,4.23,1,0,0,0
3/22/10,390.5,78.25,81.44,3.872,4.01,1,0,0,0
3/29/10,391.96,74.949997,80.65,4.086,3.82,1,0,0,0
4/5/10,391.39,76.540001,83.01,4.07,4,1,0,0,0
4/12/10,392.93,78.980003,85.66,4.039,4.06,1,0,0,0
4/19/10,393.53,81.339996,84.34,4.257,3.99,1,0,0,0
4/26/10,393.42,81.480003,82.9,3.92,4.16,1,0,0,0
5/3/10,393.2,75.239998,84.22,4.015,3.94,1,0,0,0
5/10/10,392.81,73.099998,80.24,4.312,4.19,1,0,0,0
5/17/10,393.64,74.699997,74.98,4.035,4.26,1,0,0,0
5/24/10,392.93,77.190002,69.14,4.341,4.18,1,0,0,0
5/31/10,393.51,74.860001,70.62,4.797,4.44,1,0,0,0
6/7/10,392.99,76.519997,72.91,4.781,4.73,0,1,0,0
6/14/10,392.1,81.470001,73.44,4.997,5.1,0,1,0,0
6/21/10,391.86,82.209999,76.7,4.861,4.93,0,1,0,0
6/28/10,391.36,83.080002,77.06,4.687,4.66,0,1,0,0
7/5/10,390.77,82.519997,74.96,4.402,4.65,0,1,0,0
7/12/10,390.06,82.949997,74.39,4.519,4.48,0,1,0,0
7/19/10,390.47,87.059998,76.35,4.58,4.64,0,1,0,0
7/26/10,390.04,84.860001,77.56,4.923,4.75,0,1,0,0
8/2/10,389.07,81.739998,78.12,4.467,4.8,0,1,0,0
8/9/10,389.02,85.730003,81.79,4.328,4.42,0,1,0,0
8/16/10,388.67,89.379997,78.17,4.117,4.3,0,1,0,0
8/23/10,387.8,88.610001,74.84,3.651,3.96,0,1,0,0
8/30/10,387.72,88.809998,72.91,3.939,3.76,0,1,0,0
9/6/10,386.32,91,74.02,3.883,3.8,0,0,1,0
9/13/10,387.24,91.550003,74.82,4.024,4.01,0,0,1,0
9/20/10,386.96,89.25,75.62,3.881,4.01,0,0,1,0
9/27/10,386.97,87.870003,73.76,3.797,3.79,0,0,1,0
10/4/10,387.14,92.190002,78.41,3.651,3.52,0,0,1,0
10/11/10,387.02,87.480003,82.29,3.535,3.49,0,0,1,0
10/18/10,387.62,84.809998,82.16,3.332,3.37,0,0,1,0
10/25/10,388.02,96.970001,81.15,4.038,3.31,0,0,1,0
11/1/10,388.24,105.440002,82.03,3.937,3.39,0,0,1,0
11/8/10,388.25,101.190002,84.93,3.799,3.7,0,0,1,0
11/15/10,388.82,102.330002,86.91,4.164,3.73,0,0,1,0
11/22/10,389.69,103.980003,82.23,4.399,3.9,0,0,1,0
11/29/10,389.86,108.470001,82.28,4.349,4.2,0,0,1,0
12/6/10,389.97,109.919998,86.75,4.417,4.46,0,0,0,1
12/13/10,389.64,107.120003,88.5,4.066,4.26,0,0,0,1
12/20/10,390.34,112.279999,88.27,4.083,4.09,0,0,0,1
12/27/10,390.14,113.519997,89.66,4.405,4.16,0,0,0,1
1/3/11,391.74,102.550003,90.97,4.422,4.52,0,0,0,1
1/10/11,390.96,97.370003,89.54,4.48,4.46,0,0,0,1
1/17/11,391.7,97.699997,91.02,4.736,4.57,0,0,0,1
1/24/11,391.56,99.010002,89.75,4.323,4.45,0,0,0,1
1/31/11,392.26,97.300003,86.11,4.31,4.51,0,0,0,1
2/7/11,391.63,93.260002,89.52,3.91,4.17,0,0,0,1
2/14/11,391.84,90.610001,85.51,3.876,3.9,0,0,0,1
2/21/11,392.24,95.150002,84.13,4.005,3.84,0,0,0,1
2/28/11,392.26,95.93,95.26,3.809,3.82,0,0,0,1
3/7/11,392.07,99.199997,101.05,3.889,3.8,1,0,0,0
3/14/11,392.69,94.889999,103.74,4.168,3.88,1,0,0,0
3/21/11,393.09,81.309998,99.79,4.403,4.12,1,0,0,0
3/28/11,394.21,87.879997,104.41,4.362,4.3,1,0,0,0
4/4/11,393.19,84.120003,105.08,4.041,4.15,1,0,0,0
4/11/11,393.28,87.269997,109.29,4.204,4.12,1,0,0,0
4/18/11,393.73,88.190002,107.75,4.412,4.27,1,0,0,0
4/25/11,393.5,85.699997,109.11,4.698,4.39,1,0,0,0
5/2/11,394.33,80.239998,112.3,4.235,4.5,1,0,0,0
5/9/11,393.08,77.610001,105.84,4.246,4.18,1,0,0,0
5/16/11,395.1,85.410004,99.87,4.23,4.15,1,0,0,0
5/23/11,395.29,86.379997,97.99,4.518,4.35,1,0,0,0
5/30/11,394.41,91.269997,99.55,4.707,4.65,1,0,0,0
6/6/11,393.7,93.190002,100.92,4.757,4.83,0,1,0,0
6/13/11,394,95.519997,100.05,4.325,4.56,0,1,0,0
6/20/11,393.75,98.139999,95.87,4.229,4.33,0,1,0,0
6/27/11,393.65,96.919998,92.7,4.311,4.32,0,1,0,0
7/4/11,393.71,98.209999,93.7,4.205,4.3,0,1,0,0
7/11/11,393.49,100.989998,97.12,4.546,4.41,0,1,0,0
7/18/11,391.52,97.769997,96.72,4.399,4.58,0,1,0,0
7/25/11,392.18,93.879997,98.01,4.145,4.4,0,1,0,0
8/1/11,391.4,101.309998,97.83,3.941,4.21,0,1,0,0
8/8/11,390.8,99.580002,90.85,4.06,4.08,0,1,0,0
8/15/11,390.34,98.779999,82.86,3.94,4.01,0,1,0,0
8/22/11,389.59,96.910004,85.36,3.931,4.01,0,1,0,0
8/29/11,389.7,100.910004,85.06,3.872,4.01,0,1,0,0
9/5/11,389.24,108.559998,88.07,3.915,3.96,0,0,1,0
9/12/11,389.35,106.720001,87.91,3.809,3.95,0,0,1,0
9/19/11,389.29,106.339996,88.93,3.701,3.77,0,0,1,0
9/26/11,388.87,108.089996,83.65,3.666,3.81,0,0,1,0
10/3/11,388.98,107.029999,81.18,3.481,3.53,0,0,1,0
10/10/11,389.01,105.230003,79.43,3.703,3.48,0,0,1,0
10/17/11,389.23,102.459999,85.35,3.629,3.62,0,0,1,0
10/24/11,389.44,102.93,86.82,3.923,3.62,0,0,1,0
10/31/11,389.81,103.110001,92.32,3.783,3.47,0,0,1,0
11/7/11,389.97,104.870003,93.24,3.584,3.42,0,0,1,0
11/14/11,390.66,97.940002,96.97,3.316,3.1,0,0,1,0
11/21/11,390.7,94.779999,99.32,3.542,2.92,0,0,1,0
11/28/11,391.34,92.57,96.89,3.584,3.37,0,0,1,0
12/5/11,391.56,83.980003,99.91,3.317,3.39,0,0,0,1
12/12/11,392.21,82.699997,100.08,3.127,3.08,0,0,0,1
12/19/11,392.65,83.269997,96.06,3.114,3.04,0,0,0,1
12/26/11,392.4,79.209999,97.74,2.989,3.04,0,0,0,1
1/2/12,393.15,83.75,99.81,3.062,2.92,0,0,0,1
1/9/12,393.57,85.989998,102.39,2.67,2.81,0,0,0,1
1/16/12,393.17,88.43,100.43,2.343,2.4,0,0,0,1
1/23/12,393.53,88.139999,99.95,2.678,2.57,0,0,0,1
1/30/12,393.43,89.779999,99.35,2.499,2.45,0,0,0,1
2/6/12,393.9,92.199997,97.8,2.477,2.51,0,0,0,1
2/13/12,393.68,92.730003,98.56,2.684,2.52,0,0,0,1
2/20/12,394.61,95.970001,101.73,2.55,2.63,0,0,0,1
2/27/12,394.45,95.470001,107.18,2.484,2.45,0,0,0,1
3/5/12,393.73,96.540001,107.52,2.324,2.26,1,0,0,0
3/12/12,394.46,96.620003,106.32,2.326,2.11,1,0,0,0
3/19/12,394.98,91.93,106.15,2.275,2.16,1,0,0,0
3/26/12,395.32,92.480003,106.41,2.126,2.06,1,0,0,0
4/2/12,395.51,89.330002,105.12,2.089,1.97,1,0,0,0
4/9/12,396.81,91.849998,103.52,1.981,1.93,1,0,0,0
4/16/12,396.35,88.730003,102.55,1.927,1.86,1,0,0,0
4/23/12,396.8,85.650002,103.15,2.186,2,1,0,0,0
4/30/12,397.11,85.57,103.78,2.279,2.26,1,0,0,0
5/7/12,397.32,89.279999,103.47,2.509,2.33,1,0,0,0
5/14/12,397.18,87.739998,96.98,2.742,2.49,1,0,0,0
5/21/12,396.31,89.089996,93.11,2.568,2.59,1,0,0,0
5/28/12,396.48,85.559998,90.88,2.326,2.37,1,0,0,0
6/4/12,395.93,87.199997,87.06,2.299,2.33,0,1,0,0
6/11/12,396.43,87.199997,84.43,2.467,2.24,0,1,0,0
6/18/12,395.77,91.82,83.27,2.625,2.52,0,1,0,0
6/25/12,395.45,93.190002,81.11,2.824,2.76,0,1,0,0
7/2/12,395.15,94.139999,80.23,2.776,2.84,0,1,0,0
7/9/12,394.56,96.440002,85.74,2.874,2.82,0,1,0,0
7/16/12,394.66,96.169998,85.78,3.081,2.92,0,1,0,0
7/23/12,394.28,97.029999,90.34,3.01,3.13,0,1,0,0
7/30/12,393.62,93.110001,88.88,2.877,3.12,0,1,0,0
8/6/12,393.43,90.120003,89.1,2.77,2.92,0,1,0,0
8/13/12,392.71,92.059998,93.14,2.719,2.77,0,1,0,0
8/20/12,391.57,93.739998,94.43,2.702,2.79,0,1,0,0
8/27/12,391.99,94.809998,96.22,2.799,2.72,0,1,0,0
9/3/12,392.06,97.07,95.68,2.682,2.82,0,0,1,0
9/10/12,391.1,93.360001,95.68,2.943,2.88,0,0,1,0
9/17/12,390.99,88.709999,97.56,2.885,2.76,0,0,1,0
9/24/12,391.09,88.760002,93.7,3.32,2.93,0,0,1,0
10/1/12,391.02,94.5,91.35,3.396,3.22,0,0,1,0
10/8/12,391.18,96.160004,90.81,3.611,3.26,0,0,1,0
10/15/12,391.11,95.169998,91.42,3.617,3.31,0,0,1,0
10/22/12,391.56,96.709999,91.59,3.4,3.41,0,0,1,0
10/29/12,391.78,93.449997,86.35,3.554,3.44,0,0,1,0
11/5/12,392.52,95.769997,85.87,3.503,3.4,0,0,1,0
11/12/12,393.48,97.769997,85.98,3.79,3.54,0,0,1,0
11/19/12,393.39,95.18,85.87,3.901,3.61,0,0,1,0
11/26/12,393.93,97.989998,87.4,3.561,3.66,0,0,1,0
12/3/12,393.88,103.139999,87.27,3.551,3.41,0,0,0,1
12/10/12,394.62,106.32,87,3.314,3.3,0,0,0,1
12/17/12,394.75,106.910004,85.71,3.451,3.3,0,0,0,1
12/24/12,395.06,104.550003,88.24,3.469,3.34,0,0,0,1
12/31/12,394.73,106.559998,90.14,3.287,3.28,0,0,0,1
1/7/13,395.59,106.110001,92.77,3.327,3.18,0,0,0,1
1/14/13,396.21,107.099998,93.38,3.566,3.44,0,0,0,1
1/21/13,396.01,105.919998,94.58,3.444,3.54,0,0,0,1
1/28/13,395.99,109.519997,95.41,3.301,3.26,0,0,0,1
2/4/13,396.86,106.589996,97.33,3.272,3.33,0,0,0,1
2/11/13,397.2,103.589996,96.18,3.153,3.26,0,0,0,1
2/18/13,397.37,102.330002,96.95,3.291,3.28,0,0,0,1
2/25/13,396.96,103.029999,94.38,3.456,3.48,0,0,0,1
3/4/13,397.88,102.410004,92.19,3.629,3.57,1,0,0,0
3/11/13,397.17,99.220001,91,3.872,3.74,1,0,0,0
3/18/13,397.58,98.68,92.7,3.927,3.99,1,0,0,0
3/25/13,398.19,94.620003,93.05,4.024,4.05,1,0,0,0
4/1/13,398.3,95.139999,96.08,4.125,3.99,1,0,0,0
4/8/13,398,93.029999,95.07,4.222,4.13,1,0,0,0
4/15/13,398.19,94.089996,93.36,4.408,4.25,1,0,0,0
4/22/13,399.44,93.82,88,4.151,4.24,1,0,0,0
4/29/13,399.76,97.339996,91,4.041,4.23,1,0,0,0
5/6/13,399.75,97.480003,93.4,3.91,3.89,1,0,0,0
5/13/13,399.98,98.910004,95.84,4.055,3.95,1,0,0,0
5/20/13,400.17,99.290001,94.65,4.237,4.14,1,0,0,0
5/27/13,400.12,93.43,94.76,3.984,4.12,1,0,0,0
6/3/13,399.4,91.800003,93.32,3.828,3.94,0,1,0,0
6/10/13,398.8,95.720001,94.25,3.733,3.77,0,1,0,0
6/17/13,398.33,96.43,96.36,3.771,3.87,0,1,0,0
6/24/13,398.84,100.059998,96.65,3.565,3.72,0,1,0,0
7/1/13,398.43,102.82,95.83,3.617,3.54,0,1,0,0
7/8/13,397.93,104.919998,100.65,3.644,3.66,0,1,0,0
7/15/13,397.27,101.120003,104.7,3.789,3.69,0,1,0,0
7/22/13,397.01,98.080002,106.88,3.555,3.67,0,1,0,0
7/29/13,396.87,99.599998,105.88,3.347,3.45,0,1,0,0
8/5/13,395.86,101.580002,105.54,3.23,3.32,0,1,0,0
8/12/13,395.32,100.440002,105.17,3.368,3.35,0,1,0,0
8/19/13,395.34,104.050003,106.97,3.485,3.49,0,1,0,0
8/26/13,394.42,104.370003,105.48,3.581,3.55,0,1,0,0
9/2/13,394.05,100.839996,108.33,3.53,3.64,0,0,1,0
9/9/13,393.59,99.480003,108.77,3.677,3.61,0,0,1,0
9/16/13,393.73,100.589996,108.36,3.687,3.71,0,0,1,0
9/23/13,393.58,102.610001,106.22,3.589,3.55,0,0,1,0
9/30/13,393.52,102.470001,103.1,3.506,3.56,0,0,1,0
10/7/13,393.55,104.410004,103.14,3.776,3.7,0,0,1,0
10/14/13,393.88,106.900002,102.7,3.764,3.79,0,0,1,0
10/21/13,394.19,106.169998,101.51,3.707,3.69,0,0,1,0
10/28/13,394.44,105.370003,97.57,3.513,3.55,0,0,1,0
11/4/13,394.67,103.529999,96.94,3.559,3.47,0,0,1,0
11/11/13,395.73,100.910004,94.31,3.66,3.62,0,0,1,0
11/18/13,395.07,104.589996,93.94,3.768,3.68,0,0,1,0
11/25/13,396.2,101.669998,93.92,3.954,3.87,0,0,1,0
12/2/13,396.46,98.290001,92.97,4.114,3.94,0,0,0,1
12/9/13,396.33,98.080002,96.21,4.351,4.31,0,0,0,1
12/16/13,397.61,96.410004,97.23,4.418,4.25,0,0,0,1
12/23/13,397.46,93.349998,97.85,4.407,4.45,0,0,0,1
12/30/13,397.6,92.660004,99.15,4.304,4.36,0,0,0,1
1/6/14,398.41,92.919998,96.47,4.053,4.31,0,0,0,1
1/13/14,397.93,91.519997,92.42,4.326,4.39,0,0,0,1
1/20/14,398.15,94.57,92.98,5.182,5.08,0,0,0,1
1/27/14,398.02,90.339996,96.19,4.943,5.29,0,0,0,1
2/3/14,398.16,85.739998,97.29,4.775,6.35,0,0,0,1
2/10/14,398.06,82.709999,97.78,5.214,6.55,0,0,0,1
2/17/14,398.27,81,100.21,6.135,6,0,0,0,1
2/24/14,398.47,78.779999,102.93,4.609,5.1,0,0,0,1
3/3/14,398.64,77.400002,102.77,4.618,6.24,1,0,0,0
3/10/14,400.07,75.639999,103.07,4.425,4.58,1,0,0,0
3/17/14,401.36,75.779999,99.55,4.313,4.43,1,0,0,0
3/24/14,400.3,69,99.77,4.485,4.46,1,0,0,0
3/31/14,400.8,63.049999,100.66,4.439,4.45,1,0,0,0
4/7/14,401.29,55.91,100.46,4.62,4.63,1,0,0,0
4/14/14,401.72,55.259998,102.72,4.741,4.65,1,0,0,0
4/21/14,401.77,53.610001,103.95,4.647,4.8,1,0,0,0
4/28/14,401.92,50.040001,102.11,4.674,4.76,1,0,0,0
5/5/14,401.9,46.07,100.51,4.531,4.74,1,0,0,0
5/12/14,401.91,45.150002,100.29,4.413,4.46,1,0,0,0
5/19/14,401.93,49.57,101.92,4.405,4.52,1,0,0,0
5/26/14,402,52.860001,103.82,4.542,4.52,1,0,0,0
6/2/14,401.99,49.450001,103.95,4.71,4.61,0,1,0,0
6/9/14,401.68,49.59,103.23,4.739,4.61,0,1,0,0
6/16/14,401.21,50,105.97,4.531,4.66,0,1,0,0
6/23/14,401.12,43.880001,107.23,4.409,4.52,0,1,0,0
6/30/14,400.43,47.450001,106.69,4.406,4.41,0,1,0,0
7/7/14,400.12,48.68,105.52,4.146,4.19,0,1,0,0
7/14/14,399.1,52.139999,103.25,3.951,4.11,0,1,0,0
7/21/14,399.12,51.91,102.37,3.781,3.84,0,1,0,0
7/28/14,397.77,56.380001,104.35,3.798,3.79,0,1,0,0
8/4/14,398.06,56.990002,102.19,3.962,3.92,0,1,0,0
8/11/14,397.5,58.93,97.5,3.776,3.9,0,1,0,0
8/18/14,397.04,59.25,97.17,3.84,3.85,0,1,0,0
8/25/14,396.59,59.43,94.95,4.065,4.01,0,1,0,0
9/1/14,396.63,60.200001,96.25,3.793,3.93,0,0,1,0
9/8/14,395.27,58.139999,94.06,3.857,3.91,0,0,1,0
9/15/14,395.33,59.52,92.43,3.837,3.95,0,0,1,0
9/22/14,395.71,59.68,93.52,3.984,3.88,0,0,1,0
9/29/14,395.58,58.330002,93.15,4.039,4.02,0,0,1,0
10/6/14,395.82,52.529999,91.44,3.859,3.87,0,0,1,0
10/13/14,395.91,52.200001,87.63,3.766,3.82,0,0,1,0
10/20/14,396.12,50.150002,82.88,3.623,3.63,0,0,1,0
10/27/14,397.81,47.389999,82.12,3.873,3.65,0,0,1,0
11/3/14,397.04,45.169998,81.29,4.412,3.83,0,0,1,0
11/10/14,397.46,44.959999,78.24,4.02,4.16,0,0,1,0
11/17/14,397.6,41.869999,76.5,4.266,4.34,0,0,1,0
11/24/14,398.15,38.240002,75.38,4.088,4.16,0,0,1,0
12/1/14,398.47,49.200001,72.36,3.802,3.75,0,0,0,1
12/8/14,399.39,44,67.18,3.795,3.66,0,0,0,1
12/15/14,399.36,46.68,61.14,3.464,3.69,0,0,0,1
12/22/14,399.11,44.43,55.89,3.007,2.94,0,0,0,1
12/29/14,400.03,46.259998,55.58,3.003,3.09,0,0,0,1
1/5/15,400.05,47.099998,53.44,2.946,3.03,0,0,0,1
1/12/15,400.36,45.889999,48.77,3.127,3.08,0,0,0,1
1/19/15,399.7,43.98,47.07,2.986,2.95,0,0,0,1
1/26/15,400.39,46.139999,46.46,2.691,2.91,0,0,0,1
2/2/15,400.44,43.869999,45.32,2.579,2.72,0,0,0,1
2/9/15,400.14,41.740002,50.58,2.804,2.75,0,0,0,1
2/16/15,400.11,41.75,51.14,2.951,2.9,0,0,0,1
2/23/15,401.53,41.650002,51.69,2.734,3.13,0,0,0,1
3/2/15,401.48,37.650002,49.16,2.839,3.04,1,0,0,0
3/9/15,402.23,36.310001,50.38,2.727,2.76,1,0,0,0
3/16/15,400.98,34.740002,47.69,2.786,2.8,1,0,0,0
3/23/15,401.97,36.810001,44.39,2.59,2.79,1,0,0,0
3/30/15,402,36.759998,48.68,2.713,2.64,1,0,0,0
4/6/15,403.4,31.41,48.91,2.511,2.67,1,0,0,0
4/13/15,404.23,31.41,51.78,2.634,2.61,1,0,0,0
4/20/15,403.27,30.34,54.78,2.531,2.6,1,0,0,0
4/27/15,403.99,31.620001,56.14,2.776,2.57,1,0,0,0
5/4/15,404.33,29.690001,57.98,2.88,2.75,1,0,0,0
5/11/15,404.16,29.690001,59.73,3.016,2.88,1,0,0,0
5/18/15,404.16,31.48,60.01,2.887,2.99,1,0,0,0
5/25/15,403.99,33.75,58.95,2.642,2.8,1,0,0,0
6/1/15,403.37,37.900002,58.19,2.59,2.65,0,1,0,0
6/8/15,403.41,37.18,59.66,2.75,2.78,0,1,0,0
6/15/15,402.56,39.91,60.07,2.816,2.9,0,1,0,0
6/22/15,402.88,39.389999,59.89,2.773,2.8,0,1,0,0
6/29/15,402.33,35.700001,60.01,2.822,2.79,0,1,0,0
7/6/15,401.9,40.360001,57.92,2.77,2.75,0,1,0,0
7/13/15,401.57,39.779999,52.38,2.87,2.89,0,1,0,0
7/20/15,401.43,42.639999,51.68,2.776,2.88,0,1,0,0
7/27/15,400.38,44.779999,49.21,2.716,2.87,0,1,0,0
8/3/15,398.54,43.439999,47.91,2.798,2.8,0,1,0,0
8/10/15,399.37,47.720001,44.94,2.801,2.88,0,1,0,0
8/17/15,399.32,48.080002,43.2,2.676,2.75,0,1,0,0
8/24/15,399.04,49.689999,41.34,2.715,2.69,0,1,0,0
8/31/15,398.68,48.880001,40.73,2.655,2.69,0,1,0,0
9/7/15,397.96,49.369999,46.73,2.693,2.7,0,0,1,0
9/14/15,397.43,46.330002,45.16,2.605,2.7,0,0,1,0
9/21/15,397.52,44.759998,45.48,2.564,2.61,0,0,1,0
9/28/15,397.41,45.240002,45.57,2.451,2.49,0,0,1,0
10/5/15,398.56,43.130001,45,2.502,2.38,0,0,1,0
10/12/15,398.37,40.060001,48.36,2.43,2.48,0,0,1,0
10/19/15,398.71,43.02,46.82,2.286,2.38,0,0,1,0
10/26/15,398.68,45.740002,45.16,2.321,2.12,0,0,1,0
11/2/15,399.26,47.049999,44.99,2.371,2.02,0,0,1,0
11/9/15,400.22,46.98,45.98,2.361,2.11,0,0,1,0
11/16/15,400.55,46.290001,42.7,2.145,2.09,0,0,1,0
11/23/15,400.58,43.299999,40.62,2.212,2.15,0,0,1,0
11/30/15,401,45.93,40.49,2.186,2.13,0,0,1,0
12/7/15,401.52,48.810001,40.4,1.99,1.96,0,0,0,1
12/14/15,402.55,49.939999,36.93,1.767,1.72,0,0,0,1
12/21/15,402.81,50.52,35.78,2.029,1.68,0,0,0,1
12/28/15,402.28,46.860001,36.26,2.337,2.27,0,0,0,1
1/4/16,402.32,44.889999,36.99,2.472,2.38,0,0,0,1
1/11/16,402.65,43.32,34.65,2.1,2.32,0,0,0,1
1/18/16,402.78,47.490002,30.59,2.139,2.2,0,0,0,1
1/25/16,403.33,47.080002,29.19,2.298,2.22,0,0,0,1
2/1/16,404.75,51.790001,31.81,2.063,2.11,0,0,0,1
2/8/16,403.98,52.830002,31.26,1.966,2.16,0,0,0,1
2/15/16,403.85,52.119999,28.14,1.804,1.94,0,0,0,1
2/22/16,404.59,51.959999,30.02,1.791,1.82,0,0,0,1
2/29/16,404.24,52.75,31.32,1.666,1.57,0,0,0,1
3/7/16,404.18,52.630001,34.43,1.822,1.64,1,0,0,0
3/14/16,404.97,53.009998,37.69,1.907,1.79,1,0,0,0
3/21/16,405.85,52.93,38.32,1.806,1.79,1,0,0,0
3/28/16,405.64,54.049999,39.45,1.956,1.86,1,0,0,0
4/4/16,406.78,53.200001,36.82,1.99,1.96,1,0,0,0
4/11/16,408.91,48.400002,36.72,1.902,1.9,1,0,0,0
4/18/16,407.64,48.220001,41.23,2.14,1.91,1,0,0,0
4/25/16,407.9,47.73,41.86,2.178,1.92,1,0,0,0
5/2/16,407.73,50.240002,44.3,2.101,1.96,1,0,0,0
5/9/16,408.05,53.080002,44.22,2.096,2,1,0,0,0
5/16/16,407.49,52.650002,45.44,2.062,1.89,1,0,0,0
5/23/16,408.51,49.23,47.99,2.169,1.84,1,0,0,0
5/30/16,407.64,48.84,48.72,2.398,2.15,1,0,0,0
6/6/16,407.04,46.43,49,2.556,2.36,0,1,0,0
6/13/16,407.39,48.849998,50.18,2.623,2.59,0,1,0,0
6/20/16,406.85,50.73,47.89,2.662,2.75,0,1,0,0
6/27/16,406.17,47.400002,48.71,2.987,2.89,0,1,0,0
7/4/16,405.75,46.080002,48.17,2.801,2.82,0,1,0,0
7/11/16,404.68,44.200001,46.17,2.756,2.81,0,1,0,0
7/18/16,403.59,43.380001,45.6,2.777,2.79,0,1,0,0
7/25/16,404.04,43.380001,44.44,2.876,2.85,0,1,0,0
8/1/16,403.68,44.400002,41.83,2.772,2.88,0,1,0,0
8/8/16,403.08,46.02,40.82,2.586,2.77,0,1,0,0
8/15/16,402.05,46.34,43.11,2.584,2.73,0,1,0,0
8/22/16,402.11,50.169998,47.16,2.871,2.82,0,1,0,0
8/29/16,401.16,49.389999,47.05,2.792,2.94,0,1,0,0
9/5/16,401.18,47.59,45.11,2.797,2.87,0,0,1,0
9/12/16,401.47,47.369999,45.96,2.948,3.02,0,0,1,0
9/19/16,401.08,46.57,44.34,2.955,3.11,0,0,1,0
9/26/16,400.94,48.07,44.59,2.906,3.01,0,0,1,0
10/3/16,401.13,49.91,46.55,3.193,2.91,0,0,1,0
10/10/16,401.78,52.220001,49.48,3.285,3.17,0,0,1,0
10/17/16,401.86,50.580002,50.29,2.993,3.14,0,0,1,0
10/24/16,402.35,49.580002,50.56,3.105,2.72,0,0,1,0
10/31/16,403,51.869999,49.36,2.767,2.5,0,0,1,0
11/7/16,403,51.900002,45.51,2.619,2.22,0,0,1,0
11/14/16,403.79,54.150002,44.61,2.843,2.44,0,0,1,0
11/21/16,404.19,57.349998,45.15,3.085,2.76,0,0,1,0
11/28/16,404.75,56.759998,47.25,3.436,3.21,0,0,1,0
12/5/16,404.09,56.09,48.63,3.746,3.69,0,0,0,1
12/12/16,405.02,58.110001,50.97,3.415,3.57,0,0,0,1
12/19/16,404.62,57.470001,51.91,3.662,3.51,0,0,0,1
12/26/16,404.96,57.990002,51.95,3.724,3.69,0,0,0,1
1/2/17,406.14,57.16,53.6,3.285,3.47,0,0,0,1
1/9/17,406.2,61.73,53.34,3.419,3.27,0,0,0,1
1/16/17,406.41,63.490002,52.07,3.204,3.29,0,0,0,1
1/23/17,406.71,65.559998,51.82,3.391,3.27,0,0,0,1
1/30/17,406.43,64.150002,52.74,3.063,3.12,0,0,0,1
2/6/17,406.26,59.290001,53.33,3.034,3.04,0,0,0,1
2/13/17,406.14,63.91,52.88,2.834,2.87,0,0,0,1
2/20/17,407.17,62.57,53.22,2.627,2.62,0,0,0,1
2/27/17,407.6,61.360001,54.03,2.827,2.52,0,0,0,1
3/6/17,406.34,62.060001,53.56,3.008,2.75,1,0,0,0
3/13/17,407.77,65.550003,50.5,2.948,2.96,1,0,0,0
3/20/17,407.02,63.009998,48.03,3.076,2.99,1,0,0,0
3/27/17,408.6,63.419998,47.28,3.19,3.03,1,0,0,0
4/3/17,407.84,66.220001,49.14,3.261,3.18,1,0,0,0
4/10/17,409.03,68.639999,51.26,3.227,3.05,1,0,0,0
4/17/17,409.84,68.57,53.19,3.101,3.1,1,0,0,0
4/24/17,410.17,70.730003,51.09,3.276,3.09,1,0,0,0
5/1/17,409.39,70.959999,49.12,3.266,3.14,1,0,0,0
5/8/17,409.52,72.239998,47.21,3.424,3.12,1,0,0,0
5/15/17,410.6,64.75,47.04,3.256,3.21,1,0,0,0
5/22/17,410.2,66.099998,49.24,3.236,3.18,1,0,0,0
5/29/17,409.77,65.849998,50.21,2.999,3.03,1,0,0,0
6/5/17,409.89,68.080002,48.48,3.039,2.98,0,1,0,0
6/12/17,409.63,73.940002,46.57,3.037,3.03,0,1,0,0
6/19/17,408.51,73.849998,45.3,2.929,2.89,0,1,0,0
6/26/17,407.95,68.059998,43.09,3.035,3.01,0,1,0,0
7/3/17,408.28,67.889999,44.63,2.864,2.95,0,1,0,0
7/10/17,407.26,70.129997,44.96,2.98,2.96,0,1,0,0
7/17/17,407.01,69.010002,45.51,2.97,3.09,0,1,0,0
7/24/17,406.92,67.199997,46.41,2.941,2.96,0,1,0,0
7/31/17,406.67,66.43,48.27,2.774,2.8,0,1,0,0
8/7/17,405.73,68.870003,49.52,2.983,2.85,0,1,0,0
8/14/17,405.39,67.540001,49.08,2.893,2.95,0,1,0,0
8/21/17,404.74,68.910004,47.52,2.892,2.97,0,1,0,0
8/28/17,404.39,72.080002,47.68,3.07,2.93,0,1,0,0
9/4/17,403.89,75.300003,46.68,2.89,2.91,0,0,1,0
9/11/17,403.87,74.290001,48.58,3.024,2.96,0,0,1,0
9/18/17,403.25,71.779999,49.07,2.959,3.09,0,0,1,0
9/25/17,402.95,69.169998,50.12,3.007,2.96,0,0,1,0
10/2/17,403.15,67.040001,51.77,2.863,2.84,0,0,1,0
10/9/17,403.61,63.099998,50.23,3,2.92,0,0,1,0
10/16/17,404.14,59.93,50.77,2.915,2.84,0,0,1,0
10/23/17,404.19,56.759998,51.74,2.752,2.91,0,0,1,0
10/30/17,404.34,51.630001,52.51,2.984,2.78,0,0,1,0
11/6/17,404.44,52.950001,54.59,3.213,3.12,0,0,1,0
11/13/17,405.26,51,57.05,3.097,3.1,0,0,1,0
11/20/17,406.31,49.880001,55.81,2.813,3.05,0,0,1,0
11/27/17,406.52,49.880001,57.47,3.061,2.94,0,0,1,0
12/4/17,406.94,45.41,57.81,2.772,2.84,0,0,0,1
12/11/17,406.74,48.52,56.92,2.612,2.77,0,0,0,1
12/18/17,406.99,50.509998,57.17,2.667,2.69,0,0,0,1
12/25/17,407.41,51.990002,57.87,2.953,3.03,0,0,0,1
1/1/18,407.57,54.560001,59.88,2.795,5.71,0,0,0,1
1/8/18,408.33,52.41,61.36,3.2,3.24,0,0,0,1
1/15/18,408.08,55.48,63.26,3.185,4.12,0,0,0,1
1/22/18,408.47,56.59,63.77,3.505,3.43,0,0,0,1
1/29/18,408.07,56.790001,65.14,2.846,3.3,0,0,0,1
2/5/18,408.4,59.09,65.32,2.584,2.75,0,0,0,1
2/12/18,408.56,58.82,62.01,2.558,2.54,0,0,0,1
2/19/18,408.65,61.59,60.56,2.625,2.62,0,0,0,1
2/26/18,409.09,64.400002,62.47,2.695,2.64,0,0,0,1
3/5/18,410.03,63.400002,62.07,2.732,2.74,1,0,0,0
3/12/18,408.91,65.699997,61.65,2.688,2.71,1,0,0,0
3/19/18,409.32,63.5,61.28,2.591,2.66,1,0,0,0
3/26/18,410.22,62.25,64.11,2.733,2.67,1,0,0,0
4/2/18,409.39,61.040001,64.97,2.701,2.79,1,0,0,0
4/9/18,409.65,63.099998,63.07,2.735,2.78,1,0,0,0
4/16/18,411.26,53.25,66.02,2.739,2.83,1,0,0,0
4/23/18,411.88,53.259998,67.55,2.771,2.8,1,0,0,0
4/30/18,409.86,51.93,67.91,2.711,2.75,1,0,0,0
5/7/18,411.26,57.900002,68.38,2.806,2.76,1,0,0,0
5/14/18,412.07,59.09,70.56,2.847,2.8,1,0,0,0
5/21/18,411.65,57.66,71.3,2.939,2.83,1,0,0,0
5/28/18,411.61,59.580002,70.98,2.962,2.88,1,0,0,0
6/4/18,411.14,56.220001,66.96,2.89,2.92,0,1,0,0
6/11/18,411.36,56.869999,65.35,3.022,2.99,0,1,0,0
6/18/18,410.56,54.689999,66.21,2.945,2.99,0,1,0,0
6/25/18,410.76,54.93,66.32,2.924,2.98,0,1,0,0
7/2/18,409.6,56.209999,74.03,2.858,2.91,0,1,0,0
7/9/18,409.35,53.639999,73.73,2.752,2.89,0,1,0,0
7/16/18,408.74,57.849998,71.96,2.757,2.78,0,1,0,0
7/23/18,408.48,62.900002,68.95,2.822,2.79,0,1,0,0
7/30/18,407.65,58.639999,70.01,2.853,2.8,0,1,0,0
8/6/18,407.42,54.07,69.46,2.944,2.96,0,1,0,0
8/13/18,407.26,52.75,67.9,2.946,3,0,1,0,0
8/20/18,407.03,53.59,66.15,2.917,3.01,0,1,0,0
8/27/18,406.3,53.310001,68.1,2.916,2.97,0,1,0,0
9/3/18,405.68,55.810001,69.66,2.776,2.94,0,0,1,0
9/10/18,405.58,56.540001,68.51,2.767,2.93,0,0,1,0
9/17/18,405.88,56.860001,68.96,2.977,3.03,0,0,1,0
9/24/18,405.74,57.049999,70.28,3.008,3.06,0,0,1,0
10/1/18,405.69,58.009998,72.84,3.143,3.23,0,0,1,0
10/8/18,405.77,55.959999,75.13,3.161,3.3,0,0,1,0
10/15/18,406.2,59.02,72.96,3.25,3.26,0,0,1,0
10/22/18,406.81,60.209999,70.24,3.185,3.32,0,0,1,0
10/29/18,406.67,60.52,67.43,3.284,3.28,0,0,1,0
11/5/18,407.18,61.68,65.06,3.719,3.58,0,0,1,0
11/12/18,408.94,63.27,61.57,4.272,4.23,0,0,1,0
11/19/18,408.78,58.080002,56.92,4.308,4.67,0,0,1,0
11/26/18,408.58,53.139999,54.99,4.612,4.43,0,0,1,0
12/3/18,408.68,50.110001,51.01,4.488,4.49,0,0,0,1
12/10/18,409.6,49.57,52.63,3.827,4.38,0,0,0,1
12/17/18,409.51,51.43,51.54,3.816,3.73,0,0,0,1
12/24/18,409.33,46.75,46.98,3.303,3.26,0,0,0,1
12/31/18,409.8,31.129999,45.22,3.044,2.92,0,0,0,1
1/7/19,410.86,28.700001,47,3.099,2.89,0,0,0,1
1/14/19,410.55,23.360001,50.78,3.482,3.5,0,0,0,1
1/21/19,412.19,20.09,51.92,3.178,3.19,0,0,0,1
1/28/19,411.23,26.08,52.88,2.734,2.9,0,0,0,1
2/4/19,411.83,22.41,53.63,2.583,2.59,0,0,0,1
2/11/19,412.63,-37.630001,53.53,2.625,2.65,0,0,0,1
2/18/19,411.19,12.78,53.88,2.717,2.71,0,0,0,1
2/25/19,412.62,20.389999,56.74,2.859,2.91,0,0,0,1
3/4/19,412.37,24.139999,56.12,2.865,3.28,1,0,0,0
3/11/19,412.37,31.82,56.35,2.795,2.89,1,0,0,0
3/18/19,412.02,35.439999,57.81,2.753,2.86,1,0,0,0
3/25/19,411.53,38.189999,59.44,2.662,2.71,1,0,0,0
4/1/19,412.4,37.119999,59.49,2.664,2.7,1,0,0,0
4/8/19,413.35,40.459999,62.36,2.66,2.72,1,0,0,0
4/15/19,413.82,39.700001,64.1,2.49,2.62,1,0,0,0
4/22/19,413.99,40.630001,63.8,2.566,2.56,1,0,0,0
4/29/19,414.52,40.099998,65.28,2.567,2.59,1,0,0,0
5/6/19,414.54,40.810001,62.9,2.619,2.6,1,0,0,0
5/13/19,415.62,41.599998,61.81,2.631,2.67,1,0,0,0
5/20/19,414.97,41.009998,62.1,2.598,2.66,1,0,0,0
5/27/19,414.52,41.939999,60.72,2.454,2.66,1,0,0,0
6/3/19,414.62,42.889999,56.93,2.337,2.45,0,1,0,0
6/10/19,414.31,42.619999,52.97,2.387,2.41,0,1,0,0
6/17/19,414.09,42.610001,52.52,2.186,2.4,0,1,0,0
6/24/19,413.65,37.259998,54.75,2.308,2.34,0,1,0,0
7/1/19,413.66,39.310001,58.38,2.418,2.31,0,1,0,0
7/8/19,412.32,40.599998,57.32,2.453,2.47,0,1,0,0
7/15/19,412.38,39.220001,59.02,2.251,2.44,0,1,0,0
7/22/19,411.08,39.43,56.74,2.169,2.3,0,1,0,0
7/29/19,410.29,40.830002,56.05,2.121,2.24,0,1,0,0
8/5/19,410.56,38.560001,56.55,2.119,2.11,0,1,0,0
8/12/19,410.5,36.810001,53.28,2.2,2.21,0,1,0,0
8/19/19,409.8,40.290001,55.31,2.152,2.27,0,1,0,0
8/26/19,409.68,41.34,55.5,2.285,2.28,0,1,0,0
9/2/19,409.07,43.060001,55.21,2.496,2.46,0,0,1,0
9/9/19,408.84,45.34,55.73,2.614,2.64,0,0,1,0
9/16/19,408.74,45.759998,56.16,2.534,2.63,0,0,1,0
9/23/19,408.55,46.990002,59.33,2.404,2.52,0,0,1,0
9/30/19,408.2,47.740002,56.9,2.352,2.33,0,0,1,0
10/7/19,408.61,47.619999,53.12,2.214,2.26,0,0,1,0
10/14/19,408.85,47.619999,53.27,2.32,2.25,0,0,1,0
10/21/19,408.95,52.25,53.49,2.3,2.25,0,0,1,0
10/28/19,409.52,52.77,55.2,2.714,2.62,0,0,1,0
11/4/19,410.13,56.9020006,55.17,2.789,2.82,0,0,1,0
11/11/19,410.42,57.054,56.69,2.688,2.73,0,0,1,0
11/18/19,410.41,57.1440002,56.85,2.665,2.58,0,0,1,0
11/25/19,410.95,58.17666633,56.9,2.281,2.49,0,0,1,0
12/2/19,411.29,57.6239996,58.07,2.334,2.38,0,0,0,1
12/9/19,411.55,59.254,57.64,2.296,2.24,0,0,0,1
12/16/19,412.11,60.7479996,59.25,2.328,2.28,0,0,0,1
12/23/19,412.43,61.306667,60.75,2.158,2.03,0,0,0,1
12/30/19,413.21,61.7425,61.29,2.13,2.05,0,0,0,1
1/6/20,413.6,60.8360008,62.09,2.202,2.09,0,0,0,1
1/13/20,413.02,58.2360008,60.84,2.003,2.06,0,0,0,1
1/20/20,413.87,56.21500025,58.29,1.893,1.93,0,0,0,1
1/27/20,414.26,52.7300002,56.15,1.841,1.95,0,0,0,1
2/3/20,414.53,50.3480006,52.7,1.858,1.89,0,0,0,1
2/10/20,414.63,50.8299988,50.36,1.837,1.9,0,0,0,1
2/17/20,414.29,53.125,50.83,1.905,2,0,0,0,1
2/24/20,413.95,48.382,53.14,1.684,1.88,0,0,0,1
3/2/20,414.09,43.39833333,48.36,1.708,1.8,1,0,0,0
3/9/20,414.34,32.01499983,45.57,1.869,1.86,1,0,0,0
3/16/20,414.51,24.17000033,32.39,1.604,1.82,1,0,0,0
3/23/20,415.78,22.72000017,24.19,1.634,1.74,1,0,0,0
3/30/20,415.98,22.9079998,19.44,1.621,1.63,1,0,0,0
4/6/20,416.68,24.1379996,21.69,1.733,1.77,1,0,0,0
4/13/20,416.51,19.58666717,24.41,1.753,1.72,1,0,0,0
4/20/20,416.12,6.0266665,20.12,1.746,1.85,1,0,0,0
4/27/20,417.05,16.23833333,3.32,1.89,1.71,1,0,0,0
5/4/20,417.06,23.6499995,15.71,1.823,1.84,1,0,0,0
5/11/20,417.03,27.07666667,23.46,1.646,1.63,1,0,0,0
5/18/20,417.21,32.985,26.4,1.731,1.78,1,0,0,0
5/25/20,417.67,34.326,33.1,1.849,1.76,1,0,0,0
6/1/20,417.44,37.81000017,34.19,1.782,1.7,0,1,0,0
6/8/20,416.58,37.47166567,37.32,1.731,1.7,0,1,0,0
6/15/20,416.5,38.6366665,37.87,1.669,1.52,0,1,0,0
6/22/20,416.28,38.98333283,38.35,1.495,1.57,0,1,0,0
6/29/20,415.67,39.9640008,39.22,1.734,1.71,0,1,0,0
7/6/20,415.47,40.4216665,39.85,1.805,1.78,0,1,0,0
7/13/20,414.76,40.59499983,40.44,1.718,1.77,0,1,0,0
7/20/20,414.11,41.35666733,40.57,1.808,1.72,0,1,0,0
7/27/20,413.45,40.70333267,41.34,1.799,1.82,0,1,0,0
8/3/20,413.4,41.61166633,40.69,2.238,2.13,0,1,0,0
8/10/20,412.98,42.123333,41.57,2.356,2.17,0,1,0,0
8/17/20,412.62,42.6833335,42.08,2.448,2.39,0,1,0,0
8/24/20,412.19,43.0699995,42.73,2.657,2.52,0,1,0,0
8/31/20,411.82,41.6039992,42.93,2.588,2.16,0,1,0,0
9/7/20,411.6,37.3599995,41.84,2.269,2.16,0,0,1,0
9/14/20,411.7,39.5559998,37.38,2.048,1.93,0,0,1,0
9/21/20,411.23,39.88,39.55,2.139,1.68,0,0,1,0
9/28/20,411.29,39.176,39.78,2.438,1.65,0,0,1,0
10/5/20,411.28,40.3259994,38.99,2.741,1.91,0,0,1,0
10/12/20,411.35,40.5020004,40.19,2.773,2.17,0,0,1,0
10/19/20,411.75,40.5619994,40.33,2.971,2.74,0,0,1,0
10/26/20,411.71,37.4959998,40.43,3.354,3.09,0,0,1,0
11/2/20,411.99,37.9100006,37.32,2.888,2.78,0,0,1,0
11/9/20,412.98,40.8700006,37.71,2.995,2.75,0,0,1,0
11/16/20,412.76,41.6960008,40.66,2.65,2.39,0,0,1,0
11/23/20,414.07,44.56,41.52,2.843,2.39,0,0,1,0
11/30/20,413.97,45.413999,44.4,2.575,2.69,0,0,1,0
12/7/20,413.63,46.045999,45.37,2.591,2.44,0,0,0,1
12/14/20,414.15,47.978,46.04,2.7,2.7,0,0,0,1
12/21/20,414.84,47.626667,47.97,2.518,2.72,0,0,0,1
12/28/20,415.33,48.13500025,47.73,2.539,2.38,0,0,0,1
1/4/21,415.38,50.2500008,47.98,2.7,2.74,0,0,0,1
1/11/21,415.07,52.86,50.09,2.737,2.82,0,0,0,1
1/18/21,415.42,52.90500075,52.75,2.446,2.54,0,0,0,1
1/25/21,416.01,52.6900005,52.82,2.564,2.71,0,0,0,1
1/25/21,416.01,61.62044139,52.52,2.564,3.12,0,0,0,1
1/25/21,416.01,61.62044139,55.39,2.564,3.12,0,0,0,1
1/25/21,416.01,61.62044139,,2.564,3.12,0,0,0,1