Date,gasoline,oil_futures,close1,close2,close3,close4,close5,spring,summer,fall,winter,gas_1,gas_2
9/11/00,1.598,35.099998,33.700001,35.330002,34.950001,33.799999,33.380001,0,0,1,0,,
9/18/00,1.599,36.880001,35.849998,34.099998,33.799999,34.200001,35.099998,0,0,1,0,1.598,
9/25/00,1.586,31.57,32.650002,33.950001,37.5,36.5,36.880001,0,0,1,0,1.599,1.598
10/2/00,1.563,32.150002,30.860001,30.299999,31.5,31.5,31.57,0,0,1,0,1.586,1.599
10/9/00,1.541,31.879999,30.85,30.65,31.5,32.07,32.150002,0,0,1,0,1.563,1.586
10/16/00,1.578,33.099998,35.049999,36.099998,33.150002,33.150002,31.879999,0,0,1,0,1.541,1.563
10/23/00,1.588,33.73,34.299999,32.950001,33.549999,32.950001,33.099998,0,0,1,0,1.578,1.541
10/30/00,1.584,32.810001,32.700001,33.75,32.959999,33.369999,33.73,0,0,1,0,1.588,1.578
11/6/00,1.565,32.860001,32.599998,32.540001,33.200001,32.689999,32.810001,0,0,1,0,1.584,1.588
11/13/00,1.562,34.43,34.09,33.950001,33.290001,33.400002,32.860001,0,0,1,0,1.565,1.584
11/20/00,1.55,35.220001,35.599998,35.049999,35.599998,34.849998,34.43,0,0,1,0,1.562,1.565
11/27/00,1.549,35.380001,35.400002,35.150002,35.220001,35.599998,35.049999,0,0,1,0,1.55,1.562
12/4/00,1.526,31.299999,32.049999,33.799999,34.630001,34.25,35.380001,0,0,0,1,1.549,1.55
12/11/00,1.49,29.450001,28.5,29.360001,29.85,29.549999,31.299999,0,0,0,1,1.526,1.549
12/18/00,1.462,29.65,28.85,27.9,28.5,29.690001,29.450001,0,0,0,1,1.49,1.526
12/25/00,1.453,29.65,28.85,27.9,28.5,29.690001,29.450001,0,0,0,1,1.462,1.49
1/1/01,1.446,29.65,28.85,27.9,28.5,29.690001,29.450001,0,0,0,1,1.453,1.462
1/8/01,1.465,27.35,28,28.200001,27.950001,27.200001,26.799999,0,0,0,1,1.446,1.453
1/15/01,1.513,27.35,28,28.200001,27.950001,27.200001,26.799999,0,0,0,1,1.465,1.446
1/22/01,1.511,32,32.099998,30.450001,29.65,30.35,30.049999,0,0,0,1,1.513,1.465
1/29/01,1.5,29.059999,29.780001,29.360001,29.049999,29.57,32,0,0,0,1,1.511,1.513
2/5/01,1.483,30.5,31.25,29.799999,28.700001,29.059999,29.059999,0,0,0,1,1.5,1.511
2/12/01,1.515,30.549999,31.049999,31.559999,31.200001,30.35,30.5,0,0,0,1,1.483,1.5
2/19/01,1.489,30.549999,31.049999,31.559999,31.200001,30.35,30.5,0,0,0,1,1.515,1.483
2/26/01,1.471,28.440001,29,28.82,28.549999,28.58,29.16,0,0,0,1,1.489,1.515
3/5/01,1.457,28.6,27.84,27.65,27.42,28.120001,28.440001,1,0,0,0,1.471,1.489
3/12/01,1.453,28,27.799999,28.49,28.950001,28.299999,28.6,1,0,0,0,1.457,1.471
3/19/01,1.444,26.18,26.700001,26.65,26.450001,27.450001,28,1,0,0,0,1.453,1.457
3/26/01,1.445,27.459999,27.299999,26.52,26.799999,25.9,26.18,1,0,0,0,1.444,1.453
4/2/01,1.482,25.59,26.4,26.35,26.25,27.75,27.459999,1,0,0,0,1.445,1.444
4/9/01,1.54,27.34,27.059999,27.26,27.120001,26.190001,25.59,1,0,0,0,1.482,1.445
4/16/01,1.61,28.790001,28.25,28.18,28.48,27.34,27.059999,1,0,0,0,1.54,1.482
4/23/01,1.658,27.610001,27.280001,27.83,27.950001,28.24,28.790001,1,0,0,0,1.61,1.54
4/30/01,1.665,28.459999,28.27,28.440001,27.290001,26.860001,27.610001,1,0,0,0,1.658,1.61
5/7/01,1.739,27.77,28.360001,28.450001,27.799999,28.940001,28.459999,1,0,0,0,1.665,1.658
5/14/01,1.748,28.709999,28.549999,28.52,28.23,27.389999,27.77,1,0,0,0,1.739,1.665
5/21/01,1.724,29.98,29.91,28.91,28.860001,28.98,28.709999,1,0,0,0,1.748,1.739
5/28/01,1.739,29.98,29.91,28.91,28.860001,28.98,28.709999,1,0,0,0,1.724,1.748
6/4/01,1.715,28.129999,27.93,28.370001,28.549999,28.66,28.379999,0,1,0,0,1.739,1.724
6/11/01,1.688,29.040001,28.4,27.75,27.719999,28.24,28.129999,0,1,0,0,1.715,1.739
6/18/01,1.644,27.549999,28.51,29.040001,28.84,29.18,29.040001,0,1,0,0,1.688,1.715
6/25/01,1.583,27.25,26.83,26.559999,26.5,27.48,27.549999,0,1,0,0,1.644,1.688
7/2/01,1.52,25.950001,26.25,25.559999,25.610001,26.98,27.25,0,1,0,0,1.583,1.644
7/9/01,1.484,27.59,28.209999,27.02,26.24,25.950001,26.25,0,1,0,0,1.52,1.583
7/16/01,1.459,26.059999,26.59,26.799999,27.110001,27.49,27.59,0,1,0,0,1.484,1.52
7/23/01,1.44,26.120001,25.59,24.700001,24.889999,25.57,26.059999,0,1,0,0,1.459,1.484
7/30/01,1.428,26.629999,27.02,26.73,26.84,26.309999,26.120001,0,1,0,0,1.44,1.459
8/6/01,1.419,27.74,27.620001,27.709999,26.77,26.35,26.629999,0,1,0,0,1.428,1.44
8/13/01,1.434,27.82,28.049999,27.639999,27.540001,27.940001,27.74,0,1,0,0,1.419,1.428
8/20/01,1.467,27.18,26.629999,27.450001,27.559999,28.01,27.82,0,1,0,0,1.434,1.419
8/27/01,1.523,26.67,26.9,26.629999,26.370001,27.85,27.18,0,1,0,0,1.467,1.434
9/3/01,1.579,26.67,26.9,26.629999,26.370001,27.85,27.18,0,0,1,0,1.523,1.467
9/10/01,1.562,27.629999,28.030001,27.58,26.950001,26.93,27.200001,0,0,1,0,1.579,1.523
9/17/01,1.564,28.809999,29.530001,27.629999,28.030001,27.58,26.950001,0,0,1,0,1.562,1.579
9/24/01,1.522,22.01,25.969999,26.59,26.719999,27.700001,28.809999,0,0,1,0,1.564,1.562
10/1/01,1.455,23.280001,23.43,22.74,22.379999,21.809999,22.01,0,0,1,0,1.522,1.564
10/8/01,1.393,22.450001,22.389999,22.629999,22.08,22.790001,23.280001,0,0,1,0,1.455,1.522
10/15/01,1.351,22.290001,22.5,23.34,22.530001,22.48,22.450001,0,0,1,0,1.393,1.455
10/22/01,1.307,21.76,21.83,21.309999,21.809999,22,22.290001,0,0,1,0,1.351,1.393
10/29/01,1.277,22.15,22.049999,22.01,22.33,21.85,21.76,0,0,1,0,1.307,1.351
11/5/01,1.249,20.02,20.18,20.389999,21.18,21.870001,22.15,0,0,1,0,1.277,1.307
11/12/01,1.224,21.23,22.219999,21.17,20.09,19.92,20.02,0,0,1,0,1.249,1.277
11/19/01,1.208,17.719999,18.030001,17.450001,19.74,21.67,21.23,0,0,1,0,1.224,1.249
11/26/01,1.168,18.690001,18.959999,19.15,17.719999,18.030001,17.450001,0,0,1,0,1.208,1.224
12/3/01,1.149,20.09,19.440001,18.620001,19.219999,19.48,18.690001,0,0,0,1,1.168,1.208
12/10/01,1.136,18.370001,19.040001,18.540001,19.49,19.65,20.09,0,0,0,1,1.149,1.168
12/17/01,1.101,19.219999,19.290001,18.120001,18.360001,18.08,18.370001,0,0,0,1,1.136,1.149
12/24/01,1.113,19.219999,19.290001,18.120001,18.360001,18.08,18.370001,0,0,0,1,1.101,1.136
12/31/01,1.137,19.84,20.41,20.9,21.27,19.620001,19.280001,0,0,0,1,1.113,1.101
1/7/02,1.152,21.48,21.620001,20.370001,21.01,19.84,20.41,0,0,0,1,1.137,1.113
1/14/02,1.152,18.889999,19.68,20.379999,20.18,21.25,21.48,0,0,0,1,1.152,1.137
1/21/02,1.146,18.889999,19.68,20.379999,20.18,21.25,21.48,0,0,0,1,1.152,1.152
1/28/02,1.142,20.049999,20,19.719999,19.48,18.6,18,0,0,0,1,1.146,1.152
2/4/02,1.157,20.059999,20.4,19.48,19.15,19.57,20.049999,0,0,0,1,1.142,1.146
2/11/02,1.148,21.32,20.25,19.68,19.75,20.049999,20.059999,0,0,0,1,1.157,1.142
2/18/02,1.157,21.32,20.25,19.68,19.75,20.049999,20.059999,0,0,0,1,1.148,1.157
2/25/02,1.157,20.42,21.08,21.049999,20.23,20.870001,21.5,0,0,0,1,1.157,1.148
3/4/02,1.185,22.5,22.360001,21.85,21.290001,21.360001,20.42,1,0,0,0,1.157,1.157
3/11/02,1.262,24.299999,23.85,23.780001,23.219999,23.17,22.5,1,0,0,0,1.185,1.157
3/18/02,1.328,25.049999,24.48,24.549999,24.15,24.15,24.299999,1,0,0,0,1.262,1.185
3/25/02,1.382,25.02,25.26,25.6,24.700001,25.049999,25.049999,1,0,0,0,1.328,1.262
4/1/02,1.412,26.860001,26.23,25.870001,25.43,25.02,25.26,1,0,0,0,1.382,1.328
4/8/02,1.454,26.549999,26.219999,26.68,27.559999,27.700001,26.860001,1,0,0,0,1.412,1.382
4/15/02,1.446,24.549999,23.450001,25.02,26.120001,25.799999,26.549999,1,0,0,0,1.454,1.412
4/22/02,1.446,26.299999,26.4,26.09,25.92,24.85,24.549999,1,0,0,0,1.446,1.454
4/29/02,1.435,27.52,27.15,26.67,26.43,26.59,26.299999,1,0,0,0,1.446,1.446
5/6/02,1.437,26.08,26.719999,26.35,26.74,27.290001,27.52,1,0,0,0,1.435,1.446
5/13/02,1.431,28.450001,27.879999,27.700001,27.73,26.620001,26.08,1,0,0,0,1.437,1.435
5/20/02,1.439,28.200001,28.200001,27.969999,28.200001,29.299999,28.450001,1,0,0,0,1.431,1.437
5/27/02,1.429,28.200001,28.200001,27.969999,28.200001,29.299999,28.450001,1,0,0,0,1.439,1.431
6/3/02,1.433,25.110001,25.35,24.700001,25.719999,25.18,25.879999,0,1,0,0,1.429,1.439
6/10/02,1.417,24.32,24.73,24.93,24.889999,25.299999,25.110001,0,1,0,0,1.433,1.429
6/17/02,1.419,26.09,25.870001,25.639999,24.68,24.18,24.32,0,1,0,0,1.417,1.433
6/24/02,1.425,26.469999,25.75,25.6,25.299999,25.35,26.09,0,1,0,0,1.419,1.417
7/1/02,1.433,26.809999,26.860001,26.860001,26.76,26.32,26.469999,0,1,0,0,1.425,1.419
7/8/02,1.423,26.07,26.799999,26.77,26.809999,26.860001,26.860001,0,1,0,0,1.433,1.425
7/15/02,1.435,27.07,27.469999,26.83,26.77,26.09,26.07,0,1,0,0,1.423,1.433
7/22/02,1.451,26.6,27.83,27.57,27.879999,27.75,27.07,0,1,0,0,1.435,1.423
7/29/02,1.447,26.549999,26.540001,26.77,26.870001,26.309999,26.6,0,1,0,0,1.451,1.435
8/5/02,1.437,26.58,26.84,26.469999,27.02,27.360001,26.549999,0,1,0,0,1.447,1.451
8/12/02,1.435,27.860001,26.860001,26.67,26.5,27.17,26.58,0,1,0,0,1.437,1.447
8/19/02,1.434,29.84,29.33,29.059999,28.15,27.9,27.860001,0,1,0,0,1.435,1.437
8/26/02,1.444,29.280001,28.73,28.84,29.24,30.110001,29.84,0,1,0,0,1.434,1.435
9/2/02,1.436,29.280001,28.73,28.84,29.24,30.110001,29.84,0,0,1,0,1.444,1.434
9/9/02,1.437,29.73,29.610001,28.98,28.27,27.790001,28.98,0,0,1,0,1.436,1.444
9/16/02,1.442,29.67,29.809999,28.85,29.77,29.73,29.73,0,0,1,0,1.437,1.436
9/23/02,1.436,30.709999,29.84,29.5,29.48,29.08,29.67,0,0,1,0,1.442,1.437
9/30/02,1.455,30.469999,30.540001,30.41,30.639999,30.77,30.709999,0,0,1,0,1.436,1.442
10/7/02,1.48,29.639999,29.620001,29.76,30.49,30.83,30.469999,0,0,1,0,1.455,1.436
10/14/02,1.481,30.030001,29.370001,28.969999,29.35,29.48,29.639999,0,0,1,0,1.48,1.455
10/21/02,1.499,28.379999,29.6,29.620001,29.469999,29.719999,30.030001,0,0,1,0,1.481,1.48
10/28/02,1.485,27.290001,27.049999,28.200001,28.18,27.92,28.379999,0,0,1,0,1.499,1.481
11/4/02,1.489,26.950001,27.129999,27.219999,26.809999,26.860001,27.290001,0,0,1,0,1.485,1.499
11/11/02,1.48,25.940001,25.780001,25.379999,25.77,26.139999,26.950001,0,0,1,0,1.489,1.485
11/18/02,1.451,26.709999,25.51,25.290001,25.190001,25.9,25.940001,0,0,1,0,1.48,1.489
11/25/02,1.423,26.110001,26.76,26.35,26.98,26.42,26.709999,0,0,1,0,1.451,1.48
12/2/02,1.408,27.24,26.889999,26.4,26.110001,26.76,26.35,0,0,0,1,1.423,1.451
12/9/02,1.404,27.26,26.93,27.290001,26.73,27.299999,27.24,0,0,0,1,1.408,1.423
12/16/02,1.407,30.1,28.440001,27.92,27.4,27.75,27.26,0,0,0,1,1.404,1.408
12/23/02,1.443,31.75,30.299999,30.559999,30.440001,30.1,30.1,0,0,0,1,1.407,1.404
12/30/02,1.484,31.370001,32.720001,32.490002,31.969999,31.75,30.299999,0,0,0,1,1.443,1.407
1/6/03,1.487,32.099998,33.080002,31.85,31.200001,31.370001,32.720001,0,0,0,1,1.484,1.443
1/13/03,1.496,32.259998,31.68,31.99,30.559999,31.08,32.099998,0,0,0,1,1.487,1.484
1/20/03,1.502,32.259998,31.68,31.99,30.559999,31.08,32.099998,0,0,0,1,1.496,1.487
1/27/03,1.515,32.290001,33.279999,32.25,32.849998,34.610001,33.91,0,0,0,1,1.502,1.496
2/3/03,1.569,32.759998,33.509998,33.849998,33.630001,32.669998,32.290001,0,0,0,1,1.515,1.502
2/10/03,1.649,34.48,35.119999,34.16,33.93,33.580002,32.759998,0,0,0,1,1.569,1.515
2/17/03,1.701,34.48,35.119999,34.16,33.93,33.580002,32.759998,0,0,0,1,1.649,1.569
2/24/03,1.699,36.48,35.580002,36.790001,37.16,36.959999,36.799999,0,0,0,1,1.701,1.649
3/3/03,1.726,35.880001,36.599998,37.200001,37.700001,36.060001,36.48,1,0,0,0,1.699,1.701
3/10/03,1.752,37.27,37.779999,37,36.689999,36.889999,35.880001,1,0,0,0,1.726,1.699
3/17/03,1.768,34.93,35.380001,36.009998,37.830002,36.720001,37.27,1,0,0,0,1.752,1.726
3/24/03,1.732,28.66,26.91,28.610001,29.879999,31.67,34.93,1,0,0,0,1.768,1.752
3/31/03,1.692,31.040001,30.16,30.370001,28.629999,27.969999,28.66,1,0,0,0,1.732,1.768
4/7/03,1.673,27.959999,28.620001,28.969999,28.559999,29.780001,31.040001,1,0,0,0,1.692,1.732
4/14/03,1.639,28.629999,28.139999,27.459999,28.85,28,27.959999,1,0,0,0,1.673,1.692
4/21/03,1.618,30.870001,30.549999,29.18,29.290001,28.629999,28.139999,1,0,0,0,1.639,1.673
4/28/03,1.6,25.49,26.26,26.639999,26.65,29.91,30.870001,1,0,0,0,1.618,1.639
5/5/03,1.556,26.49,25.67,26.030001,25.799999,25.24,25.49,1,0,0,0,1.6,1.618
5/12/03,1.534,27.35,27.719999,26.98,26.23,25.719999,26.49,1,0,0,0,1.556,1.6
5/19/03,1.539,28.83,29.139999,28.74,29.17,28.5,27.35,1,0,0,0,1.534,1.556
5/26/03,1.528,28.83,29.139999,28.74,29.17,28.5,27.35,1,0,0,0,1.539,1.534
6/2/03,1.514,30.709999,29.559999,29.1,28.58,29.35,29.16,0,1,0,0,1.528,1.539
6/9/03,1.53,31.450001,31.280001,30.74,30.049999,30.67,30.709999,0,1,0,0,1.514,1.528
6/16/03,1.558,31.18,30.65,31.51,32.360001,31.73,31.450001,0,1,0,0,1.53,1.514
6/23/03,1.537,29.17,30.82,29.959999,30.360001,31.07,31.18,0,1,0,0,1.558,1.53
6/30/03,1.528,30.190001,29.27,29.01,29.950001,28.780001,29.17,0,1,0,0,1.537,1.558
7/7/03,1.53,30.129999,30.42,30.15,30.4,30.190001,29.27,0,1,0,0,1.528,1.537
7/14/03,1.563,31.27,31.280001,31.059999,30.879999,30.219999,30.129999,0,1,0,0,1.53,1.528
7/21/03,1.566,31.780001,31.959999,31.41,31.049999,31.620001,31.27,0,1,0,0,1.563,1.53
7/28/03,1.558,30.110001,30.17,30.219999,29.67,30.190001,31.780001,0,1,0,0,1.566,1.563
8/4/03,1.576,31.84,32.310001,30.540001,30.68,30.24,30.110001,0,1,0,0,1.558,1.566
8/11/03,1.611,32.009998,32.18,32.389999,31.700001,32.220001,31.84,0,1,0,0,1.576,1.558
8/18/03,1.668,30.889999,31.049999,31.09,30.780001,31.92,32.009998,0,1,0,0,1.611,1.576
8/25/03,1.787,31.559999,31.84,31.879999,30.950001,30.700001,30.889999,0,1,0,0,1.668,1.611
9/1/03,1.786,31.559999,31.84,31.879999,30.950001,30.700001,30.889999,0,0,1,0,1.787,1.668
9/8/03,1.758,28.85,28.879999,28.98,29.49,29.41,31.57,0,0,1,0,1.786,1.787
9/15/03,1.739,28.139999,28.27,28.82,29.35,29.18,28.85,0,0,1,0,1.758,1.786
9/22/03,1.686,26.959999,27.030001,27.17,27.030001,27.559999,28.139999,0,0,1,0,1.739,1.758
9/29/03,1.635,28.4,28.16,28.290001,28.24,27.129999,26.959999,0,0,1,0,1.686,1.739
10/6/03,1.617,30.469999,30.4,29.84,29.389999,29.200001,28.4,0,0,1,0,1.635,1.686
10/13/03,1.611,31.950001,31.969999,31.01,29.809999,30.41,30.469999,0,0,1,0,1.617,1.635
10/20/03,1.612,30.35,30.68,31.540001,31.77,31.82,31.950001,0,0,1,0,1.611,1.617
10/27/03,1.584,29.92,30.16,30.299999,29.92,30.18,30.35,0,0,1,0,1.612,1.611
11/3/03,1.577,28.9,29.110001,28.469999,28.91,29.559999,29.92,0,0,1,0,1.584,1.612
11/10/03,1.547,30.879999,30.85,30.26,30.299999,28.75,28.9,0,0,1,0,1.577,1.584
11/17/03,1.54,31.73,32.369999,31.9,31.33,31.15,30.879999,0,0,1,0,1.547,1.577
11/24/03,1.554,29.74,31.610001,32.860001,32.919998,33.279999,31.73,0,0,1,0,1.54,1.547
12/1/03,1.533,29.950001,30.41,29.77,29.74,31.610001,32.860001,0,0,0,1,1.554,1.54
12/8/03,1.519,32.099998,30.73,31.26,31.1,30.780001,29.950001,0,0,0,1,1.533,1.554
12/15/03,1.509,33.18,33.040001,31.85,31.879999,31.76,32.099998,0,0,0,1,1.519,1.533
12/22/03,1.528,31.870001,33.02,33.709999,33.349998,32.889999,33.18,0,0,0,1,1.509,1.519
12/29/03,1.521,32.400002,32.860001,31.950001,31.870001,33.02,33.709999,0,0,0,1,1.528,1.509
1/5/04,1.552,33.779999,32.52,32.790001,32.400002,32.860001,31.950001,0,0,0,1,1.521,1.528
1/12/04,1.603,34.720001,34.310001,33.98,33.619999,33.700001,33.779999,0,0,0,1,1.552,1.521
1/19/04,1.637,34.720001,34.310001,33.98,33.619999,33.700001,33.779999,0,0,0,1,1.603,1.552
1/26/04,1.664,34.470001,34.939999,34.93,34.580002,36.200001,35.07,0,0,0,1,1.637,1.603
2/2/04,1.66,34.98,33.049999,32.810001,33.619999,34.119999,34.470001,0,0,0,1,1.664,1.637
2/9/04,1.681,32.830002,32.48,33.080002,33.099998,34.099998,34.98,0,0,0,1,1.66,1.664
2/16/04,1.69,32.830002,32.48,33.080002,33.099998,34.099998,34.98,0,0,0,1,1.681,1.66
2/23/04,1.73,34.349998,35.599998,36,35.450001,35.16,34.560001,0,0,0,1,1.69,1.681
3/1/04,1.758,36.860001,36.16,35.509998,35.68,34.580002,34.349998,1,0,0,0,1.73,1.69
3/8/04,1.78,36.57,37.259998,36.639999,35.799999,36.66,36.860001,1,0,0,0,1.758,1.73
3/15/04,1.767,37.439999,36.189999,36.779999,36.099998,36.279999,36.57,1,0,0,0,1.78,1.758
3/22/04,1.785,37.110001,38.080002,37.93,38.18,37.48,37.439999,1,0,0,0,1.767,1.78
3/29/04,1.8,35.450001,35.73,35.509998,37.009998,37.450001,37.110001,1,0,0,0,1.785,1.767
4/5/04,1.822,34.380001,34.389999,34.27,35.759998,36.25,35.450001,1,0,0,0,1.8,1.785
4/12/04,1.827,37.84,37.139999,36.150002,34.970001,34.380001,34.389999,1,0,0,0,1.822,1.8
4/19/04,1.853,37.419998,37.740002,37.57,36.720001,37.209999,37.84,1,0,0,0,1.827,1.822
4/26/04,1.853,36.970001,36.459999,36.709999,35.73,37.599998,37.419998,1,0,0,0,1.853,1.827
5/3/04,1.884,38.209999,37.380001,37.310001,37.459999,37.529999,36.970001,1,0,0,0,1.853,1.853
5/10/04,1.979,38.93,39.93,39.369999,39.57,38.98,38.209999,1,0,0,0,1.884,1.853
5/17/04,2.055,41.549999,41.380001,41.080002,40.77,40.060001,38.93,1,0,0,0,1.979,1.884
5/24/04,2.104,41.720001,39.93,40.919998,41.5,40.540001,41.549999,1,0,0,0,2.055,1.979
5/31/04,2.092,41.720001,39.93,40.919998,41.5,40.540001,41.549999,1,0,0,0,2.104,2.055
6/7/04,2.075,38.66,38.490002,39.279999,39.959999,42.330002,39.880001,0,1,0,0,2.092,2.104
6/14/04,2.029,37.59,38.450001,37.540001,37.279999,38.66,38.490002,0,1,0,0,2.075,2.092
6/21/04,1.981,37.630001,38.75,38.459999,37.32,37.189999,37.59,0,1,0,0,2.029,2.075
6/28/04,1.965,36.240002,37.549999,37.93,37.57,38.110001,37.630001,0,1,0,0,1.981,2.029
7/5/04,1.939,36.240002,37.549999,37.93,37.57,38.110001,37.630001,0,1,0,0,1.965,1.981
7/12/04,1.959,39.5,39.959999,40.330002,39.080002,39.650002,38.389999,0,1,0,0,1.939,1.965
7/19/04,1.971,41.639999,41.25,40.77,40.970001,39.439999,39.5,0,1,0,0,1.959,1.939
7/26/04,1.948,41.439999,41.709999,41.360001,40.580002,40.860001,41.639999,0,1,0,0,1.971,1.959
8/2/04,1.93,43.82,43.799999,42.75,42.900002,41.84,41.439999,0,1,0,0,1.948,1.971
8/9/04,1.92,44.84,43.950001,44.41,42.830002,44.150002,43.82,0,1,0,0,1.93,1.948
8/16/04,1.917,46.049999,46.580002,45.5,44.799999,44.52,44.84,0,1,0,0,1.92,1.93
8/23/04,1.926,46.049999,47.860001,48.700001,47.27,46.75,46.049999,0,1,0,0,1.917,1.92
8/30/04,1.909,42.279999,43.18,43.099998,43.470001,45.209999,46.049999,0,1,0,0,1.926,1.917
9/6/04,1.893,42.279999,43.18,43.099998,43.470001,45.209999,46.049999,0,0,1,0,1.909,1.926
9/13/04,1.889,43.869999,42.810001,44.610001,42.77,43.310001,43.990002,0,0,1,0,1.893,1.909
9/20/04,1.908,46.349998,45.59,43.880001,43.580002,44.389999,43.869999,0,0,1,0,1.889,1.893
9/27/04,1.959,49.639999,48.880001,48.459999,48.349998,47.099998,46.349998,0,0,1,0,1.908,1.889
10/4/04,1.98,49.91,50.119999,49.639999,49.509998,49.900002,49.639999,0,0,1,0,1.959,1.908
10/11/04,2.035,53.639999,53.310001,52.669998,52.02,51.09,49.91,0,0,1,0,1.98,1.959
10/18/04,2.077,53.669998,54.93,54.759998,53.639999,52.509998,53.639999,0,0,1,0,2.035,1.98
10/25/04,2.074,54.540001,55.169998,54.470001,54.919998,53.290001,53.669998,0,0,1,0,2.077,2.035
11/1/04,2.076,50.130001,51.759998,50.919998,52.459999,55.169998,54.540001,0,0,1,0,2.074,2.077
11/8/04,2.045,49.09,49.610001,48.82,50.880001,49.619999,50.130001,0,0,1,0,2.076,2.074
11/15/04,2.014,46.869999,47.32,47.419998,48.860001,47.369999,49.09,0,0,1,0,2.045,2.076
11/22/04,1.992,48.639999,48.439999,46.220001,46.84,46.110001,46.869999,0,0,1,0,2.014,2.045
11/29/04,1.989,49.759998,49.439999,48.939999,48.639999,48.439999,46.220001,0,0,1,0,1.992,2.014
12/6/04,1.956,42.98,42.540001,43.25,45.490002,49.130001,49.759998,0,0,0,1,1.989,1.992
12/13/04,1.893,41.009998,40.709999,42.529999,41.939999,41.459999,42.98,0,0,0,1,1.956,1.989
12/20/04,1.861,45.639999,46.279999,44.18,44.189999,41.82,41.009998,0,0,0,1,1.893,1.956
12/27/04,1.838,41.32,44.18,44.240002,45.759998,45.639999,46.279999,0,0,0,1,1.861,1.893
1/3/05,1.824,42.119999,43.450001,43.639999,41.77,41.32,44.18,0,0,0,1,1.838,1.861
1/10/05,1.837,45.330002,45.43,45.560001,43.389999,43.91,42.119999,0,0,0,1,1.824,1.838
1/17/05,1.863,45.330002,45.43,45.560001,43.389999,43.91,42.119999,0,0,0,1,1.837,1.824
1/24/05,1.896,48.810001,48.529999,46.91,47.549999,48.380001,48.380001,0,0,0,1,1.863,1.837
1/31/05,1.953,48.200001,47.18,48.84,48.779999,49.639999,48.810001,0,0,0,1,1.896,1.863
2/7/05,1.952,45.279999,46.48,46.450001,46.689999,47.119999,48.200001,0,0,0,1,1.953,1.896
2/14/05,1.941,47.439999,47.16,47.099998,45.459999,45.400002,45.279999,0,0,0,1,1.952,1.953
2/21/05,1.948,47.439999,47.16,47.099998,45.459999,45.400002,45.279999,0,0,0,1,1.941,1.952
2/28/05,1.969,51.75,51.490002,51.389999,51.169998,51.150002,48.349998,0,0,0,1,1.948,1.941
3/7/05,2.04,53.889999,53.779999,53.57,53.049999,51.68,51.75,1,0,0,0,1.969,1.948
3/14/05,2.098,54.950001,54.43,53.540001,54.77,54.59,53.889999,1,0,0,0,2.04,1.969
3/21/05,2.149,56.619999,56.720001,56.400002,56.459999,55.049999,54.950001,1,0,0,0,2.098,2.04
3/28/05,2.194,54.049999,54.84,53.810001,56.029999,56.619999,56.720001,1,0,0,0,2.149,2.098
4/4/05,2.258,57.009998,57.27,55.400002,53.990002,54.23,54.049999,1,0,0,0,2.194,2.149
4/11/05,2.321,53.709999,53.32,54.110001,55.849998,56.040001,57.009998,1,0,0,0,2.258,2.194
4/18/05,2.28,50.369999,50.490002,51.130001,50.220001,51.860001,53.709999,1,0,0,0,2.321,2.258
4/25/05,2.279,54.57,55.389999,54.200001,52.439999,52.290001,50.369999,1,0,0,0,2.28,2.321
5/2/05,2.277,50.919998,49.720001,51.77,51.610001,54.200001,54.57,1,0,0,0,2.279,2.28
5/9/05,2.231,52.029999,50.959999,50.830002,50.130001,49.5,50.919998,1,0,0,0,2.277,2.279
5/16/05,2.206,48.610001,48.669998,48.540001,50.450001,52.07,52.029999,1,0,0,0,2.231,2.277
5/23/05,2.169,49.16,46.799999,46.919998,47.25,48.970001,48.610001,1,0,0,0,2.206,2.231
5/30/05,2.141,49.16,46.799999,46.919998,47.25,48.970001,48.610001,1,0,0,0,2.169,2.206
6/6/05,2.159,54.490002,55.029999,53.630001,54.599998,51.970001,51.849998,0,1,0,0,2.141,2.169
6/13/05,2.173,55.619999,53.540001,54.279999,52.540001,53.759998,54.490002,0,1,0,0,2.159,2.141
6/20/05,2.204,59.369999,58.470001,56.580002,55.57,55,55.619999,0,1,0,0,2.173,2.159
6/27/05,2.257,60.540001,59.84,59.419998,58.09,58.900002,59.369999,0,1,0,0,2.204,2.173
7/4/05,2.268,60.540001,59.84,59.419998,58.09,58.900002,59.369999,0,1,0,0,2.257,2.204
7/11/05,2.369,58.919998,59.630001,60.73,61.279999,59.59,58.75,0,1,0,0,2.268,2.257
7/18/05,2.36,57.32,58.09,57.799999,60.009998,60.619999,58.919998,0,1,0,0,2.369,2.268
7/25/05,2.333,59,58.650002,57.130001,56.720001,57.459999,57.32,0,1,0,0,2.36,2.369
8/1/05,2.335,61.57,60.57,59.939999,59.110001,59.200001,59,0,1,0,0,2.333,2.36
8/8/05,2.41,63.939999,62.310001,61.380001,60.860001,61.889999,61.57,0,1,0,0,2.335,2.333
8/15/05,2.592,66.269997,66.860001,65.800003,64.900002,63.07,63.939999,0,1,0,0,2.41,2.335
8/22/05,2.654,65.449997,65.349998,63.27,63.25,66.080002,66.269997,0,1,0,0,2.592,2.41
8/29/05,2.653,67.199997,66.129997,67.489998,67.32,65.709999,65.449997,0,1,0,0,2.654,2.592
9/5/05,3.117,67.199997,66.129997,67.489998,67.32,65.709999,65.449997,0,0,1,0,2.653,2.654
9/12/05,3.002,63.330002,64.080002,64.489998,64.370003,65.959999,67.57,0,0,1,0,3.117,2.653
9/19/05,2.835,67.389999,63,64.75,65.089996,63.110001,63.330002,0,0,1,0,3.002,3.117
9/26/05,2.851,65.82,64.190002,66.5,66.800003,66.230003,67.389999,0,0,1,0,2.835,3.002
10/3/05,2.975,65.470001,66.239998,66.790001,66.349998,65.07,65.82,0,0,1,0,2.851,2.835
10/10/05,2.896,61.799999,61.84,61.360001,62.790001,63.900002,65.470001,0,0,1,0,2.975,2.851
10/17/05,2.775,64.360001,62.630001,63.080002,64.120003,63.529999,61.799999,0,0,1,0,2.896,2.975
10/24/05,2.652,60.32,60.630001,61.029999,62.41,63.200001,64.360001,0,0,1,0,2.775,2.896
10/31/05,2.528,59.759998,61.220001,61.09,60.66,62.439999,60.32,0,0,1,0,2.652,2.775
11/7/05,2.424,59.470001,60.580002,61.779999,59.75,59.849998,59.759998,0,0,1,0,2.528,2.652
11/14/05,2.342,57.689999,57.529999,57.799999,58.93,59.709999,59.470001,0,0,1,0,2.424,2.528
11/21/05,2.247,57.700001,56.139999,56.330002,57.880001,56.98,57.689999,0,0,1,0,2.342,2.424
11/28/05,2.2,57.360001,58.709999,58.84,57.700001,56.139999,56.330002,0,0,1,0,2.247,2.342
12/5/05,2.191,59.91,59.32,58.470001,57.32,56.5,57.360001,0,0,0,1,2.2,2.247
12/12/05,2.228,61.299999,59.389999,60.66,59.209999,59.939999,59.91,0,0,0,1,2.191,2.2
12/19/05,2.255,57.330002,58.060001,59.990002,60.849998,61.369999,61.299999,0,0,0,1,2.228,2.191
12/26/05,2.241,57.330002,58.060001,59.990002,60.849998,61.369999,61.299999,0,0,0,1,2.255,2.228
1/2/06,2.281,57.330002,58.060001,59.990002,60.849998,61.369999,61.299999,0,0,0,1,2.241,2.255
1/9/06,2.371,63.5,64.209999,62.790001,63.419998,63.139999,61.040001,0,0,0,1,2.281,2.241
1/16/06,2.366,63.5,64.209999,62.790001,63.419998,63.139999,61.040001,0,0,0,1,2.371,2.281
1/23/06,2.382,68.099998,68.349998,66.830002,65.730003,66.309998,63.919998,0,0,0,1,2.366,2.371
1/30/06,2.402,68.349998,67.760002,66.260002,65.849998,67.059998,68.099998,0,0,0,1,2.382,2.366
2/6/06,2.388,65.110001,65.370003,64.68,66.559998,67.919998,68.349998,0,0,0,1,2.402,2.382
2/13/06,2.331,61.240002,61.84,62.619999,62.549999,63.09,65.110001,0,0,0,1,2.388,2.402
2/20/06,2.286,61.240002,61.84,62.619999,62.549999,63.09,65.110001,0,0,0,1,2.331,2.388
2/27/06,2.298,61,62.91,60.540001,61.009998,61.099998,59.880001,0,0,0,1,2.286,2.331
3/6/06,2.373,62.41,63.669998,63.360001,61.970001,61.41,61,1,0,0,0,2.298,2.286
3/13/06,2.408,61.77,59.959999,60.470001,60.02,61.580002,62.41,1,0,0,0,2.373,2.298
3/20/06,2.548,60.419998,62.77,63.580002,62.169998,63.099998,61.77,1,0,0,0,2.408,2.373
3/27/06,2.542,64.160004,64.260002,63.91,61.77,60.57,60.419998,1,0,0,0,2.548,2.408
4/3/06,2.631,66.739998,66.629997,67.150002,66.449997,66.07,64.160004,1,0,0,0,2.542,2.548
4/10/06,2.727,68.739998,67.389999,67.940002,67.07,66.230003,66.739998,1,0,0,0,2.631,2.542
4/17/06,2.828,70.400002,69.32,68.620003,68.980003,68.739998,67.389999,1,0,0,0,2.727,2.631
4/24/06,2.96,73.330002,75.169998,71.949997,72.169998,71.349998,70.400002,1,0,0,0,2.828,2.727
5/1/06,2.966,73.699997,71.879997,70.970001,71.93,72.879997,73.330002,1,0,0,0,2.96,2.828
5/8/06,2.955,69.769997,70.190002,69.940002,72.279999,74.610001,73.699997,1,0,0,0,2.966,2.96
5/15/06,2.992,69.410004,72.040001,73.32,72.129997,70.690002,69.769997,1,0,0,0,2.955,2.966
5/22/06,2.938,69.230003,68.529999,69.449997,68.699997,69.529999,69.410004,1,0,0,0,2.992,2.955
5/29/06,2.913,69.230003,68.529999,69.449997,68.699997,69.529999,69.410004,1,0,0,0,2.938,2.992
6/5/06,2.937,72.599998,72.330002,70.339996,71.290001,72.029999,71.370003,0,1,0,0,2.913,2.938
6/12/06,2.951,70.360001,71.629997,70.349998,70.82,72.5,72.599998,0,1,0,0,2.937,2.913
6/19/06,2.917,68.980003,69.879997,69.5,69.139999,68.559998,70.360001,0,1,0,0,2.951,2.937
6/26/06,2.914,71.800003,70.870003,70.839996,70.330002,68.940002,68.980003,0,1,0,0,2.917,2.951
7/3/06,2.979,71.800003,70.870003,70.839996,70.330002,68.940002,68.980003,0,1,0,0,2.914,2.917
7/10/06,3.017,73.610001,74.089996,75.139999,75.190002,73.980003,73.519997,0,1,0,0,2.979,2.914
7/17/06,3.033,75.300003,77.029999,76.699997,74.949997,74.160004,73.610001,0,1,0,0,3.017,2.979
7/24/06,3.048,75.050003,74.43,73.080002,72.660004,73.540001,75.300003,0,1,0,0,3.033,3.017
7/31/06,3.05,74.400002,73.239998,74.540001,73.940002,73.75,75.050003,0,1,0,0,3.048,3.033
8/7/06,3.083,76.980003,74.760002,75.459999,75.809998,74.910004,74.400002,0,1,0,0,3.05,3.048
8/14/06,3.047,73.529999,74.349998,74,76.349998,76.309998,76.980003,0,1,0,0,3.083,3.05
8/21/06,2.971,72.449997,71.139999,70.059998,71.889999,73.050003,73.529999,0,1,0,0,3.047,3.083
8/28/06,2.893,70.610001,72.510002,72.360001,71.760002,72.629997,72.449997,0,1,0,0,2.971,3.047
9/4/06,2.777,68.019997,69.190002,70.260002,70.029999,69.709999,70.610001,0,0,1,0,2.893,2.971
9/11/06,2.67,65.610001,66.25,67.32,67.5,68.599998,68.019997,0,0,1,0,2.777,2.893
9/18/06,2.549,63.799999,63.330002,63.220001,63.970001,63.759998,65.610001,0,0,1,0,2.67,2.777
9/25/06,2.429,61.450001,60.549999,61.59,60.459999,61.66,63.799999,0,0,1,0,2.549,2.67
10/2/06,2.36,61.029999,62.91,62.759998,62.959999,61.009998,61.450001,0,0,1,0,2.429,2.549
10/9/06,2.31,59.959999,59.759998,60.029999,59.41,58.68,61.029999,0,0,1,0,2.36,2.429
10/16/06,2.274,59.939999,58.57,57.860001,57.59,58.52,59.959999,0,0,1,0,2.31,2.36
10/23/06,2.255,58.810001,56.82,58.5,57.650002,58.93,59.939999,0,0,1,0,2.274,2.31
10/30/06,2.264,58.360001,60.75,60.360001,61.400002,59.349998,58.810001,0,0,1,0,2.255,2.274
11/6/06,2.246,60.02,59.139999,57.880001,58.709999,58.73,58.360001,0,0,1,0,2.264,2.255
11/13/06,2.278,58.580002,59.59,61.16,59.830002,58.93,60.02,0,0,1,0,2.246,2.264
11/20/06,2.285,58.799999,55.810001,56.259998,58.759998,58.279999,58.580002,0,0,1,0,2.278,2.246
11/27/06,2.292,60.32,59.240002,60.169998,58.799999,55.810001,56.259998,0,0,1,0,2.285,2.278
12/4/06,2.342,62.439999,63.43,63.130001,62.459999,60.990002,60.32,0,0,0,1,2.292,2.285
12/11/06,2.34,61.220001,62.029999,62.490002,62.189999,62.43,62.439999,0,0,0,1,2.342,2.292
12/18/06,2.366,62.209999,63.43,62.509998,61.369999,61.02,61.220001,0,0,0,1,2.34,2.342
12/25/06,2.387,62.209999,63.43,62.509998,61.369999,61.02,61.220001,0,0,0,1,2.366,2.34
1/1/07,2.382,62.209999,63.43,62.509998,61.369999,61.02,61.220001,0,0,0,1,2.387,2.366
1/8/07,2.354,56.09,56.310001,55.59,58.32,61.049999,61.049999,0,0,0,1,2.382,2.387
1/15/07,2.28,56.09,56.310001,55.59,58.32,61.049999,61.049999,0,0,0,1,2.354,2.382
1/22/07,2.216,51.130001,51.990002,50.48,52.240002,51.209999,52.990002,0,0,0,1,2.28,2.354
1/29/07,2.213,54.009998,55.419998,54.23,55.369999,55.040001,51.130001,0,0,0,1,2.216,2.28
2/5/07,2.237,58.740002,59.02,57.299999,58.139999,56.970001,54.009998,0,0,0,1,2.213,2.216
2/12/07,2.287,57.810001,59.889999,59.709999,57.709999,58.880001,58.740002,0,0,0,1,2.237,2.213
2/26/07,2.428,61.389999,61.139999,60.950001,60.07,58.07,59.389999,0,0,0,1,2.287,2.237
3/5/07,2.551,60.07,61.639999,62,61.790001,61.459999,61.389999,1,0,0,0,2.428,2.287
3/12/07,2.605,58.91,60.049999,61.639999,61.82,60.689999,60.07,1,0,0,0,2.551,2.428
3/19/07,2.623,56.59,57.110001,57.549999,58.16,57.93,58.91,1,0,0,0,2.605,2.551
3/26/07,2.655,62.91,62.279999,61.689999,59.610001,56.73,56.59,1,0,0,0,2.623,2.605
4/2/07,2.753,65.940002,65.870003,66.029999,64.080002,62.93,62.91,1,0,0,0,2.655,2.623
4/9/07,2.848,61.509998,64.279999,64.379997,64.639999,65.940002,65.870003,1,0,0,0,2.753,2.655
4/16/07,2.922,63.610001,63.630001,63.849998,62.009998,61.889999,61.509998,1,0,0,0,2.848,2.753
4/23/07,2.917,65.889999,63.380001,61.830002,63.130001,63.099998,63.610001,1,0,0,0,2.922,2.848
4/30/07,3.017,65.709999,66.459999,65.059998,65.839996,64.580002,65.889999,1,0,0,0,2.917,2.922
5/7/07,3.097,61.470001,61.93,63.189999,63.68,64.400002,65.709999,1,0,0,0,3.017,2.917
5/14/07,3.143,62.459999,62.369999,61.810001,61.549999,62.259998,61.470001,1,0,0,0,3.097,3.017
5/21/07,3.258,66.269997,64.940002,64.860001,62.549999,63.169998,62.459999,1,0,0,0,3.143,3.097
6/4/07,3.2,66.209999,65.080002,64.010002,63.490002,63.150002,65.199997,0,1,0,0,3.258,3.143
6/11/07,3.122,65.970001,64.760002,66.93,65.959999,65.610001,66.209999,0,1,0,0,3.2,3.258
6/18/07,3.057,69.089996,68,67.650002,66.260002,65.349998,65.970001,0,1,0,0,3.122,3.2
6/25/07,3.029,69.18,69.139999,68.650002,68.190002,69.099998,69.089996,0,1,0,0,3.057,3.122
7/2/07,3.005,71.089996,70.68,69.57,68.970001,67.769997,69.18,0,1,0,0,3.029,3.057
7/9/07,3.026,72.190002,72.809998,71.809998,71.089996,70.68,69.57,0,1,0,0,3.005,3.029
7/16/07,3.092,74.150002,73.93,72.5,72.559998,72.809998,72.190002,0,1,0,0,3.026,3.005
7/23/07,3.005,74.889999,75.57,75.919998,75.050003,74.019997,74.150002,0,1,0,0,3.092,3.026
7/30/07,2.926,76.830002,77.019997,74.949997,75.879997,73.559998,74.889999,0,1,0,0,3.005,3.092
8/6/07,2.888,72.059998,75.480003,76.860001,76.529999,78.209999,76.830002,0,1,0,0,2.926,3.005
8/13/07,2.821,71.620003,71.470001,71.589996,72.150002,72.419998,72.059998,0,1,0,0,2.888,2.926
8/20/07,2.832,71.120003,71.980003,71,73.330002,72.379997,71.620003,0,1,0,0,2.821,2.888
8/27/07,2.796,71.970001,71.089996,69.830002,69.260002,69.470001,71.120003,0,1,0,0,2.832,2.821
9/10/07,2.862,77.489998,76.699997,76.300003,75.730003,75.080002,74.040001,0,0,1,0,2.796,2.832
9/17/07,2.835,80.57,79.099998,80.089996,79.910004,78.230003,77.489998,0,0,1,0,2.862,2.796
9/24/07,2.86,80.949997,81.620003,83.32,81.93,81.510002,80.57,0,0,1,0,2.835,2.862
10/1/07,2.838,80.239998,81.660004,82.879997,80.300003,79.529999,80.949997,0,0,1,0,2.86,2.835
10/8/07,2.821,79.019997,81.220001,81.440002,79.940002,80.050003,80.239998,0,0,1,0,2.838,2.86
10/15/07,2.813,86.129997,83.690002,83.080002,81.300003,80.260002,79.019997,0,0,1,0,2.821,2.838
10/22/07,2.873,87.559998,88.599998,89.470001,87.400002,87.610001,86.129997,0,0,1,0,2.813,2.821
10/29/07,2.921,93.529999,91.860001,90.459999,87.099998,85.269997,87.559998,0,0,1,0,2.873,2.813
11/5/07,3.06,93.980003,95.93,93.489998,94.529999,90.379997,93.529999,0,0,1,0,2.921,2.873
11/12/07,3.158,94.620003,96.32,95.459999,96.370003,96.699997,93.980003,0,0,1,0,3.06,2.921
11/19/07,3.148,94.639999,95.099998,93.43,94.089996,91.169998,94.620003,0,0,1,0,3.158,3.06
11/26/07,3.147,97.699997,97.290001,98.029999,94.639999,95.099998,93.43,0,0,1,0,3.148,3.158
12/3/07,3.113,89.309998,88.709999,91.010002,90.620003,94.419998,97.699997,0,0,0,1,3.147,3.148
12/10/07,3.053,87.860001,88.279999,90.230003,87.489998,88.32,89.309998,0,0,0,1,3.113,3.147
12/17/07,3.05,90.629997,91.269997,92.25,94.389999,90.019997,87.860001,0,0,0,1,3.053,3.113
12/24/07,3.032,90.629997,91.269997,92.25,94.389999,90.019997,87.860001,0,0,0,1,3.05,3.053
12/31/07,3.104,95.980003,96,96.620003,95.970001,93.309998,91.059998,0,0,0,1,3.032,3.05
1/7/08,3.159,95.089996,97.910004,99.18,99.620003,95.980003,96,0,0,0,1,3.104,3.032
1/14/08,3.119,94.199997,92.690002,93.709999,95.669998,96.330002,95.089996,0,0,0,1,3.159,3.104
1/28/08,3.03,90.989998,90.709999,89.410004,86.989998,89.849998,90.57,0,0,0,1,3.119,3.159
2/4/08,3.03,90.019997,88.959999,91.75,92.330002,91.639999,90.989998,0,0,0,1,3.03,3.119
2/11/08,3.011,93.589996,91.769997,88.110001,87.139999,88.410004,90.019997,0,0,0,1,3.03,3.03
2/25/08,3.18,99.230003,98.809998,98.230003,100.739998,100.010002,95.5,0,0,0,1,3.011,3.03
3/3/08,3.212,102.449997,101.839996,102.589996,99.639999,100.879997,99.230003,1,0,0,0,3.18,3.011
3/10/08,3.273,107.900002,105.150002,105.470001,104.519997,99.519997,102.449997,1,0,0,0,3.212,3.18
3/17/08,3.332,105.68,110.209999,110.330002,109.919998,108.75,107.900002,1,0,0,0,3.273,3.212
3/24/08,3.31,100.860001,101.839996,104.480003,109.419998,105.68,110.209999,1,0,0,0,3.332,3.273
3/31/08,3.339,101.580002,105.620003,107.580002,105.900002,101.220001,100.860001,1,0,0,0,3.31,3.332
4/7/08,3.381,109.089996,106.230003,103.830002,104.830002,100.980003,101.580002,1,0,0,0,3.339,3.31
4/14/08,3.438,111.760002,110.139999,110.110001,110.870003,108.5,109.089996,1,0,0,0,3.381,3.339
4/21/08,3.557,117.480003,116.690002,114.860001,114.93,113.790001,111.760002,1,0,0,0,3.438,3.381
4/28/08,3.653,118.75,118.519997,116.059998,118.300003,119.370003,117.480003,1,0,0,0,3.557,3.438
5/5/08,3.663,119.970001,116.32,112.519997,113.459999,115.629997,118.75,1,0,0,0,3.653,3.557
5/12/08,3.771,124.230003,125.959999,123.690002,123.529999,121.839996,119.970001,1,0,0,0,3.663,3.653
5/19/08,3.84,127.050003,126.290001,124.120003,124.220001,125.800003,124.230003,1,0,0,0,3.771,3.663
6/2/08,4.026,127.760002,127.349998,126.620003,131.029999,128.850006,132.190002,0,1,0,0,3.84,3.771
6/9/08,4.09,134.350006,138.539993,127.790001,122.300003,124.309998,127.760002,0,1,0,0,4.026,3.84
6/16/08,4.134,134.610001,134.860001,136.740005,136.380005,131.309998,134.350006,0,1,0,0,4.09,4.026
6/23/08,4.131,136.740005,134.619995,131.929993,136.679993,134.009995,134.610001,0,1,0,0,4.134,4.09
6/30/08,4.146,140,140.210007,139.639999,134.550003,137,136.740005,0,1,0,0,4.131,4.134
7/7/08,4.165,141.369995,143.570007,140.970001,140,140.210007,139.639999,0,1,0,0,4.146,4.131
7/14/08,4.164,145.179993,145.080002,141.649994,136.050003,136.039993,141.369995,0,1,0,0,4.165,4.146
7/21/08,4.118,131.039993,128.880005,129.289993,134.600006,138.740005,145.179993,0,1,0,0,4.164,4.165
7/28/08,4.01,124.730003,123.260002,125.489998,124.440002,127.949997,131.039993,0,1,0,0,4.118,4.164
8/4/08,3.935,121.410004,125.099998,124.080002,126.769997,122.190002,124.730003,0,1,0,0,4.01,4.118
8/11/08,3.864,114.449997,115.199997,120.019997,118.580002,119.169998,121.410004,0,1,0,0,3.935,4.01
8/18/08,3.794,112.870003,113.769997,115.010002,116,113.010002,114.449997,0,1,0,0,3.864,3.935
8/25/08,3.738,115.110001,114.589996,121.18,114.980003,114.529999,112.870003,0,1,0,0,3.794,3.864
9/8/08,3.701,106.339996,106.230003,107.889999,109.349998,109.709999,115.459999,0,0,1,0,3.738,3.794
9/15/08,3.887,95.709999,101.18,100.870003,102.580002,103.260002,106.339996,0,0,1,0,3.701,3.738
9/22/08,3.772,120.919998,104.550003,97.879997,97.160004,91.150002,95.709999,0,0,1,0,3.887,3.701
9/29/08,3.687,96.370003,106.889999,108.019997,105.730003,106.610001,120.919998,0,0,1,0,3.772,3.887
10/6/08,3.543,87.809998,93.879997,93.970001,98.529999,100.639999,96.370003,0,0,1,0,3.687,3.772
10/13/08,3.213,81.190002,77.699997,86.589996,88.949997,90.059998,87.809998,0,0,1,0,3.543,3.687
10/20/08,2.974,74.25,71.849998,69.849998,74.540001,78.629997,81.190002,0,0,1,0,3.213,3.543
10/27/08,2.718,63.220001,64.150002,67.839996,66.75,70.889999,74.25,0,0,1,0,2.974,3.213
11/3/08,2.462,63.91,67.809998,65.959999,67.5,62.73,63.220001,0,0,1,0,2.718,2.974
11/10/08,2.284,62.41,61.040001,60.77,65.300003,70.529999,63.91,0,0,1,0,2.462,2.718
11/17/08,2.132,54.950001,57.040001,58.240002,56.16,59.330002,62.41,0,0,1,0,2.284,2.462
11/24/08,1.952,54.5,49.93,49.619999,53.619999,54.389999,54.950001,0,0,1,0,2.132,2.284
12/1/08,1.87,49.279999,54.439999,50.77,54.5,49.93,49.619999,0,0,0,1,1.952,2.132
12/8/08,1.758,43.709999,40.810001,43.669998,46.790001,46.959999,49.279999,0,0,0,1,1.87,1.952
12/15/08,1.716,44.509998,46.279999,47.98,43.52,42.07,43.709999,0,0,0,1,1.758,1.87
12/22/08,1.71,39.91,33.869999,36.220001,40.060001,43.599998,44.509998,0,0,0,1,1.716,1.758
12/29/08,1.67,40.02,37.709999,38.98,39.91,33.869999,36.220001,0,0,0,1,1.71,1.716
1/5/09,1.737,48.810001,46.34,39.029999,40.02,37.709999,38.98,0,0,0,1,1.67,1.71
1/12/09,1.835,37.59,40.830002,41.700001,42.630001,48.580002,48.810001,0,0,0,1,1.737,1.67
1/26/09,1.89,45.73,46.470001,43.669998,43.549999,38.740002,36.509998,0,0,0,1,1.835,1.737
2/2/09,1.944,40.080002,41.68,41.439999,42.16,41.580002,45.73,0,0,0,1,1.89,1.835
2/9/09,1.978,39.560001,40.169998,41.169998,40.32,40.779999,40.080002,0,0,0,1,1.944,1.89
2/23/09,1.963,38.439999,38.939999,39.48,34.619999,34.93,37.509998,0,0,0,1,1.978,1.944
3/2/09,1.988,40.150002,44.759998,45.220001,42.5,39.959999,38.439999,1,0,0,0,1.963,1.978
3/9/09,1.993,47.07,45.52,43.610001,45.380001,41.650002,40.150002,1,0,0,0,1.988,1.963
3/16/09,1.964,47.349998,46.25,47.029999,42.330002,45.709999,47.07,1,0,0,0,1.993,1.988
3/23/09,2.014,53.799999,51.060001,51.610001,48.139999,49.16,47.349998,1,0,0,0,1.964,1.993
3/30/09,2.097,48.41,52.380001,54.34,52.77,53.98,53.799999,1,0,0,0,2.014,1.964
4/6/09,2.09,51.049999,52.509998,52.639999,48.389999,49.66,48.41,1,0,0,0,2.097,2.014
4/13/09,2.104,50.049999,52.240002,49.380001,49.150002,51.049999,52.509998,1,0,0,0,2.09,2.097
4/20/09,2.112,45.880001,50.330002,49.98,49.25,49.41,50.049999,1,0,0,0,2.104,2.09
4/27/09,2.102,50.139999,51.549999,49.619999,48.849998,46.509998,45.880001,1,0,0,0,2.112,2.104
5/4/09,2.129,54.470001,53.200001,51.119999,50.970001,49.919998,50.139999,1,0,0,0,2.102,2.112
5/11/09,2.29,58.5,58.630001,56.709999,56.34,53.84,54.470001,1,0,0,0,2.129,2.102
5/18/09,2.36,59.029999,56.34,58.619999,58.02,58.849998,58.5,1,0,0,0,2.29,2.129
6/1/09,2.572,68.580002,66.309998,65.080002,63.450001,62.450001,61.669998,0,1,0,0,2.36,2.29
6/8/09,2.673,68.089996,68.440002,68.809998,66.120003,68.550003,68.580002,0,1,0,0,2.572,2.36
6/15/09,2.722,70.620003,72.040001,72.68,71.330002,70.010002,68.089996,0,1,0,0,2.673,2.572
6/22/09,2.743,66.93,69.550003,71.370003,71.029999,70.470001,70.620003,0,1,0,0,2.722,2.673
6/29/09,2.695,71.489998,69.160004,70.230003,68.669998,69.239998,66.93,0,1,0,0,2.743,2.722
7/6/09,2.666,64.050003,66.730003,69.309998,69.889999,71.489998,69.160004,0,1,0,0,2.695,2.743
7/13/09,2.584,59.689999,59.889999,60.41,60.139999,62.93,64.050003,0,1,0,0,2.666,2.695
7/20/09,2.519,63.98,63.560001,62.02,61.540001,59.52,59.689999,0,1,0,0,2.584,2.666
7/27/09,2.557,68.379997,68.050003,67.160004,65.400002,64.720001,63.98,0,1,0,0,2.519,2.584
8/3/09,2.61,71.580002,69.449997,66.940002,63.349998,67.230003,68.379997,0,1,0,0,2.557,2.519
8/10/09,2.7,70.599998,70.93,71.940002,71.970001,71.419998,71.580002,0,1,0,0,2.61,2.557
8/17/09,2.691,66.75,67.510002,70.519997,70.160004,69.449997,70.599998,0,1,0,0,2.7,2.61
8/24/09,2.682,74.370003,73.889999,72.540001,72.419998,69.190002,66.75,0,1,0,0,2.691,2.7
8/31/09,2.667,69.959999,72.739998,72.489998,71.43,72.050003,74.370003,0,1,0,0,2.682,2.691
9/14/09,2.632,68.860001,69.290001,71.940002,71.309998,71.099998,68.019997,0,0,1,0,2.667,2.682
9/21/09,2.607,69.709999,72.040001,72.470001,72.510002,70.93,68.860001,0,0,1,0,2.632,2.667
9/28/09,2.554,66.839996,66.019997,65.889999,68.970001,71.550003,69.709999,0,0,1,0,2.607,2.632
10/5/09,2.523,70.410004,69.949997,70.82,70.610001,66.709999,66.839996,0,0,1,0,2.554,2.607
10/12/09,2.543,73.269997,71.769997,71.690002,69.57,70.879997,70.410004,0,0,1,0,2.523,2.554
10/19/09,2.626,79.610001,78.529999,77.580002,75.18,74.150002,73.269997,0,0,1,0,2.543,2.523
10/26/09,2.727,78.68,80.5,81.190002,81.370003,79.089996,79.610001,0,0,1,0,2.626,2.543
11/2/09,2.746,78.129997,77,79.870003,77.459999,79.550003,78.68,0,0,1,0,2.727,2.626
11/9/09,2.72,79.43,77.43,79.620003,80.400002,79.599998,78.129997,0,0,1,0,2.746,2.727
11/16/09,2.684,78.900002,76.349998,76.940002,79.279999,79.050003,79.43,0,0,1,0,2.72,2.746
11/23/09,2.694,77.559998,76.720001,77.459999,79.580002,79.139999,78.900002,0,0,1,0,2.684,2.72
11/30/09,2.684,77.279999,77.959999,76.019997,77.559998,76.720001,77.459999,0,0,1,0,2.694,2.684
12/7/09,2.689,73.93,75.470001,76.459999,76.599998,78.370003,77.279999,0,0,0,1,2.684,2.694
12/14/09,2.655,69.510002,69.870003,70.540001,70.669998,72.620003,73.93,0,0,0,1,2.689,2.684
12/21/09,2.645,72.470001,73.360001,72.650002,72.660004,70.690002,69.510002,0,0,0,1,2.655,2.689
12/28/09,2.662,78.769997,76.669998,74.400002,72.470001,73.360001,72.650002,0,0,0,1,2.645,2.655
1/4/10,2.718,81.510002,79.360001,79.279999,78.870003,78.769997,76.669998,0,0,0,1,2.662,2.645
1/11/10,2.804,82.519997,82.75,82.660004,83.18,81.769997,81.510002,0,0,0,1,2.718,2.662
1/25/10,2.76,75.260002,74.540001,76.080002,77.620003,79.019997,78,0,0,0,1,2.804,2.718
2/1/10,2.717,74.43,72.889999,73.639999,73.669998,74.709999,75.260002,0,0,0,1,2.76,2.804
2/8/10,2.707,71.889999,71.190002,73.139999,76.980003,77.230003,74.43,0,0,0,1,2.717,2.76
2/22/10,2.709,80.160004,79.809998,79.059998,77.330002,77.010002,74.129997,0,0,0,1,2.707,2.717
3/1/10,2.756,78.699997,79.660004,78.169998,80,78.860001,80.160004,1,0,0,0,2.709,2.707
3/8/10,2.804,81.870003,81.5,80.209999,80.870003,79.68,78.699997,1,0,0,0,2.756,2.709
3/15/10,2.841,79.800003,81.239998,82.110001,82.089996,81.489998,81.870003,1,0,0,0,2.804,2.756
3/22/10,2.87,81.25,80.68,82.199997,82.93,81.699997,79.800003,1,0,0,0,2.841,2.804
3/29/10,2.851,82.169998,80,80.529999,80.610001,81.910004,81.25,1,0,0,0,2.87,2.841
4/5/10,2.877,86.620003,84.870003,83.760002,82.370003,82.169998,80,1,0,0,0,2.851,2.87
4/12/10,2.909,84.339996,84.919998,85.389999,85.879997,86.839996,86.620003,1,0,0,0,2.877,2.851
4/19/10,2.911,81.449997,83.239998,85.510002,85.839996,84.050003,84.339996,1,0,0,0,2.909,2.877
4/26/10,2.901,84.199997,85.120003,83.699997,83.68,83.449997,81.449997,1,0,0,0,2.911,2.909
5/3/10,2.95,86.190002,86.150002,85.169998,83.220001,82.440002,84.199997,1,0,0,0,2.901,2.911
5/10/10,2.958,76.800003,75.110001,77.110001,79.970001,82.739998,86.190002,1,0,0,0,2.95,2.901
5/17/10,2.918,70.080002,71.610001,74.400002,75.650002,76.370003,76.800003,1,0,0,0,2.958,2.95
5/24/10,2.842,70.209999,70.040001,68.010002,69.870003,69.410004,70.080002,1,0,0,0,2.918,2.958
6/7/10,2.78,71.440002,71.510002,74.610001,72.860001,72.580002,73.970001,0,1,0,0,2.842,2.918
6/14/10,2.756,75.120003,73.779999,75.480003,74.379997,71.989998,71.440002,0,1,0,0,2.78,2.842
6/21/10,2.795,77.82,77.18,76.790001,77.669998,76.940002,75.120003,0,1,0,0,2.756,2.78
6/28/10,2.809,78.25,78.860001,76.510002,76.349998,77.209999,77.82,0,1,0,0,2.795,2.756
7/12/10,2.771,74.949997,76.089996,75.440002,74.07,71.980003,72.139999,0,1,0,0,2.809,2.795
7/19/10,2.775,76.540001,76.010002,76.620003,77.040001,77.150002,74.949997,0,1,0,0,2.771,2.809
7/26/10,2.801,78.980003,78.980003,79.300003,76.559998,77.440002,76.540001,0,1,0,0,2.775,2.771
8/2/10,2.788,81.339996,78.949997,78.360001,76.989998,77.5,78.980003,0,1,0,0,2.801,2.775
8/9/10,2.835,81.480003,80.699997,82.010002,82.470001,82.550003,81.339996,0,1,0,0,2.788,2.801
8/16/10,2.798,75.239998,75.389999,75.739998,78.019997,80.25,81.480003,0,1,0,0,2.835,2.788
8/23/10,2.759,73.099998,73.459999,74.43,75.419998,75.769997,75.239998,0,1,0,0,2.798,2.835
8/30/10,2.736,74.699997,75.169998,73.360001,72.519997,71.629997,73.099998,0,1,0,0,2.759,2.798
9/13/10,2.772,77.190002,76.449997,74.25,74.669998,74.089996,74.599998,0,0,1,0,2.736,2.759
9/20/10,2.775,74.860001,73.660004,74.57,76.019997,76.800003,77.190002,0,0,1,0,2.772,2.736
9/27/10,2.747,76.519997,76.489998,75.18,74.709999,73.519997,74.860001,0,0,1,0,2.775,2.772
10/4/10,2.784,81.470001,81.580002,79.970001,77.860001,76.18,76.519997,0,0,1,0,2.747,2.775
10/11/10,2.871,82.209999,82.660004,81.669998,83.230003,82.82,81.470001,0,0,1,0,2.784,2.747
10/18/10,2.887,83.080002,81.25,82.690002,83.010002,81.669998,82.209999,0,0,1,0,2.871,2.784
10/25/10,2.87,82.519997,81.690002,80.559998,81.769997,79.489998,83.080002,0,0,1,0,2.887,2.871
11/1/10,2.861,82.949997,81.43,82.18,81.940002,82.550003,82.519997,0,0,1,0,2.87,2.887
11/8/10,2.917,87.059998,86.849998,86.489998,84.690002,83.900002,82.949997,0,0,1,0,2.861,2.87
11/15/10,2.944,84.860001,84.879997,87.809998,87.809998,86.720001,87.059998,0,0,1,0,2.917,2.861
11/22/10,2.931,81.739998,81.510002,81.849998,80.440002,82.339996,84.860001,0,0,1,0,2.944,2.917
11/29/10,2.912,85.730003,83.860001,81.25,81.739998,81.510002,81.849998,0,0,1,0,2.931,2.944
12/6/10,3.013,89.379997,89.190002,88,86.75,84.110001,85.730003,0,0,0,1,2.912,2.931
12/13/10,3.035,88.610001,87.790001,88.370003,88.279999,88.690002,89.379997,0,0,0,1,3.013,2.912
12/20/10,3.037,88.809998,88.019997,87.699997,88.620003,88.279999,88.610001,0,0,0,1,3.035,3.013
12/27/10,3.106,91,91.510002,90.480003,89.82,88.809998,88.019997,0,0,0,1,3.037,3.035
1/3/11,3.124,91.550003,91.379997,89.839996,91.120003,91.489998,91,0,0,0,1,3.106,3.037
1/10/11,3.142,89.25,88.029999,88.379997,90.300003,89.379997,91.550003,0,0,0,1,3.124,3.106
1/24/11,3.163,87.870003,89.110001,88.860001,90.860001,91.379997,91.540001,0,0,0,1,3.142,3.124
1/31/11,3.155,92.190002,89.339996,85.639999,87.330002,86.190002,87.870003,0,0,0,1,3.163,3.142
2/7/11,3.185,87.480003,89.029999,90.540001,90.860001,90.769997,92.190002,0,0,0,1,3.155,3.163
2/14/11,3.193,84.809998,85.580002,86.730003,86.709999,86.940002,87.480003,0,0,0,1,3.185,3.155
2/28/11,3.435,96.970001,97.879997,97.279999,98.099998,93.57,86.199997,0,0,0,1,3.193,3.185
3/7/11,3.572,105.440002,104.419998,101.910004,102.230003,99.629997,96.970001,1,0,0,0,3.435,3.193
3/14/11,3.621,101.190002,101.160004,102.699997,104.379997,105.019997,105.440002,1,0,0,0,3.572,3.435
3/21/11,3.617,102.330002,101.07,101.419998,97.980003,97.18,101.190002,1,0,0,0,3.621,3.572
3/28/11,3.65,103.980003,105.400002,105.599998,105.75,104,102.330002,1,0,0,0,3.617,3.621
4/4/11,3.737,108.470001,107.940002,106.720001,104.269997,104.790001,103.980003,1,0,0,0,3.65,3.617
4/11/11,3.843,109.919998,112.790001,110.300003,108.830002,108.339996,108.470001,1,0,0,0,3.737,3.65
4/18/11,3.896,107.120003,109.660004,108.110001,107.110001,106.25,109.919998,1,0,0,0,3.843,3.737
4/25/11,3.932,112.279999,112.290001,111.449997,108.150002,107.120003,109.660004,1,0,0,0,3.896,3.843
5/2/11,4.014,113.519997,113.93,112.860001,112.760002,112.209999,112.279999,1,0,0,0,3.932,3.896
5/9/11,4.018,102.550003,97.18,99.800003,109.239998,111.050003,113.519997,1,0,0,0,4.014,3.932
5/16/11,4.014,97.370003,99.650002,98.970001,98.209999,103.879997,102.550003,1,0,0,0,4.018,4.014
5/23/11,3.904,97.699997,99.489998,98.440002,100.099998,96.910004,97.370003,1,0,0,0,4.014,4.018
6/6/11,3.833,99.010002,100.220001,100.400002,100.290001,102.699997,100.589996,0,1,0,0,3.904,4.014
6/13/11,3.767,97.300003,99.290001,101.93,100.739998,99.089996,99.010002,0,1,0,0,3.833,3.904
6/20/11,3.708,93.260002,93.010002,94.949997,94.809998,99.370003,97.300003,0,1,0,0,3.767,3.833
6/27/11,3.631,90.610001,91.160004,91.019997,95.410004,93.400002,93.260002,0,1,0,0,3.708,3.767
7/11/11,3.695,95.150002,96.199997,98.669998,96.650002,96.889999,94.940002,0,1,0,0,3.631,3.708
7/18/11,3.736,95.93,97.239998,95.690002,98.050003,97.43,95.150002,0,1,0,0,3.695,3.631
7/25/11,3.754,99.199997,99.870003,99.129997,98.139999,97.5,95.93,0,1,0,0,3.736,3.695
8/1/11,3.766,94.889999,95.699997,97.440002,97.400002,99.589996,99.199997,0,1,0,0,3.754,3.736
8/8/11,3.73,81.309998,86.879997,86.629997,91.93,93.790001,94.889999,0,1,0,0,3.766,3.754
8/15/11,3.662,87.879997,85.379997,85.720001,82.889999,79.300003,81.309998,0,1,0,0,3.73,3.766
8/22/11,3.638,84.120003,82.260002,82.379997,87.580002,86.650002,87.879997,0,1,0,0,3.662,3.73
8/29/11,3.682,87.269997,85.370003,85.300003,85.160004,85.440002,84.120003,0,1,0,0,3.638,3.662
9/12/11,3.715,88.190002,87.239998,89.050003,89.339996,86.019997,86.449997,0,0,1,0,3.682,3.638
9/19/11,3.657,85.699997,87.959999,89.400002,88.910004,90.209999,88.190002,0,0,1,0,3.715,3.682
9/26/11,3.568,80.239998,79.849998,80.510002,85.919998,86.889999,85.699997,0,0,1,0,3.657,3.715
10/3/11,3.492,77.610001,79.199997,82.139999,81.209999,84.449997,80.239998,0,0,1,0,3.568,3.657
10/10/11,3.476,85.410004,82.980003,82.589996,79.68,75.669998,77.610001,0,0,1,0,3.492,3.568
10/17/11,3.533,86.379997,86.800003,84.230003,85.57,85.809998,85.410004,0,0,1,0,3.476,3.492
10/24/11,3.52,91.269997,87.400002,85.300003,86.110001,88.339996,86.379997,0,0,1,0,3.533,3.476
10/31/11,3.511,93.190002,93.32,93.959999,90.199997,93.169998,91.269997,0,0,1,0,3.52,3.533
11/7/11,3.482,95.519997,94.260002,94.07,92.510002,92.190002,93.190002,0,0,1,0,3.511,3.52
11/14/11,3.495,98.139999,98.989998,97.779999,95.739998,96.800003,95.519997,0,0,1,0,3.482,3.511
11/21/11,3.427,96.919998,97.410004,98.82,102.589996,99.370003,98.139999,0,0,1,0,3.495,3.482
11/28/11,3.368,98.209999,96.169998,98.010002,96.919998,97.410004,98.82,0,0,1,0,3.427,3.495
12/5/11,3.35,100.989998,100.959999,100.199997,100.360001,99.790001,98.209999,0,0,0,1,3.368,3.427
12/12/11,3.346,97.769997,99.410004,98.339996,100.489998,101.279999,100.989998,0,0,0,1,3.35,3.368
12/19/11,3.29,93.879997,93.529999,93.870003,94.949997,100.139999,97.769997,0,0,0,1,3.346,3.35
1/9/12,3.441,101.309998,101.559998,101.809998,103.220001,102.959999,98.830002,0,0,0,1,3.29,3.346
1/23/12,3.45,99.580002,98.459999,100.389999,100.589996,100.709999,98.699997,0,0,0,1,3.441,3.29
1/30/12,3.5,98.779999,99.559998,99.699997,99.400002,98.949997,99.580002,0,0,0,1,3.45,3.441
2/6/12,3.542,96.910004,97.839996,96.360001,97.610001,98.480003,98.779999,0,0,0,1,3.5,3.45
2/13/12,3.584,100.910004,98.669998,99.839996,98.709999,98.410004,96.910004,0,0,0,1,3.542,3.5
2/27/12,3.78,108.559998,109.769997,107.830002,106.279999,105.839996,103.239998,0,0,0,1,3.584,3.542
3/5/12,3.849,106.720001,106.699997,108.839996,107.07,106.550003,108.559998,1,0,0,0,3.78,3.584
3/12/12,3.884,106.339996,107.400002,106.580002,106.160004,104.699997,106.720001,1,0,0,0,3.849,3.78
3/19/12,3.923,108.089996,107.059998,105.110001,105.43,106.709999,106.339996,1,0,0,0,3.884,3.849
3/26/12,3.973,107.029999,106.870003,105.349998,107.269997,105.610001,108.089996,1,0,0,0,3.923,3.884
4/2/12,3.996,105.230003,103.019997,102.779999,105.410004,107.330002,107.029999,1,0,0,0,3.973,3.923
4/9/12,3.997,102.459999,103.309998,101.470001,104.010002,105.230003,103.019997,1,0,0,0,3.996,3.973
4/16/12,3.98,102.93,102.830002,103.639999,102.699997,101.019997,102.459999,1,0,0,0,3.997,3.996
4/23/12,3.929,103.110001,103.050003,102.269997,102.669998,104.199997,102.93,1,0,0,0,3.98,3.997
4/30/12,3.889,104.870003,104.93,104.550003,104.120003,103.550003,103.110001,1,0,0,0,3.929,3.98
5/7/12,3.849,97.940002,98.489998,102.540001,105.220001,106.160004,104.870003,1,0,0,0,3.889,3.929
5/14/12,3.814,94.779999,96.129997,97.080002,96.809998,97.010002,97.940002,1,0,0,0,3.849,3.889
5/21/12,3.773,92.57,91.480003,92.559998,92.809998,93.980003,94.779999,1,0,0,0,3.814,3.849
6/4/12,3.671,83.980003,83.230003,86.529999,87.82,90.760002,90.860001,0,1,0,0,3.773,3.814
6/11/12,3.629,82.699997,84.099998,84.82,85.019997,84.290001,83.980003,0,1,0,0,3.671,3.773
6/18/12,3.589,83.269997,84.029999,83.910004,82.620003,83.32,82.699997,0,1,0,0,3.629,3.671
6/25/12,3.494,79.209999,79.760002,78.199997,81.800003,84.029999,83.269997,0,1,0,0,3.589,3.629
7/2/12,3.415,83.75,84.959999,77.690002,80.209999,79.360001,79.209999,0,1,0,0,3.494,3.589
7/9/12,3.469,85.989998,84.449997,87.220001,83.75,84.959999,77.690002,0,1,0,0,3.415,3.494
7/16/12,3.485,88.43,87.099998,86.080002,85.809998,83.910004,85.989998,0,1,0,0,3.469,3.415
7/23/12,3.554,88.139999,91.440002,92.660004,89.870003,89.220001,88.43,0,1,0,0,3.485,3.469
7/30/12,3.568,89.779999,90.129997,89.389999,88.970001,88.5,88.139999,0,1,0,0,3.554,3.485
8/6/12,3.702,92.199997,91.400002,87.129997,88.910004,88.059998,89.779999,0,1,0,0,3.568,3.554
8/13/12,3.779,92.730003,92.870003,93.360001,93.349998,93.669998,92.199997,0,1,0,0,3.702,3.568
8/20/12,3.803,95.970001,96.010002,95.599998,94.330002,93.43,92.730003,0,1,0,0,3.779,3.702
8/27/12,3.837,95.470001,96.150002,96.269997,97.260002,96.68,95.970001,0,1,0,0,3.803,3.779
9/10/12,3.907,96.540001,96.419998,95.529999,95.360001,95.300003,96.470001,0,0,1,0,3.837,3.803
9/17/12,3.939,96.620003,99,98.309998,97.010002,97.169998,96.540001,0,0,1,0,3.907,3.837
9/24/12,3.889,91.93,92.889999,91.870003,91.980003,95.290001,96.620003,0,0,1,0,3.939,3.907
10/1/12,3.866,92.480003,92.190002,91.849998,89.980003,91.370003,91.93,0,0,1,0,3.889,3.939
10/8/12,3.914,89.330002,89.879997,91.709999,88.139999,91.889999,92.480003,0,0,1,0,3.866,3.889
10/15/12,3.886,91.849998,91.860001,92.07,91.25,92.389999,89.330002,0,0,1,0,3.914,3.866
10/22/12,3.756,88.730003,90.050003,92.099998,92.120003,92.089996,91.849998,0,0,1,0,3.886,3.914
11/5/12,3.563,85.650002,84.860001,87.089996,86.239998,86.279999,86.050003,0,0,1,0,3.756,3.886
11/12/12,3.518,85.57,86.07,85.089996,84.440002,88.709999,85.650002,0,0,1,0,3.563,3.756
11/19/12,3.497,89.279999,86.669998,85.449997,86.32,85.379997,85.57,0,0,1,0,3.518,3.563
11/26/12,3.505,87.739998,87.379997,86.75,89.279999,86.669998,85.449997,0,0,1,0,3.497,3.518
12/3/12,3.463,89.089996,88.910004,88.07,86.489998,87.18,87.739998,0,0,0,1,3.505,3.497
12/10/12,3.419,85.559998,85.93,86.260002,87.879997,88.5,89.089996,0,0,0,1,3.463,3.505
12/17/12,3.324,87.199997,86.730003,85.889999,86.769997,85.790001,85.559998,0,0,0,1,3.419,3.463
12/24/12,3.328,87.199997,86.730003,85.889999,86.769997,85.790001,85.559998,0,0,0,1,3.324,3.419
12/31/12,3.369,91.82,90.800003,90.870003,90.980003,88.660004,90.129997,0,0,0,1,3.328,3.324
1/7/13,3.373,93.190002,93.089996,92.919998,93.120003,91.82,90.800003,0,0,0,1,3.369,3.328
1/14/13,3.377,94.139999,93.559998,93.82,93.099998,93.150002,93.190002,0,0,0,1,3.373,3.369
1/28/13,3.427,96.440002,95.879997,95.949997,95.230003,96.239998,95.559998,0,0,0,1,3.377,3.373
2/4/13,3.604,96.169998,97.769997,97.489998,97.940002,97.57,96.440002,0,0,0,1,3.427,3.377
2/11/13,3.677,97.029999,95.720001,95.830002,96.620003,96.639999,96.169998,0,0,0,1,3.604,3.427
2/25/13,3.851,93.110001,93.129997,92.839996,94.459999,96.660004,95.860001,0,0,0,1,3.677,3.604
3/4/13,3.826,90.120003,90.68,92.050003,92.760002,92.629997,93.110001,1,0,0,0,3.851,3.677
3/11/13,3.779,92.059998,91.949997,91.559998,90.43,90.82,90.120003,1,0,0,0,3.826,3.851
3/18/13,3.764,93.739998,93.449997,93.029999,92.519997,92.540001,92.059998,1,0,0,0,3.779,3.826
3/25/13,3.746,94.809998,93.709999,92.449997,92.959999,92.160004,93.739998,1,0,0,0,3.764,3.779
4/1/13,3.714,97.07,97.230003,96.580002,96.339996,94.809998,93.709999,1,0,0,0,3.746,3.764
4/8/13,3.676,93.360001,92.699997,93.260002,94.449997,97.190002,97.07,1,0,0,0,3.714,3.746
4/15/13,3.611,88.709999,91.290001,93.510002,94.639999,94.199997,93.360001,1,0,0,0,3.676,3.714
4/22/13,3.603,88.760002,88.010002,87.730003,86.68,88.720001,88.709999,1,0,0,0,3.611,3.676
4/29/13,3.587,94.5,93,93.639999,91.43,89.18,88.760002,1,0,0,0,3.603,3.611
5/6/13,3.602,96.160004,95.610001,93.989998,91.029999,93.459999,94.5,1,0,0,0,3.587,3.603
5/13/13,3.665,95.169998,96.040001,96.389999,96.620003,95.620003,96.160004,1,0,0,0,3.602,3.587
5/20/13,3.729,96.709999,96.019997,95.160004,94.300003,94.209999,95.169998,1,0,0,0,3.665,3.602
6/3/13,3.705,93.449997,91.970001,93.610001,93.129997,95.010002,94.150002,0,1,0,0,3.729,3.665
6/10/13,3.715,95.769997,96.029999,94.760002,93.739998,93.309998,93.449997,0,1,0,0,3.705,3.729
6/17/13,3.689,97.769997,97.849998,96.690002,95.879997,95.379997,95.769997,0,1,0,0,3.715,3.705
6/24/13,3.645,95.18,93.690002,95.400002,98.239998,98.440002,97.769997,0,1,0,0,3.689,3.715
7/1/13,3.567,97.989998,96.559998,97.050003,95.5,95.32,95.18,0,1,0,0,3.645,3.689
7/8/13,3.563,103.139999,103.220001,99.599998,97.989998,96.559998,97.050003,0,1,0,0,3.567,3.645
7/15/13,3.706,106.32,105.949997,104.910004,106.519997,103.529999,103.139999,0,1,0,0,3.563,3.567
7/22/13,3.751,106.910004,108.050003,108.040001,106.480003,106,106.32,0,1,0,0,3.706,3.563
7/29/13,3.716,104.550003,104.699997,105.489998,105.389999,107.230003,106.910004,0,1,0,0,3.751,3.706
8/5/13,3.701,106.559998,106.940002,107.889999,105.029999,103.080002,104.550003,0,1,0,0,3.716,3.751
8/12/13,3.633,106.110001,105.970001,103.400002,104.370003,105.300003,106.559998,0,1,0,0,3.701,3.716
8/19/13,3.622,107.099998,107.459999,107.330002,106.849998,106.830002,106.110001,0,1,0,0,3.633,3.701
8/26/13,3.623,105.919998,106.419998,105.029999,103.849998,104.970001,107.099998,0,1,0,0,3.622,3.633
9/9/13,3.658,109.519997,110.529999,108.370003,107.230003,108.540001,107.650002,0,0,1,0,3.623,3.622
9/16/13,3.619,106.589996,108.209999,108.599998,107.559998,107.389999,109.519997,0,0,1,0,3.658,3.623
9/23/13,3.567,103.589996,104.68,106.389999,108.07,105.419998,106.589996,0,0,1,0,3.619,3.658
9/30/13,3.499,102.330002,102.870003,103.029999,102.660004,103.129997,103.589996,0,0,1,0,3.567,3.619
10/7/13,3.441,103.029999,103.839996,103.309998,104.099998,102.040001,102.330002,0,0,1,0,3.499,3.567
10/14/13,3.43,102.410004,102.019997,103.010002,101.610001,103.489998,103.029999,0,0,1,0,3.441,3.499
10/21/13,3.435,99.220001,100.809998,100.669998,102.290001,101.209999,102.410004,0,0,1,0,3.43,3.441
10/28/13,3.372,98.68,97.849998,97.110001,96.860001,97.800003,99.220001,0,0,1,0,3.435,3.43
11/4/13,3.343,94.620003,94.610001,96.379997,96.769997,98.199997,98.68,0,0,1,0,3.372,3.435
11/11/13,3.274,95.139999,94.599998,94.199997,94.800003,93.370003,94.620003,0,0,1,0,3.343,3.372
11/18/13,3.298,93.029999,93.839996,93.760002,93.879997,93.040001,95.139999,0,0,1,0,3.274,3.343
11/25/13,3.372,94.089996,94.839996,95.440002,93.330002,93.339996,93.029999,0,0,1,0,3.298,3.274
12/2/13,3.353,93.82,92.300003,93.68,94.089996,94.839996,95.440002,0,0,0,1,3.372,3.298
12/9/13,3.35,97.339996,97.650002,97.379997,97.199997,96.040001,93.82,0,0,0,1,3.353,3.372
12/16/13,3.321,97.480003,96.599998,97.5,97.440002,98.510002,97.339996,0,0,0,1,3.35,3.353
12/23/13,3.351,98.910004,99.32,98.769997,97.800003,97.220001,97.480003,0,0,0,1,3.321,3.35
12/30/13,3.409,99.290001,100.32,99.550003,98.910004,99.32,98.769997,0,0,0,1,3.351,3.321
1/6/14,3.411,93.43,93.959999,95.440002,98.419998,99.290001,100.32,0,0,0,1,3.409,3.351
1/13/14,3.406,91.800003,92.720001,91.660004,92.330002,93.669998,93.43,0,0,0,1,3.411,3.409
1/27/14,3.375,95.720001,96.639999,97.32,96.730003,94.989998,94.370003,0,0,0,1,3.406,3.411
2/3/14,3.372,96.43,97.489998,98.230003,97.360001,97.410004,95.720001,0,0,0,1,3.375,3.406
2/10/14,3.388,100.059998,99.879997,97.839996,97.379997,97.190002,96.43,0,0,0,1,3.372,3.375
2/24/14,3.52,102.82,102.199997,102.919998,103.309998,102.43,100.300003,0,0,0,1,3.388,3.372
3/3/14,3.553,104.919998,102.589996,102.400002,102.589996,101.830002,102.82,1,0,0,0,3.52,3.388
3/10/14,3.584,101.120003,102.580002,101.559998,101.449997,103.330002,104.919998,1,0,0,0,3.553,3.52
3/17/14,3.619,98.080002,98.889999,98.199997,97.989998,100.029999,101.120003,1,0,0,0,3.584,3.553
3/24/14,3.622,99.599998,99.459999,99.43,100.370003,99.699997,98.080002,1,0,0,0,3.619,3.584
3/31/14,3.651,101.580002,101.669998,101.279999,100.260002,99.190002,99.599998,1,0,0,0,3.622,3.619
4/7/14,3.67,100.440002,101.139999,100.290001,99.620003,99.739998,101.580002,1,0,0,0,3.651,3.622
4/14/14,3.725,104.050003,103.739998,103.400002,103.599998,102.559998,100.440002,1,0,0,0,3.67,3.651
4/21/14,3.758,104.370003,104.300003,103.760002,103.75,104.050003,103.739998,1,0,0,0,3.725,3.67
4/28/14,3.788,100.839996,100.599998,101.940002,101.440002,102.129997,104.370003,1,0,0,0,3.758,3.725
5/5/14,3.761,99.480003,99.760002,99.419998,99.739998,101.279999,100.839996,1,0,0,0,3.788,3.758
5/12/14,3.746,100.589996,99.989998,100.260002,100.769997,99.5,99.480003,1,0,0,0,3.761,3.788
5/19/14,3.743,102.610001,102.019997,101.5,102.370003,101.699997,100.589996,1,0,0,0,3.746,3.761
6/2/14,3.765,102.470001,102.709999,103.580002,102.720001,104.110001,104.349998,0,1,0,0,3.743,3.746
6/9/14,3.749,104.410004,102.660004,102.480003,102.639999,102.660004,102.470001,0,1,0,0,3.765,3.743
6/16/14,3.76,106.900002,106.910004,106.529999,104.400002,104.349998,104.410004,0,1,0,0,3.749,3.765
6/23/14,3.778,106.169998,107.260002,106.43,105.970001,106.360001,106.900002,0,1,0,0,3.76,3.749
6/30/14,3.778,105.370003,105.739998,105.839996,106.5,106.029999,106.169998,0,1,0,0,3.778,3.76
7/7/14,3.753,103.529999,104.480003,105.339996,105.370003,105.739998,105.839996,0,1,0,0,3.778,3.778
7/14/14,3.712,100.910004,100.830002,102.93,102.290001,103.400002,103.529999,0,1,0,0,3.753,3.778
7/21/14,3.671,104.589996,103.129997,103.190002,101.199997,99.959999,100.910004,0,1,0,0,3.712,3.753
7/28/14,3.617,101.669998,102.089996,102.07,103.120003,104.419998,104.589996,0,1,0,0,3.671,3.712
8/4/14,3.595,98.290001,97.879997,98.169998,100.269997,100.970001,101.669998,0,1,0,0,3.617,3.671
8/11/14,3.582,98.080002,97.650002,97.339996,96.919998,97.379997,98.290001,0,1,0,0,3.595,3.617
8/18/14,3.549,96.410004,97.349998,95.580002,97.589996,97.370003,98.080002,0,1,0,0,3.582,3.595
8/25/14,3.532,93.349998,93.650002,93.959999,96.07,94.480003,96.410004,0,1,0,0,3.549,3.582
9/8/14,3.534,92.660004,93.290001,94.449997,95.540001,92.879997,95.959999,0,0,1,0,3.532,3.549
9/15/14,3.485,92.919998,92.269997,92.830002,91.669998,92.75,92.660004,0,0,1,0,3.534,3.532
9/22/14,3.432,91.519997,92.410004,93.07,94.419998,94.879997,92.919998,0,0,1,0,3.485,3.534
9/29/14,3.434,94.57,93.540001,92.529999,92.800003,91.559998,91.519997,0,0,1,0,3.432,3.485
10/6/14,3.382,90.339996,89.739998,91.010002,90.730003,91.160004,94.57,0,0,1,0,3.434,3.432
10/13/14,3.292,85.739998,85.82,85.769997,87.309998,88.849998,90.339996,0,0,1,0,3.382,3.434
10/20/14,3.205,82.709999,82.75,82.699997,81.779999,81.839996,85.739998,0,0,1,0,3.292,3.382
10/27/14,3.139,81,81.010002,82.089996,80.519997,82.809998,82.709999,0,0,1,0,3.205,3.292
11/3/14,3.077,78.779999,80.540001,81.120003,82.199997,81.419998,81,0,0,1,0,3.139,3.205
11/10/14,3.025,77.400002,78.650002,77.910004,78.68,77.190002,78.779999,0,0,1,0,3.077,3.139
11/17/14,2.978,75.639999,75.82,74.209999,77.18,77.940002,77.400002,0,0,1,0,3.025,3.077
11/24/14,2.907,75.779999,76.510002,75.580002,74.580002,74.610001,75.639999,0,0,1,0,2.978,3.025
12/1/14,2.864,69,73.690002,74.089996,75.779999,76.510002,75.580002,0,0,0,1,2.907,2.978
12/8/14,2.767,63.049999,65.839996,66.809998,67.379997,66.879997,69,0,0,0,1,2.864,2.907
12/15/14,2.643,55.91,57.810001,59.950001,60.939999,63.82,63.049999,0,0,0,1,2.767,2.864
12/22/14,2.496,55.259998,56.52,54.110001,56.470001,55.93,55.91,0,0,0,1,2.643,2.767
12/29/14,2.392,53.610001,54.73,57.119999,55.259998,56.52,54.110001,0,0,0,1,2.496,2.643
1/5/15,2.308,50.040001,52.689999,53.27,54.119999,53.610001,54.73,0,0,0,1,2.392,2.496
1/12/15,2.232,46.07,48.360001,48.790001,48.650002,47.93,50.040001,0,0,0,1,2.308,2.392
1/26/15,2.133,45.150002,45.59,46.310001,47.779999,46.389999,48.689999,0,0,0,1,2.232,2.308
2/2/15,2.154,49.57,48.240002,44.529999,44.450001,46.23,45.150002,0,0,0,1,2.133,2.232
2/9/15,2.276,52.860001,51.689999,50.48,48.450001,53.049999,49.57,0,0,0,1,2.154,2.133
2/23/15,2.415,49.450001,50.34,51.16,52.139999,53.529999,52.779999,0,0,0,1,2.276,2.154
3/2/15,2.556,49.59,49.759998,48.169998,50.990002,49.279999,49.450001,1,0,0,0,2.415,2.276
3/9/15,2.57,50,49.610001,50.759998,51.529999,50.52,49.59,1,0,0,0,2.556,2.415
3/16/15,2.537,43.880001,44.84,47.049999,48.169998,48.290001,50,1,0,0,0,2.57,2.556
3/23/15,2.538,47.450001,45.720001,43.959999,44.66,43.459999,43.880001,1,0,0,0,2.537,2.57
3/30/15,2.531,48.68,48.869999,51.43,49.209999,47.509998,47.450001,1,0,0,0,2.538,2.537
4/6/15,2.499,52.139999,49.139999,50.09,47.599998,48.68,48.869999,1,0,0,0,2.531,2.538
4/13/15,2.494,51.91,51.639999,50.790001,50.419998,53.98,52.139999,1,0,0,0,2.499,2.531
4/20/15,2.57,56.380001,55.740002,56.709999,56.389999,53.290001,51.91,1,0,0,0,2.494,2.499
4/27/15,2.656,56.990002,57.150002,57.740002,56.16,55.259998,56.380001,1,0,0,0,2.57,2.494
5/4/15,2.749,58.93,59.150002,59.630001,58.580002,57.060001,56.990002,1,0,0,0,2.656,2.57
5/11/15,2.776,59.25,59.389999,58.939999,60.93,60.400002,58.93,1,0,0,0,2.749,2.656
5/18/15,2.827,59.43,59.689999,59.880001,60.5,60.75,59.25,1,0,0,0,2.776,2.749
6/1/15,2.863,60.200001,60.299999,57.68,57.509998,58.029999,59.720001,0,1,0,0,2.827,2.776
6/8/15,2.863,58.139999,59.130001,58,59.639999,61.259998,60.200001,0,1,0,0,2.863,2.827
6/15/15,2.918,59.52,59.959999,60.77,61.43,60.139999,58.139999,0,1,0,0,2.863,2.863
6/22/15,2.895,59.68,59.610001,60.450001,59.919998,59.970001,59.52,0,1,0,0,2.918,2.863
6/29/15,2.885,58.330002,59.630001,59.700001,60.27,61.009998,59.68,0,1,0,0,2.895,2.918
7/6/15,2.877,52.529999,56.93,56.959999,59.470001,58.330002,59.630001,0,1,0,0,2.885,2.895
7/13/15,2.92,52.200001,52.740002,52.779999,51.650002,52.330002,52.529999,0,1,0,0,2.877,2.885
7/20/15,2.888,50.150002,50.889999,50.91,51.41,53.040001,52.200001,0,1,0,0,2.92,2.877
7/27/15,2.833,47.389999,48.139999,48.450001,49.189999,50.360001,50.150002,0,1,0,0,2.888,2.92
8/3/15,2.779,45.169998,47.119999,48.52,48.790001,47.98,47.389999,0,1,0,0,2.833,2.888
8/10/15,2.72,44.959999,43.869999,44.66,45.150002,45.740002,45.169998,0,1,0,0,2.779,2.833
8/17/15,2.803,41.869999,42.5,42.23,43.299999,43.080002,44.959999,0,1,0,0,2.72,2.779
8/24/15,2.726,38.240002,40.450001,41.139999,40.799999,42.619999,41.869999,0,1,0,0,2.803,2.72
8/31/15,2.602,49.200001,45.220001,42.560001,38.599998,39.310001,38.240002,0,1,0,0,2.726,2.803
9/14/15,2.471,44,44.630001,45.919998,44.150002,45.939999,46.049999,0,0,1,0,2.602,2.726
9/21/15,2.425,46.68,44.68,46.900002,47.150002,44.59,44,0,0,1,0,2.471,2.602
9/28/15,2.418,44.43,45.700001,44.91,44.48,45.830002,46.68,0,0,1,0,2.425,2.471
10/5/15,2.415,46.259998,45.540001,44.740002,45.09,45.23,44.43,0,0,1,0,2.418,2.425
10/12/15,2.432,47.099998,49.630001,49.43,47.810001,48.529999,46.259998,0,0,1,0,2.415,2.418
10/19/15,2.374,45.889999,47.259998,46.380001,46.639999,46.66,47.099998,0,0,1,0,2.432,2.415
10/26/15,2.326,43.98,44.599998,45.380001,45.200001,45.549999,45.889999,0,0,1,0,2.374,2.432
11/2/15,2.322,46.139999,46.59,46.060001,45.939999,43.200001,43.98,0,0,1,0,2.326,2.374
11/9/15,2.335,43.869999,44.290001,45.200001,46.32,47.900002,46.139999,0,0,1,0,2.322,2.326
11/16/15,2.281,41.740002,40.740002,41.75,42.93,44.209999,43.869999,0,0,1,0,2.335,2.322
11/23/15,2.198,41.75,40.389999,40.540001,40.75,40.669998,41.740002,0,0,1,0,2.281,2.335
11/30/15,2.165,41.650002,41.709999,43.040001,42.869999,41.75,40.389999,0,0,1,0,2.198,2.281
12/7/15,2.159,37.650002,39.970001,41.080002,39.939999,41.849998,41.650002,0,0,0,1,2.165,2.198
12/14/15,2.144,36.310001,35.619999,36.759998,37.16,37.509998,37.650002,0,0,0,1,2.159,2.165
12/21/15,2.133,34.740002,34.73,34.950001,35.52,37.349998,36.310001,0,0,0,1,2.144,2.159
12/28/15,2.141,36.810001,38.099998,37.5,36.139999,34.740002,34.73,0,0,0,1,2.133,2.144
1/4/16,2.135,36.759998,37.040001,36.599998,37.869999,36.810001,38.099998,0,0,0,1,2.141,2.133
1/11/16,2.104,31.41,33.16,33.27,33.970001,35.970001,36.759998,0,0,0,1,2.135,2.141
1/18/16,2.022,31.41,33.16,33.27,33.970001,35.970001,36.759998,0,0,0,1,2.104,2.135
1/25/16,1.965,30.34,32.189999,29.530001,26.549999,28.459999,29.42,0,0,0,1,2.022,2.104
2/1/16,1.932,31.620001,33.619999,33.220001,32.299999,31.450001,30.34,0,0,0,1,1.965,2.022
2/8/16,1.87,29.690001,30.889999,31.719999,32.279999,29.879999,31.620001,0,0,0,1,1.932,1.965
2/15/16,1.834,29.690001,30.889999,31.719999,32.279999,29.879999,31.620001,0,0,0,1,1.87,1.932
2/22/16,1.837,31.48,29.639999,30.77,30.66,29.040001,29.440001,0,0,0,1,1.834,1.87
2/29/16,1.887,33.75,32.779999,33.07,32.150002,31.870001,31.48,0,0,0,1,1.837,1.834
3/7/16,1.943,37.900002,35.919998,34.57,34.66,34.400002,33.75,1,0,0,0,1.887,1.837
3/14/16,2.062,37.18,38.5,37.84,38.290001,36.5,37.900002,1,0,0,0,1.943,1.887
3/21/16,2.109,39.91,39.439999,40.200001,38.459999,36.34,37.18,1,0,0,0,2.062,1.943
3/28/16,2.169,39.389999,39.459999,39.790001,41.450001,39.91,39.439999,1,0,0,0,2.109,2.062
4/4/16,2.185,35.700001,36.790001,38.34,38.32,38.279999,39.389999,1,0,0,0,2.169,2.109
4/11/16,2.173,40.360001,39.720001,37.259998,37.75,35.889999,35.700001,1,0,0,0,2.185,2.169
4/18/16,2.24,39.779999,40.360001,41.5,41.759998,42.169998,40.360001,1,0,0,0,2.173,2.185
4/25/16,2.265,42.639999,43.73,43.18,42.630001,41.080002,39.779999,1,0,0,0,2.24,2.173
5/2/16,2.342,44.779999,45.919998,46.029999,45.330002,44.040001,42.639999,1,0,0,0,2.265,2.24
5/9/16,2.325,43.439999,44.66,44.32,43.779999,43.650002,44.779999,1,0,0,0,2.342,2.265
5/16/16,2.345,47.720001,46.209999,46.700001,46.23,44.66,43.439999,1,0,0,0,2.325,2.342
5/23/16,2.403,48.080002,47.75,48.16,48.189999,48.310001,47.720001,1,0,0,0,2.345,2.325
6/6/16,2.482,49.689999,48.619999,49.169998,49.009998,49.099998,49.330002,0,1,0,0,2.403,2.345
6/13/16,2.499,48.880001,49.07,50.560001,51.23,50.360001,49.689999,0,1,0,0,2.482,2.403
6/20/16,2.455,49.369999,47.98,46.209999,48.009998,48.490002,48.880001,0,1,0,0,2.499,2.482
6/27/16,2.432,46.330002,47.639999,50.110001,49.130001,48.849998,49.369999,0,1,0,0,2.455,2.499
7/11/16,2.359,44.759998,45.41,45.139999,47.43,46.599998,48.990002,0,1,0,0,2.432,2.455
7/18/16,2.336,45.240002,45.950001,45.68,44.75,46.799999,44.759998,0,1,0,0,2.359,2.432
7/25/16,2.289,43.130001,44.189999,44.75,44.939999,44.650002,45.240002,0,1,0,0,2.336,2.359
8/1/16,2.267,40.060001,41.599998,41.139999,41.919998,42.919998,43.130001,0,1,0,0,2.289,2.336
8/8/16,2.256,43.02,41.799999,41.93,40.830002,39.509998,40.060001,0,1,0,0,2.267,2.289
8/15/16,2.256,45.740002,44.490002,43.490002,41.709999,42.77,43.02,0,1,0,0,2.256,2.267
8/22/16,2.299,47.049999,48.52,48.220001,46.790001,46.580002,45.740002,0,1,0,0,2.256,2.256
8/29/16,2.341,46.98,47.639999,47.330002,46.77,48.099998,47.049999,0,1,0,0,2.299,2.256
9/12/16,2.31,46.290001,45.880001,47.619999,45.5,44.830002,44.439999,0,0,1,0,2.341,2.299
9/19/16,2.333,43.299999,43.029999,43.91,43.580002,44.900002,46.290001,0,0,1,0,2.31,2.341
9/26/16,2.334,45.93,44.48,46.32,45.34,43.439999,43.299999,0,0,1,0,2.333,2.31
10/3/16,2.354,48.810001,48.240002,47.830002,47.049999,44.669998,45.93,0,0,1,0,2.334,2.333
10/17/16,2.367,49.939999,50.349998,50.439999,50.18,50.790001,49.810001,0,0,1,0,2.354,2.334
10/24/16,2.353,50.52,50.849998,50.43,51.599998,50.290001,49.939999,0,0,1,0,2.367,2.354
10/31/16,2.341,46.860001,48.700001,49.720001,49.18,49.959999,50.52,0,0,1,0,2.353,2.367
11/7/16,2.345,44.889999,44.07,44.66,45.34,46.669998,46.860001,0,0,1,0,2.341,2.353
11/14/16,2.298,43.32,44.66,45.27,44.98,44.889999,44.07,0,0,1,0,2.345,2.341
11/21/16,2.269,47.490002,45.689999,45.419998,45.57,45.810001,43.32,0,0,1,0,2.298,2.345
11/28/16,2.268,47.080002,46.060001,47.959999,48.029999,47.490002,45.689999,0,0,1,0,2.269,2.298
12/5/16,2.321,51.790001,51.68,51.060001,49.439999,45.23,47.080002,0,0,0,1,2.268,2.269
12/12/16,2.347,52.830002,51.5,50.84,49.77,50.93,51.790001,0,0,0,1,2.321,2.268
12/19/16,2.375,52.119999,51.900002,50.900002,51.040001,52.98,52.830002,0,0,0,1,2.347,2.321
1/9/17,2.496,51.959999,53.990002,53.759998,53.259998,52.330002,53.720001,0,0,0,1,2.375,2.347
1/23/17,2.436,52.75,52.419998,51.369999,51.080002,52.48,52.369999,0,0,0,1,2.496,2.375
1/30/17,2.408,52.630001,53.169998,53.779999,52.75,53.18,52.75,0,0,0,1,2.436,2.496
2/6/17,2.405,53.009998,53.830002,53.540001,53.880001,52.810001,52.630001,0,0,0,1,2.408,2.436
2/13/17,2.418,52.93,53.860001,53,52.34,52.169998,53.009998,0,0,0,1,2.405,2.408
2/27/17,2.427,54.049999,53.990002,54.450001,53.59,54.060001,53.400002,0,0,0,1,2.418,2.405
3/6/17,2.452,53.200001,53.330002,52.610001,53.830002,54.009998,54.049999,1,0,0,0,2.427,2.418
3/13/17,2.434,48.400002,48.490002,49.279999,50.279999,53.139999,53.200001,1,0,0,0,2.452,2.427
3/20/17,2.433,48.220001,48.779999,48.75,48.860001,47.720001,48.400002,1,0,0,0,2.434,2.452
3/27/17,2.428,47.73,47.970001,47.700001,48.040001,47.34,48.220001,1,0,0,0,2.433,2.434
4/3/17,2.471,50.240002,50.599998,50.349998,49.509998,48.369999,47.73,1,0,0,0,2.428,2.433
4/10/17,2.534,53.080002,52.240002,51.700001,51.150002,51.029999,50.240002,1,0,0,0,2.471,2.428
4/17/17,2.546,52.650002,53.18,53.110001,53.400002,53.080002,52.240002,1,0,0,0,2.534,2.471
4/24/17,2.559,49.23,49.619999,50.27,50.439999,52.41,52.650002,1,0,0,0,2.546,2.534
5/1/17,2.522,48.84,49.330002,48.970001,49.619999,49.560001,49.23,1,0,0,0,2.559,2.546
5/8/17,2.484,46.43,46.220001,45.52,47.82,47.66,48.84,1,0,0,0,2.522,2.559
5/15/17,2.481,48.849998,47.84,47.830002,47.330002,45.880001,46.43,1,0,0,0,2.484,2.522
5/22/17,2.51,50.73,50.330002,49.349998,49.07,48.66,48.849998,1,0,0,0,2.481,2.484
6/5/17,2.525,47.400002,47.66,48.360001,48.32,49.66,49.799999,0,1,0,0,2.51,2.481
6/12/17,2.479,46.080002,45.830002,45.639999,45.720001,48.189999,47.400002,0,1,0,0,2.525,2.51
6/19/17,2.433,44.200001,44.740002,44.459999,44.73,46.459999,46.080002,0,1,0,0,2.479,2.525
6/26/17,2.404,43.380001,43.009998,42.740002,42.529999,43.23,44.200001,0,1,0,0,2.433,2.479
7/3/17,2.376,43.380001,43.009998,42.740002,42.529999,43.23,44.200001,0,1,0,0,2.404,2.433
7/10/17,2.411,44.400002,44.23,45.52,45.130001,46.040001,44.93,0,1,0,0,2.376,2.404
7/17/17,2.392,46.02,46.540001,46.080002,45.490002,45.040001,44.400002,0,1,0,0,2.411,2.376
7/24/17,2.426,46.34,45.77,46.790001,47.119999,46.400002,46.02,0,1,0,0,2.392,2.411
7/31/17,2.467,50.169998,49.709999,49.040001,48.75,47.889999,46.34,0,1,0,0,2.426,2.392
8/7/17,2.492,49.389999,49.580002,49.029999,49.59,49.16,50.169998,0,1,0,0,2.467,2.426
8/14/17,2.497,47.59,48.82,48.59,49.560001,49.169998,49.389999,0,1,0,0,2.492,2.467
8/21/17,2.474,47.369999,48.509998,47.09,46.779999,47.549999,47.59,0,1,0,0,2.497,2.492
8/28/17,2.513,46.57,47.869999,47.43,48.41,47.639999,47.369999,0,1,0,0,2.474,2.497
9/11/17,2.8,48.07,47.48,49.09,49.16,48.66,47.290001,0,0,1,0,2.513,2.474
9/18/17,2.75,49.91,49.889999,49.889999,49.299999,48.23,48.07,0,0,1,0,2.8,2.513
9/25/17,2.701,52.220001,50.66,50.549999,50.41,49.48,49.91,0,0,1,0,2.75,2.8
10/2/17,2.682,50.580002,51.669998,51.560001,52.139999,51.880001,52.220001,0,0,1,0,2.701,2.75
10/9/17,2.622,49.580002,49.290001,50.790001,49.98,50.419998,50.580002,0,0,1,0,2.682,2.701
10/16/17,2.605,51.869999,51.450001,50.599998,51.299999,50.919998,49.580002,0,0,1,0,2.622,2.682
10/23/17,2.594,51.900002,51.470001,51.290001,52.040001,51.880001,51.869999,0,0,1,0,2.605,2.622
10/30/17,2.602,54.150002,53.900002,52.639999,52.18,52.470001,51.900002,0,0,1,0,2.594,2.605
11/6/17,2.673,57.349998,55.639999,54.540001,54.299999,54.380001,54.150002,0,0,1,0,2.602,2.594
11/13/17,2.706,56.759998,56.740002,57.169998,56.810001,57.200001,57.349998,0,0,1,0,2.673,2.602
11/20/17,2.683,56.09,56.549999,55.139999,55.330002,55.700001,56.759998,0,0,1,0,2.706,2.673
11/27/17,2.648,58.110001,58.02,56.830002,56.09,56.549999,55.139999,0,0,1,0,2.683,2.706
12/4/17,2.617,57.470001,58.360001,57.400002,57.299999,57.990002,58.110001,0,0,0,1,2.648,2.683
12/11/17,2.601,57.990002,57.360001,56.689999,55.959999,57.619999,57.470001,0,0,0,1,2.617,2.648
12/18/17,2.568,57.16,57.299999,57.040001,56.599998,57.139999,57.990002,0,0,0,1,2.601,2.617
1/8/18,2.639,61.73,61.439999,62.009998,61.630001,60.369999,60.419998,0,0,0,1,2.568,2.601
1/22/18,2.684,63.490002,63.369999,63.950001,63.970001,63.73,64.300003,0,0,0,1,2.639,2.568
1/29/18,2.723,65.559998,66.139999,65.510002,65.610001,64.470001,63.490002,0,0,0,1,2.684,2.639
2/5/18,2.753,64.150002,65.449997,65.800003,64.730003,64.5,65.559998,0,0,0,1,2.723,2.684
2/12/18,2.724,59.290001,59.200001,61.150002,61.790001,63.389999,64.150002,0,0,0,1,2.753,2.723
2/26/18,2.666,63.91,63.549999,62.77,61.68,61.900002,61.68,0,0,0,1,2.724,2.753
3/5/18,2.679,62.57,61.25,60.990002,61.639999,63.009998,63.91,1,0,0,0,2.666,2.724
3/12/18,2.677,61.360001,62.040001,60.119999,61.150002,62.599998,62.57,1,0,0,0,2.679,2.666
3/19/18,2.716,62.060001,62.34,61.189999,60.959999,60.709999,61.360001,1,0,0,0,2.677,2.679
3/26/18,2.764,65.550003,65.879997,64.300003,65.169998,63.400002,62.060001,1,0,0,0,2.716,2.677
4/2/18,2.817,63.009998,64.940002,64.379997,65.25,65.550003,65.879997,1,0,0,0,2.764,2.716
4/9/18,2.811,63.419998,62.060001,63.540001,63.369999,63.509998,63.009998,1,0,0,0,2.817,2.764
4/16/18,2.863,66.220001,67.389999,67.07,66.82,65.510002,63.419998,1,0,0,0,2.811,2.817
4/23/18,2.914,68.639999,68.379997,68.290001,68.470001,66.519997,66.220001,1,0,0,0,2.863,2.811
4/30/18,2.961,68.57,68.099998,68.190002,68.050003,67.699997,68.639999,1,0,0,0,2.914,2.863
5/7/18,2.96,70.730003,69.720001,68.43,67.93,67.25,68.57,1,0,0,0,2.961,2.914
5/14/18,2.949,70.959999,70.699997,71.360001,71.139999,69.059998,70.730003,1,0,0,0,2.96,2.961
5/21/18,2.999,72.239998,71.279999,71.489998,71.489998,71.309998,70.959999,1,0,0,0,2.949,2.96
6/4/18,3.018,64.75,65.809998,67.040001,68.209999,66.730003,67.879997,0,1,0,0,2.999,2.949
6/11/18,2.989,66.099998,65.739998,65.949997,64.730003,65.519997,64.75,0,1,0,0,3.018,2.999
6/18/18,2.958,65.849998,65.059998,66.889999,66.639999,66.360001,66.099998,0,1,0,0,2.989,3.018
6/25/18,2.913,68.080002,68.580002,65.540001,66.220001,65.07,65.849998,0,1,0,0,2.958,2.989
7/2/18,2.924,73.940002,74.150002,73.449997,72.760002,70.529999,68.080002,0,1,0,0,2.913,2.958
7/9/18,2.937,73.849998,73.800003,72.940002,73.940002,74.150002,73.449997,0,1,0,0,2.924,2.913
7/16/18,2.943,68.059998,71.010002,70.330002,70.379997,74.110001,73.849998,0,1,0,0,2.937,2.924
7/23/18,2.911,67.889999,70.459999,69.459999,68.760002,68.080002,68.059998,0,1,0,0,2.943,2.937
7/30/18,2.924,70.129997,68.690002,69.610001,69.300003,68.519997,67.889999,0,1,0,0,2.911,2.943
8/6/18,2.93,69.010002,68.489998,68.959999,67.660004,68.760002,70.129997,0,1,0,0,2.924,2.911
8/13/18,2.921,67.199997,67.629997,66.809998,66.940002,69.169998,69.010002,0,1,0,0,2.93,2.924
8/20/18,2.9,66.43,65.910004,65.459999,65.010002,67.040001,67.199997,0,1,0,0,2.921,2.93
8/27/18,2.906,68.870003,68.720001,67.830002,67.860001,67.349998,66.43,0,1,0,0,2.9,2.921
9/10/18,2.912,67.540001,67.75,67.769997,68.720001,69.870003,69.800003,0,0,1,0,2.906,2.9
9/17/18,2.921,68.910004,68.989998,68.589996,70.370003,69.25,67.540001,0,0,1,0,2.912,2.906
9/24/18,2.923,72.080002,70.779999,70.800003,71.120003,69.849998,68.910004,0,0,1,0,2.921,2.912
10/1/18,2.947,75.300003,73.25,72.120003,71.57,72.279999,72.080002,0,0,1,0,2.923,2.921
10/8/18,2.984,74.290001,74.339996,74.330002,76.410004,75.230003,75.300003,0,0,1,0,2.947,2.923
10/15/18,2.961,71.779999,71.339996,70.970001,73.169998,74.959999,74.290001,0,0,1,0,2.984,2.947
10/22/18,2.925,69.169998,69.120003,68.650002,69.75,71.919998,71.779999,0,0,1,0,2.961,2.984
10/29/18,2.896,67.040001,67.589996,67.330002,66.82,66.43,69.169998,0,0,1,0,2.925,2.961
11/5/18,2.84,63.099998,63.139999,63.689999,65.309998,66.18,67.040001,0,0,1,0,2.896,2.925
11/12/18,2.773,59.93,60.189999,60.669998,61.669998,62.209999,63.099998,0,0,1,0,2.84,2.896
11/19/18,2.7,56.759998,56.459999,56.459999,56.25,55.689999,59.93,0,0,1,0,2.773,2.84
11/26/18,2.63,51.630001,54.630001,53.43,56.759998,56.459999,56.459999,0,0,1,0,2.7,2.773
12/3/18,2.544,52.950001,50.93,51.450001,50.290001,51.560001,51.630001,0,0,0,1,2.63,2.7
12/10/18,2.511,51,52.610001,51.490002,53.25,52.950001,50.93,0,0,0,1,2.544,2.63
12/17/18,2.46,49.880001,51.200001,52.580002,51.150002,51.650002,51,0,0,0,1,2.511,2.544
12/24/18,2.413,49.880001,51.200001,52.580002,51.150002,51.650002,51,0,0,0,1,2.46,2.511
12/31/18,2.358,45.41,45.330002,44.610001,46.220001,45.59,45.880001,0,0,0,1,2.413,2.46
1/7/19,2.329,48.52,47.959999,47.09,46.540001,45.41,45.330002,0,0,0,1,2.358,2.413
1/14/19,2.338,50.509998,51.59,52.59,52.360001,49.779999,48.52,0,0,0,1,2.329,2.358
1/28/19,2.343,51.990002,53.689999,53.130001,52.619999,52.57,53.799999,0,0,0,1,2.338,2.329
2/4/19,2.341,54.560001,55.259998,53.790001,54.23,53.310001,51.990002,0,0,0,1,2.343,2.338
2/11/19,2.361,52.41,52.720001,52.639999,54.009998,53.66,54.560001,0,0,0,1,2.341,2.343
2/25/19,2.471,55.48,57.259998,56.959999,56.919998,56.09,55.59,0,0,0,1,2.361,2.341
3/4/19,2.502,56.59,55.799999,57.220001,56.939999,55.5,55.48,1,0,0,0,2.471,2.361
3/11/19,2.549,56.790001,56.07,56.66,56.220001,56.560001,56.59,1,0,0,0,2.502,2.471
3/18/19,2.625,59.09,58.52,58.610001,58.259998,56.869999,56.790001,1,0,0,0,2.549,2.502
3/25/19,2.701,58.82,59.040001,59.98,59.830002,59.029999,59.09,1,0,0,0,2.625,2.549
4/1/19,2.77,61.59,60.139999,59.299999,59.41,59.939999,58.82,1,0,0,0,2.701,2.625
4/8/19,2.826,64.400002,63.080002,62.099998,62.459999,62.580002,61.59,1,0,0,0,2.77,2.701
4/15/19,2.912,63.400002,63.889999,63.580002,64.610001,63.98,64.400002,1,0,0,0,2.826,2.77
4/22/19,2.926,65.699997,64,63.759998,64.050003,63.400002,63.889999,1,0,0,0,2.912,2.826
4/29/19,2.972,63.5,63.299999,65.209999,65.889999,66.300003,65.699997,1,0,0,0,2.926,2.912
5/6/19,2.983,62.25,61.939999,61.810001,63.599998,63.91,63.5,1,0,0,0,2.972,2.926
5/13/19,2.954,61.040001,61.66,61.700001,62.119999,61.400002,62.25,1,0,0,0,2.983,2.972
5/20/19,2.939,63.099998,62.759998,62.869999,62.02,61.779999,61.040001,1,0,0,0,2.954,2.983
6/3/19,2.893,53.25,53.5,56.59,58.810001,59.139999,58.630001,0,1,0,0,2.939,2.954
6/10/19,2.821,53.259998,53.990002,52.59,51.68,53.48,53.25,0,1,0,0,2.893,2.939
6/17/19,2.759,51.93,52.509998,52.279999,51.139999,53.27,53.259998,0,1,0,0,2.821,2.893
6/24/19,2.741,57.900002,57.43,56.650002,53.759998,53.900002,51.93,0,1,0,0,2.759,2.821
7/1/19,2.798,59.09,58.470001,59.43,59.380001,57.830002,57.900002,0,1,0,0,2.741,2.759
7/8/19,2.827,57.66,57.509998,56.25,59.09,58.470001,59.43,0,1,0,0,2.798,2.741
7/15/19,2.86,59.580002,60.209999,60.200001,60.43,57.830002,57.66,0,1,0,0,2.827,2.798
7/22/19,2.833,56.220001,55.630001,55.299999,56.779999,57.619999,59.580002,0,1,0,0,2.86,2.827
7/29/19,2.798,56.869999,56.200001,56.02,55.880001,56.77,56.220001,0,1,0,0,2.833,2.86
8/5/19,2.772,54.689999,55.66,53.950001,58.580002,58.049999,56.869999,0,1,0,0,2.798,2.833
8/12/19,2.71,54.93,54.5,52.540001,51.09,53.630001,54.689999,0,1,0,0,2.772,2.798
8/19/19,2.684,56.209999,54.869999,54.470001,55.23,57.099998,54.93,0,1,0,0,2.71,2.772
8/26/19,2.661,53.639999,54.169998,55.349998,55.68,56.34,56.209999,0,1,0,0,2.684,2.71
9/9/19,2.638,57.849998,56.52,56.299999,56.259998,53.939999,55.099998,0,0,1,0,2.661,2.684
9/16/19,2.64,62.900002,54.849998,55.09,55.75,57.400002,57.849998,0,0,1,0,2.638,2.661
9/23/19,2.741,58.639999,58.09,58.130001,58.110001,59.34,62.900002,0,0,1,0,2.64,2.638
9/30/19,2.737,54.07,55.91,56.41,56.490002,57.290001,58.639999,0,0,1,0,2.741,2.64
10/7/19,2.742,52.75,52.810001,52.450001,52.639999,53.619999,54.07,0,0,1,0,2.737,2.741
10/14/19,2.727,53.59,54.700001,53.549999,52.59,52.630001,52.75,0,0,1,0,2.742,2.737
10/21/19,2.735,53.310001,53.779999,53.93,53.360001,52.810001,53.59,0,0,1,0,2.727,2.742
10/28/19,2.692,55.810001,56.66,56.23,55.970001,54.16,53.310001,0,0,1,0,2.735,2.727
11/4/19,2.702,56.540001,56.200001,54.18,55.060001,55.540001,55.810001,0,0,1,0,2.692,2.735
11/11/19,2.711,56.860001,57.240002,57.150002,56.349998,57.23,56.540001,0,0,1,0,2.702,2.692
11/18/19,2.688,57.049999,57.720001,56.77,57.119999,56.799999,56.860001,0,0,1,0,2.711,2.702
11/25/19,2.672,58.009998,57.77,58.580002,57.110001,55.209999,57.049999,0,0,1,0,2.688,2.711
12/2/19,2.667,55.959999,58.110001,58.41,58.009998,57.77,58.580002,0,0,0,1,2.672,2.688
12/9/19,2.652,59.02,59.200001,58.43,58.43,56.099998,55.959999,0,0,0,1,2.667,2.672
12/16/19,2.627,60.209999,60.07,59.18,58.759998,59.240002,59.02,0,0,0,1,2.652,2.667
12/23/19,2.621,60.52,60.439999,61.220001,60.93,60.939999,60.209999,0,0,0,1,2.627,2.652
12/30/19,2.658,61.68,61.720001,61.68,60.52,60.439999,61.220001,0,0,0,1,2.621,2.627
1/6/20,2.665,63.27,63.049999,61.18,61.060001,61.68,61.720001,0,0,0,1,2.658,2.621
1/13/20,2.657,58.080002,59.040001,59.560001,59.610001,62.700001,63.27,0,0,0,1,2.665,2.658
1/27/20,2.595,53.139999,54.189999,55.59,56.740002,58.34,58.540001,0,0,0,1,2.657,2.665
2/3/20,2.546,50.110001,51.560001,52.139999,53.330002,53.48,53.139999,0,0,0,1,2.595,2.657
2/10/20,2.511,49.57,50.32,50.950001,50.75,49.610001,50.110001,0,0,0,1,2.546,2.595
2/24/20,2.555,51.43,53.380001,53.779999,53.290001,52.049999,52.049999,0,0,0,1,2.511,2.546
3/2/20,2.514,46.75,44.759998,47.09,48.73,49.900002,51.43,1,0,0,0,2.555,2.511
3/9/20,2.468,31.129999,32.5,41.279999,45.900002,46.779999,47.18,1,0,0,0,2.514,2.555
3/16/20,2.343,28.700001,30.389999,31.73,31.5,32.98,34.360001,1,0,0,0,2.468,2.514
3/23/20,2.217,23.360001,21.35,22.43,25.219999,20.370001,26.950001,1,0,0,0,2.343,2.468
3/30/20,2.103,20.09,20.35,21.51,22.6,24.49,24.01,1,0,0,0,2.217,2.343
4/6/20,2.022,26.08,28.34,25.32,20.309999,20.48,20.09,1,0,0,0,2.103,2.217
4/13/20,1.951,22.41,23.129999,22.76,25.09,23.629999,26.08,1,0,0,0,2.022,2.103
4/20/20,1.91,-37.630001,16.99,18.27,19.870001,19.870001,20.110001,1,0,0,0,1.951,2.022
4/27/20,1.87,12.78,16.559999,16.940001,16.5,13.78,10.01,1,0,0,0,1.91,1.951
5/4/20,1.883,20.389999,18.629999,19.780001,18.84,15.06,12.34,1,0,0,0,1.87,1.91
5/11/20,1.941,24.139999,24.67,24.74,23.549999,23.99,24.559999,1,0,0,0,1.883,1.87
5/18/20,1.969,31.82,30.26,29.43,27.559999,25.290001,25.780001,1,0,0,0,1.941,1.883
6/1/20,2.064,35.439999,35.27,35.490002,33.709999,32.810001,34.349998,0,1,0,0,1.969,1.941
6/8/20,2.123,38.189999,40.360001,39.549999,37.41,37.290001,36.810001,0,1,0,0,2.064,1.969
6/15/20,2.185,37.119999,35.5,36.259998,36.34,39.599998,38.939999,0,1,0,0,2.123,2.064
6/22/20,2.216,40.459999,39.77,39.75,38.84,37.959999,38.380001,0,1,0,0,2.185,2.123
6/29/20,2.26,39.700001,37.849998,38.490002,38.720001,38.009998,40.369999,0,1,0,0,2.216,2.185
7/6/20,2.265,40.630001,40.380001,40.650002,39.82,39.27,39.700001,0,1,0,0,2.26,2.216
7/13/20,2.283,40.099998,40.209999,40.549999,39.619999,40.900002,40.619999,0,1,0,0,2.265,2.26
7/20/20,2.275,40.810001,40.639999,40.59,40.75,41.200001,40.290001,0,1,0,0,2.283,2.265
7/27/20,2.265,41.599998,41.110001,41.290001,41.07,41.900002,41.959999,0,1,0,0,2.275,2.283
8/3/20,2.266,41.009998,40.119999,40.27,39.919998,41.27,41.040001,0,1,0,0,2.265,2.275
8/10/20,2.256,41.939999,41.599998,41.220001,41.950001,42.189999,41.700001,0,1,0,0,2.266,2.265
8/17/20,2.256,42.889999,42.27,42.009998,42.240002,42.669998,41.610001,0,1,0,0,2.256,2.266
8/24/20,2.272,42.619999,42.470001,42.34,42.580002,42.93,42.889999,0,1,0,0,2.256,2.256
8/31/20,2.311,42.610001,43.049999,42.970001,43.040001,43.389999,43.349998,0,1,0,0,2.272,2.256
9/14/20,2.274,37.259998,37.330002,37.299999,38.049999,36.759998,39.77,0,0,1,0,2.311,2.272
9/21/20,2.259,39.310001,41.110001,40.970001,40.16,38.279999,37.259998,0,0,1,0,2.274,2.311
9/28/20,2.259,40.599998,40.25,40.310001,39.93,39.599998,39.310001,0,0,1,0,2.259,2.274
10/5/20,2.262,39.220001,37.049999,38.720001,40.220001,39.290001,40.599998,0,0,1,0,2.259,2.259
10/12/20,2.257,39.43,40.599998,41.189999,39.950001,40.669998,39.220001,0,0,1,0,2.262,2.259
10/19/20,2.24,40.830002,40.880001,40.959999,41.040001,40.200001,39.43,0,0,1,0,2.257,2.262
10/26/20,2.234,38.560001,39.849998,40.639999,40.029999,41.459999,40.830002,0,0,1,0,2.24,2.257
11/2/20,2.204,36.810001,35.790001,36.169998,37.389999,39.57,38.560001,0,0,1,0,2.234,2.24
11/9/20,2.188,40.290001,37.139999,38.790001,39.150002,37.66,36.810001,0,0,1,0,2.204,2.234
11/16/20,2.202,41.34,40.130001,41.119999,41.450001,41.360001,40.290001,0,0,1,0,2.188,2.204
11/23/20,2.194,43.060001,42.150002,41.740002,41.82,41.43,41.34,0,0,1,0,2.202,2.188
11/30/20,2.211,45.34,45.709999,44.91,43.060001,42.150002,41.740002,0,0,1,0,2.194,2.202
12/7/20,2.246,45.759998,46.259998,45.639999,45.279999,44.549999,45.34,0,0,0,1,2.211,2.194
12/14/20,2.247,46.990002,46.57,46.779999,45.52,45.599998,45.759998,0,0,0,1,2.246,2.211
12/21/20,2.311,47.740002,49.099998,48.360001,47.82,47.619999,46.990002,0,0,0,1,2.247,2.246
12/28/20,2.33,47.619999,48.119999,47.02,47.740002,49.099998,48.360001,0,0,0,1,2.311,2.247
1/4/21,2.336,47.619999,48.52,48.400002,48,47.619999,48.119999,0,0,0,1,2.33,2.311
1/11/21,2.403,52.25,52.240002,50.830002,50.630001,49.93,47.619999,0,0,0,1,2.336,2.33
1/25/21,2.478,52.77,52.27,53.130001,53.240002,52.98,52.360001,0,0,0,1,2.403,2.336