Date,Heating Oil Price,Diesel Retail Prices,Jet Fuel,Gold Price,Unemployment Insurance,USD_Index,Refinary Operation Capacity,Gasoline Inventory,Crude Oil Production,Gasoline
8/28/2000,0.9764,1.536,0.952,277,239030,111.419998,94.9,196372,5782,1.521
9/4/2000,0.9949,1.609,1.003,273.299988,242375,114.339996,96,195498,5783,1.568
9/11/2000,1.031,1.629,1.031,272.299988,229954,115.940002,96,191795,5802,1.598
9/18/2000,0.9555,1.653,1.066,271.799988,245991,113.559998,93.3,187566,5803,1.599
9/25/2000,0.93,1.657,1.027,273.600006,222219,113.25,95.3,190559,5680,1.586
10/2/2000,0.933,1.625,0.949,269.299988,227249,114.849998,94.7,195621,5862,1.563
10/9/2000,1.017,1.614,0.964,272.399994,292784,115.860001,92.4,195840,5867,1.541
10/16/2000,0.9711,1.67,1.03,271.200012,255082,117.160004,90.9,193261,5864,1.578
10/23/2000,0.9777,1.648,0.968,264.399994,263445,117.389999,92.4,192240,5880,1.588
10/30/2000,0.9217,1.629,0.981,264.600006,269489,114.970001,93.5,188097,5894,1.584
11/6/2000,1.0075,1.61,0.945,264.5,342414,115.790001,93,186147,5903,1.565
11/13/2000,1.0788,1.603,0.996,265.700012,294727,117.309998,92.8,189003,5889,1.562
11/20/2000,1.0944,1.627,1.07,266.299988,374160,118.480003,92.1,188941,5854,1.55
11/27/2000,0.971,1.645,1.093,268.700012,321859,114.730003,90.1,191190,5883,1.549
12/4/2000,0.9447,1.622,1.007,272.200012,447262,114.050003,91.8,195234,5925,1.526
12/11/2000,0.918,1.577,0.972,270.399994,390088,112.900002,93.2,196568,5903,1.49
12/18/2000,0.878,1.545,0.886,273.700012,402476,110.82,93.3,198983,5897,1.462
12/25/2000,0.9066,1.515,0.773,272,481720,109.559998,93,196401,5875,1.453
1/1/2001,0.8625,1.522,0.784,268,568973,108.419998,93.5,193771,5903,1.446
1/8/2001,0.8421,1.52,0.843,263.899994,558768,109.360001,91.8,195663,5944,1.465
1/15/2001,0.8797,1.509,0.836,264.299988,599562,110.660004,92.2,198713,5949,1.513
1/22/2001,0.8456,1.528,0.892,262.799988,398188,111.459999,90.5,200703,5912,1.511
1/29/2001,0.822,1.539,0.905,267.100006,447386,110.32,90.8,205882,5935,1.5
2/5/2001,0.8224,1.52,0.867,259.899994,424696,111.519997,89.8,203783,5929,1.483
2/12/2001,0.7601,1.518,0.872,258.200012,396151,112.260002,89.6,202920,5866,1.515
2/19/2001,0.741,1.48,0.792,260.899994,345841,112.029999,89.3,204595,5857,1.489
2/26/2001,0.727,1.451,0.772,262.100006,357591,111.169998,91.1,204546,5875,1.471
3/5/2001,0.7291,1.42,0.782,270.799988,379286,111.440002,91.8,203021,5876,1.457
3/12/2001,0.702,1.406,0.784,258.100006,377210,115.32,90.1,201582,5868,1.453
3/19/2001,0.763,1.392,0.738,261.5,351497,115.940002,91.2,198193,5883,1.444
3/26/2001,0.7045,1.379,0.727,257.899994,334747,117.370003,89.3,196272,5868,1.445
4/2/2001,0.7283,1.391,0.735,260,328576,114.75,89.1,193035,5883,1.482
4/9/2001,0.7805,1.397,0.724,260.100006,397282,115.540001,90.4,193855,5867,1.54
4/16/2001,0.77,1.437,0.786,264.799988,346981,114.32,93.7,192831,5855,1.61
4/23/2001,0.7574,1.443,0.796,263.899994,369745,115.620003,96.2,193913,5861,1.658
4/30/2001,0.7657,1.442,0.772,266.100006,353831,114.93,96.2,198975,5884,1.665
5/7/2001,0.7605,1.47,0.818,267.899994,336319,116.839996,95.8,200025,5831,1.739
5/14/2001,0.8044,1.491,0.834,287.399994,331765,116.410004,93.7,204069,5780,1.748
5/21/2001,0.7818,1.494,0.804,277.899994,338374,118.18,95.4,203706,5785,1.724
5/28/2001,0.7592,1.529,0.834,266.399994,346231,118.889999,95.5,208032,5819,1.739
6/4/2001,0.7665,1.514,0.79,273.399994,335765,119.209999,97.6,210265,5823,1.715
6/11/2001,0.8045,1.486,0.77,271.200012,397015,118.290001,97.2,216010,5746,1.688
6/18/2001,0.7339,1.48,0.813,272.299988,354526,118.910004,93.6,219666,5726,1.644
6/25/2001,0.7125,1.447,0.758,270.600006,351770,119.43,93.1,220745,5740,1.583
7/2/2001,0.7378,1.407,0.726,265.899994,375885,119.900002,95.7,221633,5756,1.52
7/9/2001,0.6874,1.392,0.735,267.100006,526826,119.330002,96.1,221549,5756,1.484
7/16/2001,0.6811,1.38,0.714,269.899994,524139,117.209999,94.4,217832,5770,1.459
7/23/2001,0.7131,1.348,0.681,267.399994,406038,116.940002,92.6,214521,5731,1.44
7/30/2001,0.7262,1.347,0.714,267.899994,332957,116.139999,93,211313,5705,1.428
8/6/2001,0.7439,1.345,0.737,273.899994,341660,115.290001,93.1,207789,5745,1.419
8/13/2001,0.707,1.367,0.757,279.299988,333042,112.989998,93.4,204627,5773,1.434
8/20/2001,0.746,1.394,0.763,272.5,317046,113.330002,91.9,202069,5785,1.467
8/27/2001,0.7663,1.452,0.76,274.399994,307850,113.419998,91.6,195874,5796,1.523
9/3/2001,0.8028,1.488,0.789,273.100006,319016,114.050003,93.3,194690,5751,1.579
9/10/2001,0.8327,1.492,0.802,290.200012,309567,114.57,95.4,195380,5829,1.562
9/17/2001,0.7087,1.527,0.817,291.899994,317245,113.040001,90.9,192331,5814,1.564
9/24/2001,0.6635,1.473,0.704,292.399994,353611,113.480003,89.3,200823,5789,1.522
10/1/2001,0.6402,1.39,0.641,291.399994,400400,112.910004,90.8,203912,5735,1.455
10/8/2001,0.6384,1.371,0.636,284.899994,441754,113.889999,91.7,206117,5736,1.393
10/15/2001,0.6263,1.353,0.644,280.100006,426881,114.860001,91.1,208339,5515,1.351
10/22/2001,0.6236,1.318,0.605,277.899994,429542,115.650002,92.2,208908,5828,1.307
10/29/2001,0.5826,1.31,0.609,279.799988,436901,114.540001,92.5,208308,5879,1.277
11/5/2001,0.6268,1.291,0.595,277.399994,443971,115.089996,91.2,206944,5859,1.249
11/12/2001,0.5218,1.269,0.577,274.700012,456366,116.410004,88.5,205335,5863,1.224
11/19/2001,0.5342,1.252,0.544,272.899994,420259,117.330002,89.8,206682,5872,1.208
11/26/2001,0.5323,1.223,0.515,273.899994,438893,116.129997,90.8,207701,5882,1.168
12/3/2001,0.5168,1.194,0.512,273.899994,605916,116.150002,91.3,212099,5873,1.149
12/10/2001,0.5425,1.173,0.502,278,491836,114.93,89.1,211201,5856,1.136
12/17/2001,0.5484,1.143,0.475,278,440906,116.980003,89.2,210320,5884,1.101
12/24/2001,0.5665,1.154,0.532,276.5,529570,117.260002,88,207036,5911,1.113
12/31/2001,0.5859,1.169,0.567,278.899994,647045,116.330002,90.2,207914,5902,1.137
1/7/2002,0.5394,1.168,0.554,287.399994,637343,116.639999,89.6,207726,5922,1.152
1/14/2002,0.5141,1.159,0.541,283.100006,799246,117.510002,90,210500,5922,1.152
1/21/2002,0.538,1.14,0.51,278.799988,558297,119.849998,87.7,214055,5911,1.146
1/28/2002,0.553,1.144,0.531,286,431690,119.790001,84.8,216656,5909,1.142
2/4/2002,0.535,1.144,0.536,303.5,445552,118.980003,85.5,216355,5916,1.157
2/11/2002,0.5589,1.153,0.538,298.399994,438611,118.599998,86.3,217358,5952,1.148
2/18/2002,0.546,1.156,0.559,293.200012,376573,118.480003,86.5,216883,5927,1.157
2/25/2002,0.587,1.154,0.548,298,367504,119.400002,87.6,215753,5956,1.157
3/4/2002,0.6225,1.173,0.565,290.100006,385272,117.989998,85.4,212674,5966,1.185
3/11/2002,0.648,1.216,0.601,289.899994,386992,117.220001,84.7,211544,5947,1.262
3/18/2002,0.652,1.251,0.632,297.299988,352045,118.050003,86.1,209080,5975,1.328
3/25/2002,0.669,1.281,0.648,302.600006,366372,118.620003,87.7,207157,5948,1.382
4/1/2002,0.684,1.295,0.654,300.100006,386296,117.690002,88.3,211521,5956,1.412
4/8/2002,0.601,1.323,0.694,302.100006,432384,117.739998,89.7,212602,5916,1.454
4/15/2002,0.6595,1.32,0.655,302.299988,428834,116.290001,90.9,211127,5922,1.446
4/22/2002,0.679,1.304,0.646,311.600006,385151,115.040001,90.7,210555,5896,1.446
4/29/2002,0.6675,1.302,0.67,312.200012,367350,113.589996,91.2,211946,5865,1.435
5/6/2002,0.688,1.305,0.676,311,362681,113.949997,93.2,214108,5879,1.437
5/13/2002,0.686,1.299,0.661,310.600006,358286,113,92.5,217207,5889,1.431
5/20/2002,0.6595,1.309,0.688,320.399994,348887,112.800003,90.8,216094,5894,1.439
5/27/2002,0.631,1.308,0.672,326.5,346439,111.809998,91.8,218100,5890,1.429
6/3/2002,0.634,1.3,0.639,324.600006,309183,110.989998,92.8,215916,5896,1.433
6/10/2002,0.6635,1.286,0.628,319.100006,378613,110.760002,93,214362,5897,1.417
6/17/2002,0.65,1.275,0.643,324.600006,356096,108.190002,93.2,215229,5910,1.419
6/24/2002,0.6796,1.281,0.661,313.5,358959,106.110001,92.5,216405,5939,1.425
7/1/2002,0.6877,1.289,0.678,310.899994,358658,107.669998,93.7,216434,5917,1.433
7/8/2002,0.7054,1.294,0.692,315.600006,456716,105.889999,94.1,214720,5898,1.423
7/15/2002,0.7014,1.3,0.686,323.899994,506718,104.059998,92.8,213232,5885,1.435
7/22/2002,0.6675,1.311,0.707,303.399994,394586,106.610001,92.9,212591,5839,1.451
7/29/2002,0.6766,1.303,0.678,307,338441,106.669998,93.8,211591,5844,1.447
8/5/2002,0.6718,1.304,0.687,314.200012,326356,108.209999,91.8,212470,5604,1.437
8/12/2002,0.7345,1.303,0.677,313.700012,332673,106.720001,92.1,207965,5858,1.435
8/19/2002,0.739,1.333,0.719,306.700012,313869,107.970001,92.8,208743,5907,1.434
8/26/2002,0.7482,1.37,0.75,312.399994,314852,106.980003,91.9,206761,5918,1.444
9/2/2002,0.7839,1.388,0.762,319.899994,310864,106.839996,92.2,205330,5883,1.436
9/9/2002,0.7867,1.396,0.761,316.600006,318361,108.059998,92.9,205598,5773,1.437
9/16/2002,0.787,1.414,0.795,321.899994,337577,107.529999,91.2,204987,5716,1.442
9/23/2002,0.8038,1.417,0.807,319.700012,317264,107.529999,91.5,207222,5736,1.436
9/30/2002,0.7919,1.438,0.823,322.100006,319063,107.599998,89.9,208421,5190,1.455
10/7/2002,0.7897,1.46,0.831,316.299988,365613,107.25,82.9,205280,4803,1.48
10/14/2002,0.8035,1.461,0.814,312.700012,385689,108.519997,79.7,198979,5490,1.481
10/21/2002,0.7276,1.469,0.817,313.399994,349927,107.919998,86.3,195357,5721,1.499
10/28/2002,0.7416,1.456,0.757,318.799988,375591,106.080002,88.6,194311,5714,1.485
11/4/2002,0.6888,1.442,0.728,321.299988,397346,104.5,89.6,192146,5711,1.489
11/11/2002,0.6885,1.427,0.705,320.700012,427078,105.040001,89.1,194044,5349,1.48
11/18/2002,0.7664,1.405,0.675,320.700012,372829,106.120003,90.2,193499,5738,1.451
11/25/2002,0.7571,1.405,0.726,316.799988,436549,106.410004,91,197419,5754,1.423
12/2/2002,0.7473,1.407,0.726,326.299988,385788,105.360001,92.1,199962,5740,1.408
12/9/2002,0.8156,1.405,0.736,333.200012,547430,103.980003,91.8,203240,5763,1.404
12/16/2002,0.8591,1.401,0.756,340.5,486258,103.459999,89.2,203149,5752,1.407
12/23/2002,0.9079,1.44,0.833,349.200012,483449,102.410004,88,205370,5758,1.443
12/30/2002,0.9182,1.491,0.911,351.200012,620929,102.470001,89.9,204956,5749,1.484
1/6/2003,0.8653,1.501,0.893,354.5,620004,101.230003,89.1,209828,5752,1.487
1/13/2003,0.8986,1.478,0.849,356.600006,724111,100.550003,90.2,215582,5728,1.496
1/20/2003,0.9502,1.48,0.875,368.200012,542563,99.220001,88,216270,5702,1.502
1/27/2003,0.9588,1.492,0.89,368.299988,434888,99.910004,85.2,212980,5739,1.515
2/3/2003,1.0957,1.542,0.926,369.899994,449286,99.57,83.6,209613,5764,1.569
2/10/2003,1.0607,1.662,1.039,351.899994,439520,100.040001,84.3,212649,5899,1.649
2/17/2003,1.1085,1.704,1.039,351.799988,398291,100.089996,86.6,211206,5906,1.701
2/24/2003,1.2559,1.709,1.051,350.200012,387536,99.709999,86.8,208095,5898,1.699
3/3/2003,1.1085,1.753,1.091,350.799988,429782,98.040001,85.6,206086,5901,1.726
3/10/2003,0.9407,1.771,1.08,336.5,414568,99.989998,87.9,202008,5872,1.752
3/17/2003,0.7556,1.752,0.995,326,389909,101.919998,88.9,201083,5886,1.768
3/24/2003,0.8325,1.662,0.792,328.700012,361492,99.959999,88.5,198977,5906,1.732
3/31/2003,0.726,1.602,0.73,325.299988,371692,100.449997,91,200721,5906,1.692
4/7/2003,0.7245,1.554,0.736,327.899994,394160,100.18,93,202182,5866,1.673
4/14/2003,0.7736,1.539,0.751,327.200012,434911,99.300003,93.2,201947,5801,1.639
4/21/2003,0.766,1.529,0.775,333.399994,399180,98.360001,92.2,201174,5772,1.618
4/28/2003,0.6792,1.508,0.757,341,401342,96.760002,92.8,205592,5766,1.6
5/5/2003,0.7189,1.484,0.683,348.600006,377383,94.980003,94.3,207794,5829,1.556
5/12/2003,0.7556,1.444,0.689,354.700012,364287,94.080002,95.4,208644,5855,1.534
5/19/2003,0.744,1.443,0.732,368.799988,362276,93.050003,95.1,208377,5807,1.539
5/26/2003,0.7542,1.434,0.728,364.5,359500,93.269997,94.3,205034,5813,1.528
6/2/2003,0.7818,1.423,0.721,363.700012,351890,93.480003,97.3,207281,5837,1.514
6/9/2003,0.7422,1.422,0.747,356.600006,421190,92.220001,95.9,209853,5803,1.53
6/16/2003,0.7567,1.432,0.757,356.299988,383371,94.040001,95.5,209124,5860,1.558
6/23/2003,0.7595,1.423,0.735,345.200012,376560,95.150002,93.3,208204,5900,1.537
6/30/2003,0.7808,1.42,0.746,351,394214,94.550003,93.8,204960,5867,1.528
7/7/2003,0.8065,1.428,0.771,344.799988,483401,95.800003,93.9,205486,5815,1.53
7/14/2003,0.8012,1.435,0.783,347.200012,552621,96.860001,94.6,209422,5770,1.563
7/21/2003,0.7769,1.439,0.792,362.700012,429381,94.959999,93,207820,5777,1.566
7/28/2003,0.8512,1.438,0.766,346.100006,348382,96.660004,93.6,204496,5699,1.558
8/4/2003,0.8433,1.453,0.796,356.299988,333770,96.360001,91.9,201784,5738,1.576
8/11/2003,0.8051,1.492,0.837,363.200012,348207,96.650002,93,198147,5747,1.611
8/18/2003,0.83,1.498,0.818,363.100006,312087,98.830002,94,196850,5750,1.668
8/25/2003,0.8187,1.503,0.814,375.700012,313058,98.099998,93.1,191179,5736,1.787
9/1/2003,0.7599,1.501,0.817,377.600006,319362,97.089996,94.7,191898,5723,1.786
9/8/2003,0.7477,1.488,0.759,375.799988,322501,96.010002,94.7,192579,5727,1.758
9/15/2003,0.6989,1.471,0.749,381.799988,328414,94.959999,94.8,195322,5703,1.739
9/22/2003,0.7485,1.444,0.717,380.799988,301217,93.870003,92.7,196822,5739,1.686
9/29/2003,0.8179,1.429,0.723,369.399994,304968,93.230003,90.8,199174,5734,1.635
10/6/2003,0.882,1.445,0.786,373.600006,337880,91.519997,90.2,197986,5678,1.617
10/13/2003,0.8314,1.483,0.832,371.799988,368876,92.290001,90.8,194579,5559,1.611
10/20/2003,0.8211,1.502,0.854,388.899994,328572,91.279999,92.1,195986,5605,1.612
10/27/2003,0.7858,1.495,0.815,384.5,352117,92.730003,93.2,193809,5614,1.584
11/3/2003,0.8358,1.481,0.79,383.299988,345573,93.019997,93.7,191334,5550,1.577
11/10/2003,0.8797,1.476,0.796,397.799988,397387,91.440002,91.6,192267,5596,1.547
11/17/2003,0.8686,1.481,0.841,396,347719,90.599998,92.3,192194,5692,1.54
11/24/2003,0.8349,1.491,0.861,396.799988,397990,90.209999,91.3,193653,5683,1.554
12/1/2003,0.8636,1.476,0.819,406.399994,357811,89.139999,93.5,197110,5709,1.533
12/8/2003,0.9256,1.481,0.862,409.399994,486202,88.489998,94.2,200472,5597,1.519
12/15/2003,0.9379,1.486,0.864,409.200012,412627,88.110001,92,202377,5592,1.509
12/22/2003,0.9108,1.504,0.89,412.299988,424192,87.629997,91.6,202987,5663,1.528
12/29/2003,0.9127,1.502,0.883,415.700012,516493,86.919998,91.7,203619,5658,1.521
1/5/2004,1.0096,1.503,0.894,426.399994,552815,85.110001,92.7,206308,5664,1.552
1/12/2004,0.9806,1.551,0.984,406.700012,677897,87.730003,90.8,208416,5705,1.603
1/19/2004,1.0254,1.559,0.993,407.899994,490763,86.559998,89.7,209484,5717,1.637
1/26/2004,0.9314,1.591,1.049,402.200012,382262,87.199997,88.8,206040,5709,1.664
2/2/2004,0.8645,1.581,0.977,403.600006,406298,86.019997,87.6,205593,5710,1.66
2/9/2004,0.9427,1.568,0.915,410.299988,433234,85.559998,90.3,204417,5703,1.681
2/16/2004,0.8866,1.584,0.915,397.5,341634,87.239998,90.3,205023,5658,1.69
2/23/2004,0.9609,1.595,0.956,396.399994,328171,87.309998,87.3,203378,5622,1.73
3/1/2004,0.9253,1.619,0.953,401.299988,342140,88.18,88.6,202014,5661,1.758
3/8/2004,0.8789,1.628,0.973,395.299988,339007,89.120003,89.1,200420,5675,1.78
3/15/2004,0.9388,1.617,0.906,412.5,312067,88.160004,87.6,199626,5658,1.767
3/22/2004,0.8921,1.641,0.964,422.100006,304462,88.889999,87.9,199523,5657,1.785
3/29/2004,0.8553,1.642,0.952,421.600006,296776,88.510002,88.7,200885,5658,1.8
4/5/2004,0.9254,1.648,0.912,419.899994,304249,89.019997,89.9,200057,5661,1.822
4/12/2004,0.9603,1.679,0.922,401,350739,89.940002,88,197451,5611,1.827
4/19/2004,0.9169,1.724,1.001,395.100006,334965,91.080002,91.9,199083,5588,1.853
4/26/2004,0.9536,1.718,0.985,387,313686,90.480003,91.3,199958,5618,1.853
5/3/2004,1.0164,1.717,1.009,378.700012,283236,91.129997,93,203996,5624,1.884
5/10/2004,1.0409,1.745,1.079,377,292754,91.660004,96,202450,5626,1.979
5/17/2004,0.996,1.763,1.151,384.799988,297061,90.489998,95.3,203674,5611,2.055
5/24/2004,0.9992,1.761,1.102,394,293974,88.949997,94.6,203017,5608,2.104
5/31/2004,0.9823,1.746,1.035,390.899994,304067,88.540001,94.9,204279,5460,2.092
6/7/2004,1.004,1.734,1.03,385.899994,308229,90.010002,96,206432,5452,2.075
6/14/2004,1.0253,1.711,1.012,395.100006,313930,89.080002,96.4,205943,5411,2.029
6/21/2004,1.0107,1.7,1.027,402.899994,322481,88.879997,95.6,205134,5434,1.981
6/28/2004,1.0727,1.7,1.047,398.299988,318746,87.970001,96.1,205148,5394,1.965
7/5/2004,1.0809,1.716,1.076,407.5,349920,87.419998,96.7,206108,5404,1.939
7/12/2004,1.0959,1.74,1.132,406.600006,444531,87.139999,95.2,205903,5485,1.959
7/19/2004,1.1317,1.744,1.114,390.5,394372,89.260002,94.5,208420,5334,1.971
7/26/2004,1.1568,1.754,1.148,391,313225,89.959999,97,207651,5446,1.948
8/2/2004,1.1746,1.78,1.191,399.799988,282128,88.360001,96.3,210108,5367,1.93
8/9/2004,1.2145,1.814,1.21,398.899994,291611,87.900002,94.7,208296,5414,1.92
8/16/2004,1.2296,1.825,1.218,413.200012,262936,88.120003,95.8,205742,5243,1.917
8/23/2004,1.1456,1.874,1.266,403.299988,274433,89.769997,96,205743,5113,1.926
8/30/2004,1.1769,1.871,1.226,400.5,276308,89.629997,95.7,206552,5401,1.909
9/6/2004,1.1642,1.869,1.234,401.899994,274930,88.389999,96.5,204073,5360,1.893
9/13/2004,1.2641,1.874,1.26,405.799988,250568,88.910004,95.7,202493,5337,1.889
9/20/2004,1.3579,1.912,1.339,408.100006,275846,88.400002,88.1,199654,5087,1.908
9/27/2004,1.3958,2.012,1.419,419.5,282729,87.629997,83.7,198846,4946,1.959
10/4/2004,1.454,2.053,1.502,423.100006,279591,87.449997,88.9,199429,4656,1.98
10/11/2004,1.5491,2.092,1.488,418.700012,338711,87.089996,86.9,200616,5033,2.035
10/18/2004,1.5944,2.18,1.552,424.600006,279846,85.870003,88.2,199883,5090,2.077
10/25/2004,1.4462,2.212,1.563,428.5,317573,84.910004,89.2,201163,5110,2.074
11/1/2004,1.3741,2.206,1.481,433.600006,305546,84.010002,89.4,201677,5176,2.076
11/8/2004,1.3636,2.163,1.344,437.899994,351404,83.690002,92.6,201270,5319,2.045
11/15/2004,1.4826,2.132,1.331,446.799988,311901,83.309998,93.5,200879,5391,2.014
11/22/2004,1.4516,2.116,1.347,449.299988,355954,81.779999,92.9,202741,5395,1.992
11/29/2004,1.2359,2.116,1.379,456,320690,80.980003,94,205741,5408,1.989
12/6/2004,1.2257,2.069,1.254,433.899994,473570,82.550003,94,208096,5396,1.956
12/13/2004,1.4395,1.997,1.146,441.600006,370604,82.160004,93.7,209616,5439,1.893
12/20/2004,1.3261,1.984,1.298,441.899994,374749,81.220001,93.4,211381,5461,1.861
12/27/2004,1.2297,1.987,1.288,437.5,446699,80.849998,94.2,212251,5421,1.838
1/3/2005,1.2733,1.957,1.187,418.899994,540927,83.610001,94.8,214327,5430,1.824
1/10/2005,1.3509,1.934,1.228,422.700012,693776,83.059998,94,215333,5430,1.837
1/17/2005,1.3837,1.952,1.334,426.700012,467862,83.260002,91.5,216969,5417,1.863
1/24/2005,1.338,1.959,1.375,425.799988,360583,83.480003,91,214712,5456,1.896
1/31/2005,1.2742,1.992,1.405,414,364704,84.389999,91.6,216342,5437,1.953
2/7/2005,1.3058,1.983,1.287,420.5,347391,84.57,90,216757,5421,1.952
2/14/2005,1.3493,1.986,1.263,427.100006,309290,83.489998,91.7,221678,5427,1.941
2/21/2005,1.4541,2.02,1.329,434.899994,303814,82.660004,90.2,223510,5436,1.948
2/28/2005,1.4834,2.118,1.456,434.200012,290776,82.540001,89.3,224483,5492,1.969
3/7/2005,1.5427,2.168,1.491,446.200012,332067,81.419998,89.5,224282,5489,2.04
3/14/2005,1.5718,2.194,1.524,439.299988,307061,82.129997,90.7,221352,5504,2.098
3/21/2005,1.5484,2.244,1.589,424.700012,290719,84.129997,90.2,217293,5480,2.149
3/28/2005,1.6638,2.249,1.605,425.899994,291378,84.43,91.1,214358,5496,2.194
4/4/2005,1.4972,2.303,1.629,426.899994,294994,84.470001,93.7,212252,5504,2.258
4/11/2005,1.4599,2.316,1.632,424.899994,339709,84.559998,91,213100,5428,2.321
4/18/2005,1.5451,2.259,1.535,434.299988,285657,83.5,91.8,211636,5441,2.28
4/25/2005,1.4358,2.289,1.56,435,299891,84.43,91.3,211306,5415,2.279
5/2/2005,1.4311,2.262,1.531,426.100006,290824,84.610001,91.7,213507,5423,2.277
5/9/2005,1.3703,2.227,1.515,420.200012,297347,86.099998,91.8,213694,5510,2.231
5/16/2005,1.3673,2.189,1.48,417.399994,275524,86.629997,94,214765,5521,2.206
5/23/2005,1.4458,2.156,1.42,419.799988,276761,86.419998,94.6,215374,5539,2.169
5/30/2005,1.5995,2.16,1.461,423.700012,304306,88.040001,96.2,216678,5537,2.141
6/6/2005,1.6074,2.234,1.602,427.399994,289914,88.690002,94.9,216647,5515,2.159
6/13/2005,1.6518,2.276,1.642,438.299988,315938,87.730003,96.7,215742,5542,2.173
6/20/2005,1.6504,2.313,1.674,440.5,289831,88.779999,94.8,215939,5541,2.204
6/27/2005,1.7111,2.336,1.672,427.799988,286681,90.129997,96.3,216240,5359,2.257
7/4/2005,1.7181,2.348,1.651,422.899994,327268,90.25,98.1,215266,5498,2.268
7/11/2005,1.6621,2.408,1.742,420.700012,427323,89.720001,96.2,212641,5463,2.369
7/18/2005,1.5819,2.392,1.668,424.700012,374665,89.639999,92.8,211322,4758,2.36
7/25/2005,1.6362,2.342,1.607,429.899994,295026,89.349998,93.5,209194,5448,2.333
8/1/2005,1.7312,2.348,1.649,437.200012,261906,88.059998,95.8,205177,5149,2.335
8/8/2005,1.9055,2.407,1.698,445.899994,269746,86.980003,95,203091,5417,2.41
8/15/2005,1.8228,2.567,1.86,437.200012,257151,88.580002,93.5,198122,5359,2.592
8/22/2005,1.8366,2.588,1.859,437.399994,252016,87.860001,93.4,194877,5395,2.654
8/29/2005,2.0911,2.59,1.894,444.200012,251642,86.300003,97.1,194369,5427,2.653
9/5/2005,1.8965,2.898,2.237,449,271613,86.889999,86.8,190067,4360,3.117
9/12/2005,1.837,2.847,2.042,459.5,322387,88.050003,87.3,191959,4268,3.002
9/19/2005,1.949,2.732,1.92,463.5,346204,89.209999,90.8,195431,4500,2.835
9/26/2005,2.0673,2.798,2.189,469,292435,89.519997,86.7,199831,4348,2.851
10/3/2005,1.9601,3.144,2.707,474.700012,313847,89.169998,69.8,195454,3813,2.975
10/10/2005,1.95,3.15,2.943,469.200012,380093,89.349998,74.9,192803,3901,2.896
10/17/2005,1.8665,3.148,2.609,467,303158,90.309998,79.1,195710,4147,2.775
10/24/2005,1.8435,3.157,2.217,473,304733,89.589996,80.7,195869,4108,2.652
10/31/2005,1.7962,2.876,1.924,456.299988,294376,91.260002,82.5,196904,4068,2.528
11/7/2005,1.7235,2.698,1.818,468.299988,340491,91.980003,84,201127,4306,2.424
11/14/2005,1.6962,2.602,1.738,485.600006,283564,91.93,86.2,200175,4583,2.342
11/21/2005,1.6892,2.513,1.659,492.100006,368859,92.040001,88.1,200413,4579,2.247
11/28/2005,1.772,2.479,1.675,503.299988,290730,91.949997,89.3,199868,4765,2.2
12/5/2005,1.7318,2.425,1.618,527,444600,91.25,90.6,202609,5021,2.191
12/12/2005,1.732,2.436,1.735,503.399994,391961,89.699997,89.6,204375,4933,2.228
12/19/2005,1.7053,2.462,1.767,503,359108,90.839996,88,204074,4890,2.255
12/26/2005,1.728,2.448,1.694,517.099976,433397,91.169998,88.9,202853,4891,2.241
1/2/2006,1.8006,2.442,1.74,539.700012,475889,88.849998,89.9,204259,4864,2.281
1/9/2006,1.715,2.485,1.83,556.099976,555114,88.889999,89.8,208778,5023,2.371
1/16/2006,1.8672,2.449,1.732,553.5,439873,88.949997,86.5,211635,5110,2.366
1/23/2006,1.8069,2.472,1.842,558.700012,317926,89.32,86.2,214763,5119,2.382
1/30/2006,1.7816,2.489,1.844,567.400024,318805,89.889999,87,219044,4862,2.402
2/6/2006,1.6426,2.499,1.833,550.200012,321527,90.550003,85.8,223344,4903,2.388
2/13/2006,1.6574,2.476,1.735,551.799988,310078,90.639999,86.1,225459,5003,2.331
2/20/2006,1.7267,2.455,1.717,558.799988,269571,90.610001,86.6,225648,4997,2.286
2/27/2006,1.8128,2.471,1.767,566,272478,89.660004,85.2,225867,4985,2.298
3/6/2006,1.6846,2.545,1.851,539.900024,301867,90.849998,83,224765,5054,2.373
3/13/2006,1.7813,2.543,1.81,554.099976,294764,88.919998,85.7,223884,5154,2.408
3/20/2006,1.7924,2.581,1.885,560,269237,90.07,86.7,221563,5027,2.548
3/27/2006,1.8618,2.565,1.854,581.799988,265370,89.730003,87,216226,5016,2.542
4/3/2006,1.8826,2.617,1.937,588.400024,253985,89.629997,85.9,211782,5024,2.631
4/10/2006,1.9831,2.654,1.97,596.5,314696,89.620003,85.6,207927,5053,2.727
4/17/2006,2.0762,2.765,2.049,632.200012,268472,88.050003,86.2,202482,5125,2.828
4/24/2006,2.0129,2.876,2.152,651.799988,291349,86.110001,88.2,200594,5127,2.96
5/1/2006,1.9561,2.896,2.121,682.200012,279715,85.120003,88.8,202708,5122,2.966
5/8/2006,2.0467,2.897,2.093,710.299988,317239,83.959999,90.2,205050,5128,2.955
5/15/2006,1.9201,2.92,2.116,656.700012,288972,84.879997,89.8,206375,5069,2.992
5/22/2006,1.9805,2.888,2.022,650.900024,277168,85.260002,89.7,208483,5093,2.938
5/29/2006,2.0145,2.882,2.045,635.5,292714,84.050003,91.4,209277,5088,2.913
6/5/2006,2.0459,2.89,2.09,608.200012,260263,85.720001,91,210331,5097,2.937
6/12/2006,1.9324,2.918,2.157,578,285892,85.919998,92.7,213146,5211,2.951
6/19/2006,1.9626,2.915,2.092,584.799988,277441,86.82,93.3,213440,5198,2.917
6/26/2006,1.9642,2.867,2.019,613.5,287503,85.220001,93.8,212350,5162,2.914
7/3/2006,2.0104,2.898,2.046,632.799988,304638,84.980003,93.1,213077,5129,2.979
7/10/2006,2.076,2.918,2.124,666.599976,418363,86.089996,90.5,212651,5275,3.017
7/17/2006,1.958,2.926,2.144,619.599976,377115,85.93,92.9,214194,5265,3.033
7/24/2006,1.9412,2.946,2.175,634.799988,288875,85.440002,92.5,211030,5141,3.048
7/31/2006,2.0896,2.98,2.159,644,259974,84.57,90.8,210868,4940,3.05
8/7/2006,2.0406,3.055,2.226,633.5,275430,85.519997,91.6,207659,5144,3.083
8/14/2006,1.9895,3.065,2.156,612.099976,256259,85.089996,91.5,205393,5150,3.047
8/21/2006,2.0298,3.033,2.085,622,252357,85.379997,92.8,205795,5087,2.971
8/28/2006,1.966,3.027,2.144,624.400024,251275,84.940002,92.9,206162,5099,2.893
9/4/2006,1.8432,2.967,2.038,609.599976,259539,85.949997,93.6,206880,5101,2.777
9/11/2006,1.7023,2.857,1.951,576.400024,240231,85.989998,93,206994,5076,2.67
9/18/2006,1.6472,2.713,1.739,589.400024,267036,85.199997,93.4,207554,5109,2.549
9/25/2006,1.6846,2.595,1.718,598.599976,261396,85.970001,92.4,213899,5106,2.429
10/2/2006,1.694,2.546,1.821,572.400024,249288,86.440002,89.9,215052,5151,2.36
10/9/2006,1.7178,2.506,1.739,588.799988,307646,87.120003,89.2,215397,5253,2.31
10/16/2006,1.68,2.503,1.766,593,271863,86.269997,86.3,210175,5132,2.274
10/23/2006,1.6944,2.524,1.753,598.200012,291372,85.559998,86.2,207416,5221,2.255
10/30/2006,1.6775,2.517,1.73,626.900024,301079,85.709999,88.9,204617,5307,2.264
11/6/2006,1.6966,2.506,1.657,628.400024,326711,85.050003,88.1,204033,5329,2.246
11/13/2006,1.6689,2.552,1.718,621.5,286151,85.370003,87.3,200252,5326,2.278
11/20/2006,1.6665,2.553,1.705,628.700012,367690,83.709999,87.1,201658,5269,2.285
11/27/2006,1.8477,2.567,1.754,644.700012,323509,82.480003,88.1,201069,5030,2.292
12/4/2006,1.7573,2.618,1.848,626.099976,448898,83.330002,90.5,200031,5368,2.342
12/11/2006,1.7817,2.621,1.878,615,384123,84.059998,89.1,199857,5357,2.34
12/18/2006,1.682,2.606,1.83,619.099976,361672,83.940002,90.7,200915,5348,2.366
12/25/2006,1.5979,2.596,1.768,635.200012,425357,83.720001,90.9,203853,5361,2.387
1/1/2007,1.5658,2.58,1.725,604.900024,499979,84.629997,91,209532,5369,2.382
1/8/2007,1.5036,2.537,1.669,625.5,506059,85.029999,91.5,213295,5370,2.354
1/15/2007,1.5135,2.463,1.599,635.5,506709,84.860001,87.9,216786,5317,2.28
1/22/2007,1.5914,2.43,1.643,644.5,367583,85.279999,87.4,220795,5241,2.216
1/29/2007,1.684,2.413,1.673,646.200012,359959,84.959999,87.1,224614,5224,2.213
2/5/2007,1.7251,2.435,1.721,667.5,339018,84.870003,87.3,227214,5283,2.237
2/12/2007,1.6734,2.476,1.747,668.799988,363018,84.089996,86.6,225156,5316,2.287
2/19/2007,1.7505,2.491,1.697,683.099976,305945,84.07,85.2,222115,5323,2.287
2/26/2007,1.7682,2.551,1.735,641.5,299000,83.739998,86,220175,5285,2.428
3/5/2007,1.7122,2.626,1.827,650,320194,84.239998,85.8,216425,5267,2.551
3/12/2007,1.6888,2.685,1.813,652.599976,298927,83.230003,85.6,213939,5218,2.605
3/19/2007,1.7111,2.681,1.796,656.700012,277187,83.279999,86.3,210489,5235,2.623
3/26/2007,1.8794,2.676,1.81,663,273432,82.93,87,210231,5218,2.655
4/2/2007,1.8609,2.79,1.963,674.200012,268218,82.989998,87,205201,5243,2.753
4/9/2007,1.9007,2.84,2.013,685.400024,328266,82.129997,88.4,199725,5179,2.848
4/16/2007,1.8325,2.877,2.056,692,317917,81.639999,90.4,197007,5125,2.922
4/23/2007,1.9135,2.851,2.017,678.700012,303984,81.529999,87.8,194214,5128,2.917
4/30/2007,1.8309,2.811,2.052,687.200012,267672,81.739998,88.3,193099,5089,3.017
5/7/2007,1.8823,2.792,2.024,670.599976,274801,82.120003,89,193471,5131,3.097
5/14/2007,1.9152,2.773,2.013,661,258516,82.199997,89.5,195235,5201,3.143
5/21/2007,1.9391,2.803,2.055,655.099976,270446,82.330002,91.1,196666,5207,3.258
5/28/2007,1.9228,2.817,2.092,671.200012,273397,82.32,91.1,198027,5148,3.258
6/4/2007,1.8988,2.799,2.045,645.5,263527,82.690002,89.6,201537,5180,3.2
6/11/2007,2.0106,2.792,2.085,654.5,302368,82.849998,89.2,201540,5170,3.122
6/18/2007,2.038,2.805,2.086,653.5,290951,82.339996,87.6,203331,5093,3.057
6/25/2007,2.0319,2.835,2.143,648.099976,292583,81.919998,89.4,202582,5108,3.029
7/2/2007,2.0951,2.829,2.087,652.700012,300348,81.459999,90,204433,5122,3.005
7/9/2007,2.1106,2.849,2.138,665.799988,417554,80.580002,90.2,205576,5198,3.026
7/16/2007,2.0922,2.889,2.154,683.900024,383839,80.290001,91,203341,5201,3.092
7/23/2007,2.0731,2.889,2.122,660,298366,80.949997,91.7,204134,5184,3.005
7/30/2007,2.034,2.886,2.119,672.5,257426,80.18,93.6,204720,5206,2.926
8/6/2007,1.9712,2.898,2.151,670.299988,270563,80.68,91.3,202997,5142,2.888
8/13/2007,2.0173,2.847,2.045,656.900024,266420,81.43,91.8,201940,5192,2.821
8/20/2007,1.9972,2.868,2.094,668,257573,80.669998,91.6,196231,5119,2.832
8/27/2007,2.0422,2.863,2.078,673,266179,80.790001,90.3,192564,5161,2.796
9/3/2007,2.1432,2.893,2.122,700.799988,257454,79.959999,92.1,191083,5021,2.796
9/10/2007,2.2078,2.924,2.181,709.599976,245526,79.620003,90.5,190417,5129,2.862
9/17/2007,2.2562,2.964,2.259,731.400024,261971,78.599998,89.6,190834,5039,2.835
9/24/2007,2.2379,3.032,2.316,742.799988,247643,77.720001,86.9,191366,5027,2.86
10/1/2007,2.2235,3.048,2.288,741.299988,255431,78.309998,87.5,191325,5064,2.838
10/8/2007,2.2464,3.035,2.287,748.700012,298317,78.220001,87.8,193000,5059,2.821
10/15/2007,2.3306,3.039,2.276,764,306519,77.410004,87.3,195768,5102,2.813
10/22/2007,2.4325,3.094,2.395,783.900024,307675,77.029999,87.1,193837,5122,2.873
10/29/2007,2.5737,3.157,2.427,805.700012,303357,76.339996,86.2,195132,5114,2.921
11/5/2007,2.6188,3.303,2.575,832.5,325831,75.400002,86.2,194313,5126,3.06
11/12/2007,2.5871,3.425,2.692,785.700012,351760,75.830002,87.7,195027,5134,3.158
11/19/2007,2.7042,3.41,2.634,824,323124,75.050003,87,195190,4942,3.148
11/26/2007,2.5296,3.444,2.74,782.200012,324047,76.150002,89.4,196628,5117,3.147
12/3/2007,2.5047,3.416,2.664,794.400024,462902,76.290001,89.4,200623,5133,3.113
12/10/2007,2.6079,3.325,2.56,793.299988,423130,77.440002,88.8,202241,5117,3.053
12/17/2007,2.6091,3.309,2.601,811.599976,393042,77.720001,87.8,205221,5110,3.05
12/24/2007,2.637,3.308,2.589,839.599976,456280,76.220001,88.1,205857,5117,3.032
12/31/2007,2.6835,3.345,2.649,863.099976,507908,75.790001,89.4,207842,5078,3.104
1/7/2008,2.5359,3.376,2.721,896.099976,522700,75.980003,91.3,213063,5051,3.159
1/14/2008,2.5074,3.326,2.617,880.799988,547943,76.379997,87.1,215256,5013,3.119
1/21/2008,2.5191,3.27,2.593,910.5,415397,75.970001,86.5,220341,5042,3.119
1/28/2008,2.4489,3.259,2.532,908.700012,369498,75.449997,85,223899,4998,3.03
2/4/2008,2.5541,3.28,2.562,918.400024,380234,76.669998,84.3,227487,5013,3.03
2/11/2008,2.6469,3.28,2.531,902.799988,377595,76.099998,85.1,229236,5044,3.011
2/18/2008,2.763,3.396,2.72,944.700012,325886,75.519997,83.5,230264,5034,3.011
2/25/2008,2.8397,3.552,2.843,972.099976,330013,73.709999,84.7,232619,5044,3.18
3/3/2008,2.947,3.658,2.888,972.200012,345287,73.029999,85.9,234276,5050,3.212
3/10/2008,3.1465,3.819,3.026,998.200012,341364,71.660004,85,235967,5100,3.273
3/17/2008,2.9772,3.974,3.217,919.599976,335909,72.75,83.8,232520,5100,3.332
3/24/2008,3.105,3.989,3.222,930.599976,316208,71.68,82.2,229235,5103,3.31
3/31/2008,2.9921,3.964,3.065,909,342189,72.019997,82.4,224710,5087,3.339
4/7/2008,3.1975,3.955,3.081,923.599976,357209,71.809998,83,221268,5097,3.381
4/14/2008,3.2923,4.059,3.352,912.200012,370960,72.010002,81.4,215751,5096,3.438
4/21/2008,3.3028,4.143,3.465,887.200012,328334,72.790001,85.6,212572,5101,3.557
4/28/2008,3.2187,4.177,3.492,856.099976,337854,73.5,85.4,211089,5098,3.653
5/5/2008,3.636,4.149,3.347,884.5,335533,73.050003,85,211883,5099,3.663
5/12/2008,3.7028,4.331,3.581,899,325479,72.839996,86.6,210168,5128,3.771
5/19/2008,3.8656,4.497,3.751,925.599976,319817,71.889999,87.9,209413,5045,3.84
5/26/2008,3.6598,4.723,3.969,887.299988,326627,72.879997,87.9,206155,5128,3.84
6/2/2008,3.974,4.707,3.845,895.400024,300989,72.389999,89.7,209090,5139,4.026
6/9/2008,3.8368,4.692,3.782,870.299988,373033,74.150002,88.6,210088,5114,4.09
6/16/2008,3.7717,4.692,3.946,901.299988,349254,73.029999,89.3,208910,5145,4.134
6/23/2008,3.9066,4.648,3.849,929.299988,358158,72.360001,88.6,208757,5120,4.131
6/30/2008,4.106,4.645,3.908,931.799988,368544,72.730003,89.2,210857,5123,4.146
7/7/2008,4.0766,4.727,4.109,959.5,401672,72.099998,89.2,211766,4960,4.165
7/14/2008,3.6915,4.764,4.05,957.299988,476071,72.190002,89.5,214238,5139,4.164
7/21/2008,3.5229,4.718,3.952,926.599976,403607,72.860001,87.1,217085,5165,4.118
7/28/2008,3.4368,4.603,3.722,909,374182,73.419998,87.2,213560,5160,4.01
8/4/2008,3.128,4.502,3.599,857.799988,381887,75.849998,87,209216,5172,3.935
8/11/2008,3.1191,4.353,3.331,786,372807,77.18,85.9,202822,5139,3.864
8/18/2008,3.1311,4.207,3.148,827.400024,342164,76.809998,85.7,196620,5078,3.794
8/25/2008,3.1819,4.145,3.233,829.299988,344255,77.379997,87.3,195441,4906,3.738
9/1/2008,2.9828,4.121,3.319,797.599976,360485,78.93,88.7,194404,5097,3.738
9/8/2008,2.9391,4.059,3.224,760.299988,336131,78.970001,78.3,187942,4084,3.701
9/15/2008,2.8978,4.023,3.714,860.599976,381720,77.68,77.4,184634,3988,3.887
9/22/2008,2.9949,3.958,3.469,882.900024,397610,76.949997,66.7,178739,3932,3.772
9/29/2008,2.662,3.959,3.237,828.900024,392121,80.309998,72.3,179640,3839,3.687
10/6/2008,2.21,3.875,2.865,855.400024,426786,83,80.9,186815,4422,3.543
10/13/2008,2.1329,3.659,2.515,785.099976,454100,82.410004,82.2,193788,4572,3.213
10/20/2008,1.9465,3.482,2.291,729.099976,416114,86.440002,84.8,196497,4630,2.974
10/27/2008,2.0063,3.288,2.137,716.799988,449429,85.629997,85.3,194990,4675,2.718
11/3/2008,1.9784,3.088,2.017,733.200012,466373,85.910004,85.3,196113,4776,2.462
11/10/2008,1.8318,2.944,2.048,742.400024,539812,86.360001,84.6,198095,4885,2.284
11/17/2008,1.6996,2.809,1.929,791.700012,513047,88.190002,84.9,198634,4943,2.132
11/24/2008,1.6737,2.664,1.757,816.200012,609128,86.519997,86.2,200476,5006,1.952
12/1/2008,1.4265,2.615,1.76,750.5,537230,87.120003,84.3,198942,5118,1.87
12/8/2008,1.4934,2.515,1.536,818.900024,760481,83.639999,87.4,202664,5152,1.758
12/15/2008,1.392,2.422,1.33,836.400024,629867,81.300003,84.1,203959,4967,1.716
12/22/2008,1.245,2.366,1.348,870.400024,719691,80.889999,84.7,207295,4972,1.71
12/29/2008,1.4803,2.327,1.313,878.799988,717000,81.839996,82.5,208103,4979,1.67
1/5/2009,1.4877,2.291,1.361,854.299988,731958,82.660004,84.6,211437,4935,1.737
1/12/2009,1.4734,2.314,1.58,839.299988,956791,84.209999,85.2,213505,4917,1.835
1/19/2009,1.4505,2.296,1.499,895.299988,763987,85.610001,83.3,219980,5052,1.835
1/26/2009,1.4538,2.268,1.379,927.299988,620143,86,82.5,219859,5045,1.89
2/2/2009,1.3598,2.246,1.393,913.900024,682176,85.349998,83.5,220221,5235,1.944
2/9/2009,1.3,2.219,1.329,941.5,710152,86.040001,81.6,217559,5327,1.978
2/16/2009,1.1967,2.186,1.291,1001.799988,619951,86.489998,82.3,218664,5323,1.978
2/23/2009,1.2659,2.13,1.17,941.5,605668,88.010002,81.4,215342,5300,1.963
3/2/2009,1.2294,2.087,1.229,942.099976,645827,88.510002,83.1,215510,5373,1.988
3/9/2009,1.1972,2.045,1.161,929.799988,652635,87.43,82.7,212517,5401,1.993
3/16/2009,1.3834,2.017,1.168,955.799988,601192,83.839996,82.1,215712,5414,1.964
3/23/2009,1.4328,2.09,1.261,923,590067,85.110001,82,214568,5432,2.014
3/30/2009,1.446,2.221,1.452,895.599976,599299,84.169998,81.7,216793,5480,2.097
4/6/2009,1.4288,2.228,1.38,882.200012,623279,85.540001,81.8,217449,5469,2.09
4/13/2009,1.4225,2.229,1.413,867.400024,610522,85.980003,80.4,216505,5482,2.104
4/20/2009,1.3683,2.221,1.411,913.599976,596564,84.709999,83.4,217307,5421,2.112
4/27/2009,1.3884,2.201,1.327,887.599976,583457,84.550003,82.7,212612,5269,2.102
5/4/2009,1.5184,2.185,1.314,914.400024,536648,82.529999,85.3,212445,5280,2.129
5/11/2009,1.4188,2.216,1.432,930.900024,570412,83.019997,83.7,208291,5306,2.29
5/18/2009,1.538,2.231,1.464,958.5,540925,79.959999,81.8,203954,5352,2.36
5/25/2009,1.6419,2.274,1.511,978.799988,538311,80.43,85.1,203417,5364,2.36
6/1/2009,1.7701,2.352,1.586,961.700012,500380,80.669998,86.3,203202,5358,2.572
6/8/2009,1.8375,2.498,1.756,940.099976,581092,80.139999,85.9,201649,5358,2.673
6/15/2009,1.7867,2.572,1.821,935.599976,562449,80.260002,85.9,205034,5273,2.722
6/22/2009,1.7303,2.616,1.844,940.700012,572425,79.879997,87.1,208905,5257,2.743
6/29/2009,1.7016,2.608,1.796,930.700012,563387,80.379997,87,211238,5163,2.695
7/6/2009,1.5335,2.594,1.778,912.200012,585963,80.230003,86.8,213140,5171,2.666
7/13/2009,1.641,2.542,1.612,937.200012,677038,79.349998,87.9,214578,5171,2.584
7/20/2009,1.7813,2.496,1.629,952.799988,590730,78.75,85.8,215391,5176,2.519
7/27/2009,1.7938,2.528,1.793,953.700012,516351,78.349998,84.6,213076,5107,2.557
8/3/2009,1.9122,2.55,1.799,957.299988,470988,78.970001,84.5,212858,5246,2.61
8/10/2009,1.841,2.625,1.916,947,486586,78.889999,83.5,211931,5172,2.7
8/17/2009,1.9049,2.652,1.895,953.200012,461780,78.040001,84,209754,5169,2.691
8/24/2009,1.8603,2.668,1.88,957,460998,78.370003,84.1,208054,5173,2.682
8/31/2009,1.7205,2.674,1.868,994.900024,460525,78.139999,87.2,205085,5244,2.667
9/7/2009,1.7308,2.647,1.733,1004.900024,470079,76.610001,87.2,207153,5266,2.667
9/14/2009,1.8279,2.634,1.744,1009.200012,414557,76.43,86.9,207700,5304,2.632
9/21/2009,1.6771,2.622,1.785,990.200012,441311,76.809998,85.6,213109,5300,2.607
9/28/2009,1.7968,2.601,1.749,1003.200012,449620,77,84.6,211452,5375,2.554
10/5/2009,1.8528,2.582,1.754,1047.800049,456233,76.43,85,214389,5360,2.523
10/12/2009,2.0297,2.6,1.812,1050.699951,513852,75.599998,80.9,209159,5377,2.543
10/19/2009,2.0756,2.705,1.95,1055.599976,464985,75.470001,81.1,206945,5371,2.626
10/26/2009,1.9811,2.801,2.054,1039.699951,499374,76.300003,81.8,208564,5357,2.727
11/2/2009,2.0035,2.808,2.015,1095.099976,487714,75.82,80.6,208277,5391,2.746
11/9/2009,1.9661,2.801,2.002,1116.099976,537230,75.330002,79.9,210837,5506,2.72
11/16/2009,1.9756,2.79,1.972,1146.400024,479350,75.660004,79.4,209082,5317,2.684
11/23/2009,1.9622,2.787,1.999,1174.199951,547022,75,80.3,210085,5433,2.694
11/30/2009,2.0268,2.775,1.963,1168.800049,462090,75.910004,79.7,214081,5561,2.684
12/7/2009,1.9085,2.772,2.006,1119.400024,673097,76.57,81.1,216334,5538,2.689
12/14/2009,1.9567,2.748,1.933,1110.800049,561655,77.82,80,217213,5524,2.655
12/21/2009,2.0356,2.726,1.943,1104.099976,571378,77.839996,80,216330,5524,2.645
12/28/2009,2.1188,2.732,1.96,1095.199951,561852,77.860001,80.3,215964,5512,2.662
1/4/2010,2.2003,2.797,2.074,1138.199951,651215,77.470001,79.9,219701,5507,2.718
1/11/2010,2.046,2.879,2.17,1130.099976,825891,77.32,81.3,223492,5496,2.804
1/18/2010,1.9416,2.87,2.096,1089.199951,659173,78.279999,78.4,227442,5404,2.804
1/25/2010,1.9029,2.833,1.994,1083,507651,79.459999,78.5,229427,5421,2.76
2/1/2010,1.8748,2.781,1.938,1052.199951,538617,80.440002,77.7,228121,5403,2.717
2/8/2010,1.9189,2.769,1.956,1089.5,512463,80.32,79.1,230445,5475,2.707
2/15/2010,2.0699,2.756,1.929,1121.300049,482078,80.639999,79.8,232065,5482,2.707
2/22/2010,2.0249,2.832,2.031,1118.300049,458160,80.360001,81.2,231170,5505,2.709
3/1/2010,2.0974,2.861,2.05,1134.800049,474662,80.43,81.9,231943,5510,2.756
3/8/2010,2.094,2.904,2.091,1101.5,462679,79.830002,80.7,228984,5527,2.804
3/15/2010,2.0767,2.924,2.112,1107.400024,439061,80.720001,80.6,227274,5540,2.841
3/22/2010,2.0697,2.946,2.104,1104.199951,413067,81.68,81.1,224559,5536,2.87
3/29/2010,2.2167,2.939,2.094,1125.099976,412710,81.290001,82.6,224872,5489,2.851
4/5/2010,2.226,3.015,2.182,1161.099976,421130,81.089996,84.5,222374,5473,2.877
4/12/2010,2.2169,3.069,2.263,1136.300049,514136,80.82,85.6,221338,5475,2.909
4/19/2010,2.2505,3.074,2.237,1153.099976,436814,81.349998,85.9,224925,5466,2.911
4/26/2010,2.2885,3.078,2.206,1180.099976,429196,81.870003,89,223685,5488,2.901
5/3/2010,2.0795,3.122,2.265,1210,399350,84.449997,89.6,224942,5522,2.95
5/10/2010,2.0606,3.127,2.198,1227.400024,414327,86.099998,88.4,222128,5533,2.958
5/17/2010,1.8967,3.094,2.126,1175.699951,414572,85.370003,87.9,221834,5516,2.918
5/24/2010,1.9802,3.021,1.955,1212.199951,410778,86.480003,87.8,221631,5540,2.842
5/31/2010,1.9577,2.98,1.973,1216.199951,418873,88.230003,87.5,218984,5320,2.842
6/7/2010,2.0053,2.946,2.016,1228.900024,398864,87.510002,89.1,218976,5445,2.78
6/14/2010,2.1289,2.928,2.015,1257.199951,448305,85.699997,87.9,218340,5503,2.756
6/21/2010,2.1122,2.961,2.106,1255.800049,427080,85.309998,89.4,217578,5501,2.795
6/28/2010,1.9155,2.956,2.096,1207.400024,444712,84.43,88.4,218115,5257,2.809
7/5/2010,2.0257,2.924,1.988,1209.599976,470366,83.949997,89.8,219435,5414,2.809
7/12/2010,2.0113,2.903,1.993,1188,515991,82.489998,90.5,221036,5352,2.771
7/19/2010,2.0505,2.899,2.034,1187.699951,502065,82.459999,91.5,222154,5460,2.775
7/26/2010,2.0427,2.919,2.045,1181.699951,413679,81.540001,90.6,222245,5486,2.801
8/2/2010,2.1472,2.928,2.044,1203.400024,402140,80.410004,91.2,222974,5440,2.788
8/9/2010,1.9956,2.991,2.178,1214.900024,425471,82.949997,88.1,223383,5239,2.835
8/16/2010,1.971,2.979,2.091,1227.199951,405484,83.059998,90,223344,5352,2.798
8/23/2010,2.0443,2.957,2.051,1236,384955,82.919998,87.7,225617,5511,2.759
8/30/2010,2.0573,2.938,2.033,1249.199951,383135,83.099998,87,225405,5602,2.736
9/6/2010,2.1044,2.931,2.05,1244.5,381863,82.699997,88.2,225162,5603,2.736
9/13/2010,2.0992,2.943,2.088,1275.599976,341791,81.400002,87.6,224468,5573,2.772
9/20/2010,2.1306,2.96,2.115,1296,382341,79.389999,87.8,226058,5556,2.775
9/27/2010,2.2938,2.951,2.115,1316.099976,372551,78.089996,85.8,222589,5562,2.747
10/4/2010,2.2819,3,2.194,1344.199951,373681,77.32,83.1,219943,5514,2.784
10/11/2010,2.2308,3.066,2.262,1371.099976,462667,77.040001,81.9,218174,5528,2.871
10/18/2010,2.2516,3.073,2.25,1324.400024,394016,77.470001,82.5,219329,5536,2.887
10/25/2010,2.2201,3.067,2.23,1357.099976,408489,77.269997,83.7,214942,5540,2.87
11/1/2010,2.3848,3.067,2.246,1397.300049,421097,76.550003,81.8,212253,5593,2.861
11/8/2010,2.3632,3.116,2.312,1365.400024,452657,78.080002,82.4,210336,5596,2.917
11/15/2010,2.2744,3.184,2.392,1352.199951,409548,78.5,84,207679,5597,2.944
11/22/2010,2.3162,3.171,2.286,1362.300049,464817,80.360001,85.5,209592,5581,2.931
11/29/2010,2.4874,3.162,2.294,1405.400024,412922,79.379997,82.6,210153,5555,2.912
12/6/2010,2.4575,3.197,2.382,1384.300049,585711,80.07,87.5,213964,5582,3.013
12/13/2010,2.4737,3.231,2.423,1378.599976,491776,80.370003,88,214773,5604,3.035
12/20/2010,2.5408,3.248,2.445,1380,495548,80.5,87.7,217173,5598,3.037
12/27/2010,2.5437,3.294,2.477,1421.099976,525710,79.029999,87.8,214857,5575,3.106
1/3/2011,2.4863,3.331,2.493,1368.5,578904,81.010002,88,218146,5598,3.124
1/10/2011,2.6452,3.333,2.51,1360.400024,773499,79.160004,86.4,223227,5575,3.142
1/17/2011,2.6508,3.407,2.621,1341,549688,78.209999,83,227670,5205,3.142
1/24/2011,2.6902,3.43,2.659,1340.699951,485950,78.129997,81.8,230074,5321,3.163
1/31/2011,2.7167,3.438,2.669,1348.300049,464775,78.040001,84.5,236228,5568,3.155
2/7/2011,2.6958,3.513,2.773,1359.900024,440706,78.459999,84.7,240891,5597,3.185
2/14/2011,2.7129,3.534,2.782,1388.199951,424400,77.660004,81.2,241096,5610,3.193
2/21/2011,2.9309,3.573,2.816,1408.699951,380985,77.279999,79.4,238298,5604,3.193
2/28/2011,3.0893,3.716,2.957,1428.199951,353797,76.400002,80.9,234708,5591,3.435
3/7/2011,3.029,3.871,3.126,1421.5,407299,76.779999,82,229214,5593,3.572
3/14/2011,3.0243,3.908,3.1,1415.900024,371721,75.720001,83.4,225040,5591,3.621
3/21/2011,3.0548,3.907,3.097,1426.099976,354457,76.220001,84.1,219720,5570,3.617
3/28/2011,3.1345,3.932,3.145,1428.099976,357457,75.830002,84.1,217036,5568,3.65
4/4/2011,3.3197,3.976,3.146,1473.400024,353817,75.07,84.4,216679,5638,3.737
4/11/2011,3.2242,4.078,3.268,1485.300049,448029,74.830002,81.4,209679,5635,3.843
4/18/2011,3.1992,4.105,3.249,1503.199951,381834,74,82.5,208096,5625,3.896
4/25/2011,3.2558,4.098,3.243,1556,387867,72.93,82.7,205588,5610,3.932
5/2/2011,2.8457,4.124,3.315,1491.199951,415974,74.839996,82.8,204542,5623,4.014
5/9/2011,2.9422,4.104,3.175,1493.400024,397737,75.760002,81.7,205817,5609,4.018
5/16/2011,2.9183,4.061,3.091,1508.800049,361573,75.43,83.2,205936,5618,4.014
5/23/2011,2.9905,3.997,3.02,1536.300049,376632,74.949997,86.3,209730,5583,3.904
5/30/2011,3.0567,3.948,3.043,1541.699951,381497,73.779999,86,212283,5609,3.904
6/6/2011,3.1051,3.94,3.122,1528.599976,366816,74.790001,87.2,214492,5633,3.833
6/13/2011,2.9833,3.954,3.148,1538.599976,400608,74.989998,86.1,215065,5643,3.767
6/20/2011,2.7503,3.95,3.115,1500.5,394286,75.669998,89.2,214601,5650,3.708
6/27/2011,2.9245,3.888,2.93,1482.300049,406633,74.349998,88.1,213173,5593,3.631
7/4/2011,3.0964,3.85,2.935,1541.199951,425640,75.18,88.4,212539,5520,3.631
7/11/2011,3.118,3.899,3.079,1589.800049,473963,75.129997,88,211699,5578,3.695
7/18/2011,3.128,3.923,3.137,1601.300049,470086,74.199997,90.3,212456,5591,3.736
7/25/2011,3.0962,3.949,3.164,1628.300049,369207,73.900002,88.3,213478,5377,3.754
8/1/2011,2.9417,3.937,3.163,1648.800049,341103,74.599998,89.3,215179,5523,3.766
8/8/2011,2.9037,3.897,3.063,1740.199951,354408,74.610001,90,213591,5529,3.73
8/15/2011,2.9045,3.835,2.905,1848.900024,346014,73.989998,89.1,210081,5561,3.662
8/22/2011,3.0101,3.81,2.992,1794.099976,344870,73.809998,90.3,211436,5591,3.638
8/29/2011,2.9974,3.82,3.023,1873.699951,336761,74.75,89.2,208641,5598,3.682
9/5/2011,2.9858,3.868,3.082,1856.400024,348582,77.190002,89,208840,5642,3.682
9/12/2011,3.0089,3.862,3.018,1812.099976,328868,76.580002,87,210780,5083,3.715
9/19/2011,2.7958,3.833,2.964,1637.5,353820,78.300003,88.3,214075,5747,3.657
9/26/2011,2.7948,3.786,2.897,1620.400024,328073,78.550003,87.8,214866,5756,3.568
10/3/2011,2.8588,3.749,2.881,1634.5,332394,78.720001,87.7,213729,5800,3.492
10/10/2011,3.0558,3.721,2.857,1681.800049,405906,76.620003,84.2,209595,5878,3.476
10/17/2011,3.0175,3.801,2.949,1635.099976,357562,76.300003,83.1,206271,5891,3.533
10/24/2011,3.0592,3.825,3.003,1746.199951,377156,75.089996,84.8,204918,5876,3.52
10/31/2011,3.0707,3.892,3.041,1755.300049,369647,76.910004,85.3,206274,5818,3.511
11/7/2011,3.1716,3.887,3.027,1787.5,402532,76.940002,82.6,204167,5846,3.482
11/14/2011,3.0325,3.987,3.127,1724.699951,363016,78.019997,84.8,205159,5894,3.495
11/21/2011,2.9273,4.01,3.094,1685.5,440157,79.610001,85.5,209634,5887,3.427
11/28/2011,2.99,3.964,2.954,1747,372640,78.629997,84.6,209847,5864,3.368
12/5/2011,2.9125,3.931,2.974,1712.800049,528793,78.629997,87.7,214994,5861,3.35
12/12/2011,2.8005,3.894,2.914,1595.599976,435863,80.25,85.1,218818,5862,3.346
12/19/2011,2.8907,3.828,2.791,1604.699951,421103,80.010002,84.9,218406,5862,3.29
12/26/2011,2.935,3.791,2.847,1565.800049,497689,80.169998,84.2,217714,5846,3.29
1/2/2012,3.0702,3.783,2.908,1616.099976,540057,81.239998,85,220193,5851,3.29
1/9/2012,3.0272,3.828,3.075,1630.400024,646219,81.43,85.6,223803,5844,3.441
1/16/2012,2.9884,3.854,3.126,1663.699951,525422,80.220001,83.7,227520,5726,3.441
1/23/2012,3.0704,3.848,3.073,1731.800049,416880,78.900002,82.2,227130,5722,3.45
1/30/2012,3.1144,3.85,3.074,1737.900024,422287,78.940002,81.8,230147,5720,3.5
2/6/2012,3.1821,3.856,3.089,1723.300049,401365,79.110001,82.8,231776,5763,3.542
2/13/2012,3.1889,3.943,3.202,1724.5,365014,79.330002,84,232176,5819,3.584
2/20/2012,3.3159,3.96,3.184,1775.099976,346659,78.349998,85.5,231527,5817,3.584
2/27/2012,3.2018,4.051,3.292,1708.800049,334242,79.400002,83.6,229927,5814,3.78
3/5/2012,3.2638,4.094,3.245,1710.900024,368433,80.040001,83.9,229531,5806,3.849
3/12/2012,3.2819,4.123,3.249,1655.5,340102,79.779999,82.7,228121,5830,3.884
3/19/2012,3.2101,4.142,3.285,1662.300049,319498,79.339996,82.2,226907,5826,3.923
3/26/2012,3.1684,4.147,3.242,1669.300049,323373,78.93,84.5,223370,5821,3.973
4/2/2012,3.1692,4.142,3.255,1628.5,315800,80.07,85.7,221913,6049,3.996
4/9/2012,3.1746,4.148,3.269,1659.099976,390064,79.879997,83.8,217636,6040,3.997
4/16/2012,3.1376,4.127,3.206,1642.099976,370482,79.18,84.6,213965,6043,3.98
4/23/2012,3.1807,4.085,3.209,1664,370632,78.699997,84.7,211730,6113,3.929
4/30/2012,3.0088,4.073,3.221,1644.699951,333476,79.470001,86,209721,6121,3.889
5/7/2012,2.9636,4.057,3.188,1583.599976,341080,80.279999,86.4,207108,6136,3.849
5/14/2012,2.83,4.004,3.041,1591.599976,325094,81.290001,88.3,204311,6149,3.814
5/21/2012,2.8288,3.956,2.945,1568.800049,330427,82.400002,88.1,201012,6239,3.773
5/28/2012,2.6279,3.897,2.883,1620.5,346260,82.889999,89.1,200179,6227,3.773
6/4/2012,2.6721,3.846,2.772,1590.099976,324385,82.510002,91,203525,6245,3.671
6/11/2012,2.6465,3.781,2.703,1627,376610,81.589996,92,201801,6236,3.629
6/18/2012,2.5337,3.729,2.68,1566,364548,82.220001,91.9,202744,6353,3.589
6/25/2012,2.696,3.678,2.657,1603.5,370521,81.650002,92.6,204822,6257,3.494
7/2/2012,2.7099,3.648,2.672,1578.400024,369826,83.290001,92,204973,6094,3.415
7/9/2012,2.7882,3.683,2.798,1591.599976,442192,83.300003,92.7,207725,6249,3.469
7/16/2012,2.9243,3.695,2.852,1582.5,455260,83.470001,92,205910,6245,3.485
7/23/2012,2.8895,3.783,2.959,1617.900024,340780,82.709999,93,210044,6364,3.554
7/30/2012,2.9261,3.796,2.926,1606,312931,82.379997,92.2,207870,6320,3.568
8/6/2012,3.0205,3.85,2.955,1619.699951,320219,82.550003,92.6,206069,6218,3.702
8/13/2012,3.0926,3.965,3.112,1616.300049,317680,82.599998,92.6,203698,6181,3.779
8/20/2012,3.1101,4.026,3.167,1669.800049,311857,81.589996,91.2,202736,6246,3.803
8/27/2012,3.1696,4.089,3.2,1684.599976,312542,81.25,91.2,201227,6258,3.837
9/3/2012,3.1489,4.127,3.258,1737.5,309537,80.25,86.1,198893,5486,3.837
9/10/2012,3.2395,4.132,3.227,1769.800049,299729,78.849998,84.7,197716,5526,3.907
9/17/2012,3.1207,4.135,3.263,1775.5,330454,79.330002,88.9,196309,6277,3.939
9/24/2012,3.1694,4.086,3.137,1771.099976,303685,79.940002,87.4,195828,6509,3.889
10/1/2012,3.1559,4.079,3.144,1778.599976,301046,79.339996,88.2,195942,6520,3.866
10/8/2012,3.2239,4.094,3.144,1758,329925,79.690002,86.7,195408,6598,3.914
10/15/2012,3.1345,4.15,3.207,1722.800049,362730,79.639999,87.4,197128,6606,3.886
10/22/2012,3.0978,4.116,3.153,1710.900024,345227,80.07,87.2,198567,6610,3.756
10/29/2012,2.9474,4.03,3.015,1674.099976,339924,80.589996,87.7,199502,6669,3.756
11/5/2012,3.0055,4.01,2.951,1730.300049,361823,81.029999,85.4,202377,6677,3.563
11/12/2012,2.9868,3.98,2.914,1714.300049,478551,81.260002,86,201937,6709,3.518
11/19/2012,3.0771,3.976,2.923,1751.300049,403636,80.190002,87.5,200390,6710,3.497
11/26/2012,3.0413,4.034,3.039,1710.900024,358865,80.150002,88.6,204255,6818,3.505
12/3/2012,2.9153,4.027,3.003,1704,500163,80.419998,90.6,212115,6817,3.463
12/10/2012,2.9807,3.991,2.928,1695.800049,429191,79.599998,90.4,217115,6852,3.419
12/17/2012,3.0224,3.945,2.883,1659.099976,401431,79.620003,91.5,219322,6863,3.324
12/24/2012,3.0448,3.923,2.939,1654.900024,457584,79.68,90.3,223104,6984,3.328
12/31/2012,3.0177,3.918,3.015,1648.099976,490126,80.5,90.4,225673,6985,3.369
1/7/2013,3.0085,3.911,2.99,1660,557424,79.559998,89.1,233085,7002,3.373
1/14/2013,3.0525,3.894,3.065,1686.599976,558047,80.050003,87.9,234995,7041,3.377
1/21/2013,3.0568,3.902,3.089,1656.400024,437360,79.75,83.6,233257,6989,3.377
1/28/2013,3.1606,3.927,3.126,1669.400024,369567,79.129997,85,232301,6993,3.427
2/4/2013,3.2384,4.022,3.179,1666,388708,80.25,84.2,234039,6997,3.604
2/11/2013,3.2104,4.104,3.247,1608.800049,361759,80.580002,83.8,233236,7064,3.677
2/18/2013,3.1042,4.157,3.284,1572.400024,351087,81.480003,82.9,230352,7118,3.677
2/25/2013,2.9301,4.159,3.206,1571.900024,310512,82.309998,85.1,228495,7096,3.851
3/4/2013,2.9749,4.13,3.087,1576.599976,335794,82.699997,82.2,227879,7093,3.826
3/11/2013,2.939,4.088,3.012,1592.5,317661,82.260002,81,224308,7159,3.779
3/18/2013,2.8843,4.047,2.992,1606.199951,301471,82.529999,83.5,222832,7150,3.764
3/25/2013,2.9154,4.006,2.918,1594.800049,316133,82.989998,85.7,221236,7151,3.746
4/1/2013,2.9098,3.993,2.938,1575.400024,317494,82.5,86.3,220664,7151,3.714
4/8/2013,2.8718,3.977,2.962,1501,356935,82.309998,86.8,222363,7181,3.676
4/15/2013,2.7876,3.942,2.878,1395.300049,359415,82.709999,86.3,221730,7208,3.611
4/22/2013,2.9012,3.887,2.693,1453.599976,326264,82.480003,83.5,217802,7326,3.603
4/29/2013,2.8844,3.851,2.731,1464.300049,301622,82.099998,84.4,215984,7312,3.587
5/6/2013,2.9062,3.845,2.686,1436.800049,301602,83.139999,87,215074,7369,3.602
5/13/2013,2.937,3.866,2.748,1364.900024,320253,84.279999,88,217662,7321,3.665
5/20/2013,2.8569,3.89,2.735,1386.800049,303357,83.699997,87.3,220677,7258,3.729
5/27/2013,2.7923,3.88,2.74,1392.599976,319508,83.379997,86.4,219163,7292,3.729
6/3/2013,2.8931,3.869,2.712,1383,294608,81.690002,88.4,218797,7300,3.705
6/10/2013,2.9622,3.849,2.755,1387.300049,332964,80.669998,87.5,221545,7224,3.715
6/17/2013,2.8441,3.841,2.787,1291.599976,336970,82.32,89.3,221728,7129,3.689
6/24/2013,2.8798,3.838,2.795,1223.800049,336901,83.169998,90.2,225381,7261,3.645
7/1/2013,2.9897,3.817,2.737,1212.900024,335424,84.419998,92.2,223662,7267,3.567
7/8/2013,3.0294,3.828,2.812,1277.800049,383811,82.989998,92.4,221028,7401,3.563
7/15/2013,3.0894,3.867,2.885,1293.300049,410974,82.580002,92.8,224083,7490,3.706
7/22/2013,3.0101,3.903,2.943,1321.699951,340457,81.620003,92.3,222694,7555,3.751
7/29/2013,3.0714,3.915,2.904,1310.599976,281692,81.910004,91.3,223464,7542,3.716
8/5/2013,2.9935,3.909,2.944,1312.900024,288861,81.129997,90.9,223599,7560,3.701
8/12/2013,3.0831,3.896,2.917,1371.699951,282756,81.260002,89.4,222430,7571,3.633
8/19/2013,3.095,3.9,2.993,1395.699951,281164,81.339996,91,218401,7518,3.622
8/26/2013,3.1396,3.913,3.018,1396.099976,279803,82.089996,91.2,217814,7609,3.623
9/2/2013,3.1637,3.981,3.096,1386.699951,269359,82.150002,91.7,215987,7621,3.623
9/9/2013,3.1137,3.981,3.036,1308.400024,229648,81.449997,92.5,217645,7745,3.658
9/16/2013,3.0042,3.974,2.981,1332.5,272946,80.440002,92.5,216018,7827,3.619
9/23/2013,2.9901,3.949,2.91,1338.400024,255087,80.269997,90.3,216235,7777,3.567
9/30/2013,2.999,3.919,2.849,1309.699951,252196,80.120003,89,219730,7784,3.499
10/7/2013,3.0349,3.897,2.857,1268,335937,80.360001,86,219879,7809,3.441
10/14/2013,3.0354,3.886,2.915,1314.400024,360957,79.639999,86.2,217309,7428,3.43
10/21/2013,2.9097,3.886,2.902,1352.400024,312037,79.18,85.9,215504,7896,3.435
10/28/2013,2.8822,3.87,2.852,1313.099976,325326,80.730003,87.3,213791,7853,3.372
11/4/2013,2.8719,3.857,2.875,1284.5,331867,81.209999,86.8,210036,7858,3.343
11/11/2013,2.9389,3.832,2.753,1287.300049,364167,80.839996,88.7,209198,7981,3.274
11/18/2013,3.0413,3.822,2.792,1244,327053,80.709999,88.6,208853,7974,3.298
11/25/2013,3.0478,3.844,2.859,1250.599976,369197,80.68,89.4,210604,8019,3.372
12/2/2013,3.0565,3.883,2.942,1230.300049,321896,80.269997,92.4,212432,8011,3.353
12/9/2013,2.9757,3.879,2.952,1235.699951,463413,80.209999,92.6,219149,8075,3.35
12/16/2013,3.0781,3.871,2.909,1205.099976,414613,80.580002,91.5,220486,8058,3.321
12/23/2013,3.1241,3.873,2.928,1216.099976,418272,80.389999,92.7,219872,8111,3.351
12/30/2013,2.9394,3.903,3.025,1238.400024,452664,80.790001,92.4,220716,8121,3.409
1/6/2014,2.9407,3.91,2.96,1246.699951,488537,80.660004,92.3,226959,8145,3.411
1/13/2014,3.0237,3.886,2.908,1251.699951,534966,81.260002,90,233142,8159,3.406
1/20/2014,3.1374,3.873,2.912,1264.5,416116,80.459999,86.5,235265,8052,3.406
1/27/2014,3.2794,3.904,2.941,1240.099976,357806,81.269997,88.2,234446,8044,3.375
2/3/2014,3.0503,3.951,2.93,1263.300049,357742,80.690002,86.1,234951,8044,3.372
2/10/2014,3.0782,3.977,2.881,1319,360338,80.129997,87.1,233098,8132,3.388
2/17/2014,3.0992,3.989,2.976,1323.900024,322761,80.239998,86.8,233407,8148,3.388
2/24/2014,3.0893,4.017,3.047,1321.400024,312665,79.779999,88,230600,8059,3.52
3/3/2014,3.0121,4.016,2.972,1338.099976,317832,79.720001,87.4,228996,8077,3.553
3/10/2014,2.9431,4.021,2.992,1379,302311,79.440002,86,223766,8182,3.584
3/17/2014,2.9201,4.003,2.895,1336,285970,80.110001,85.6,222299,8215,3.619
3/24/2014,2.9579,3.988,2.832,1293.800049,274072,80.18,86,217198,8190,3.622
3/31/2014,2.9079,3.975,2.848,1303.199951,294862,80.419998,87.7,215624,8192,3.651
4/7/2014,2.9332,3.959,2.833,1318.699951,299162,79.449997,87.5,210436,8229,3.67
4/14/2014,3.0082,3.952,2.863,1293.400024,318793,79.830002,88.8,210282,8301,3.725
4/21/2014,2.9866,3.971,2.931,1300.699951,299182,79.769997,91,210008,8360,3.758
4/28/2014,2.9223,3.975,2.935,1302.599976,318127,79.519997,91,211572,8352,3.788
5/5/2014,2.9068,3.964,2.869,1287.300049,288748,79.900002,90.2,213180,8350,3.761
5/12/2014,2.9536,3.948,2.843,1293.300049,270738,80.040001,88.8,212408,8428,3.746
5/19/2014,2.9549,3.934,2.889,1291.599976,287398,80.389999,88.7,213378,8434,3.743
5/26/2014,2.8846,3.925,2.886,1245.599976,275412,80.370003,89.9,211575,8472,3.743
6/2/2014,2.8712,3.918,2.853,1252.099976,264133,80.410004,90.8,211785,8383,3.765
6/9/2014,2.9876,3.892,2.799,1273.699951,313371,80.580002,87.9,213482,8460,3.749
6/16/2014,3.0512,3.882,2.849,1316.199951,301195,80.370003,87.1,214267,8477,3.76
6/23/2014,2.9976,3.919,2.946,1319,305029,80.040001,88.5,214977,8446,3.778
6/30/2014,2.9284,3.92,2.94,1320.400024,305791,80.209999,91.4,213742,8442,3.778
7/7/2014,2.8609,3.913,2.845,1337,322753,80.190002,91.6,214321,8514,3.753
7/14/2014,2.8452,3.894,2.793,1309.199951,370559,80.519997,93.8,214492,8592,3.712
7/21/2014,2.9157,3.869,2.794,1303.099976,287049,81.029999,93.8,217871,8565,3.671
7/28/2014,2.8661,3.858,2.829,1293.599976,257625,81.300003,93.5,218236,8443,3.617
8/4/2014,2.8769,3.853,2.842,1308.900024,247877,81.389999,92.4,213849,8453,3.595
8/11/2014,2.848,3.843,2.838,1304.5,269468,81.419998,91.6,212689,8556,3.582
8/18/2014,2.8279,3.835,2.84,1278.599976,249463,82.339996,93.4,213274,8577,3.549
8/25/2014,2.8569,3.821,2.815,1285.800049,249006,82.75,93.5,212314,8631,3.532
9/1/2014,2.8192,3.814,2.866,1265.800049,249780,83.760002,93.3,209992,8630,3.532
9/8/2014,2.7405,3.814,2.841,1229.900024,234755,84.239998,93.9,212373,8590,3.534
9/15/2014,2.7166,3.801,2.76,1215.300049,242318,84.800003,93,210738,8838,3.485
9/22/2014,2.7005,3.778,2.705,1214.099976,239780,85.639999,93.4,210324,8867,3.432
9/29/2014,2.6163,3.755,2.664,1192.199951,227571,86.690002,89.8,208488,8837,3.434
10/6/2014,2.5602,3.733,2.626,1221,257545,85.910004,89.3,209668,8875,3.382
10/13/2014,2.4976,3.698,2.519,1238.300049,273756,85.190002,88.1,205673,8951,3.292
10/20/2014,2.4819,3.656,2.428,1231.199951,256166,85.730003,86.7,204374,8934,3.205
10/27/2014,2.5145,3.635,2.402,1171.099976,271331,86.879997,86.6,203138,8970,3.139
11/3/2014,2.4995,3.623,2.404,1169.599976,266921,87.639999,88.4,201760,8972,3.077
11/10/2014,2.4161,3.677,2.395,1185,309338,87.529999,90.1,203565,9063,3.025
11/17/2014,2.4045,3.661,2.314,1197.5,286115,88.309998,91.2,204599,9004,2.978
11/24/2014,2.2308,3.628,2.266,1175.199951,357202,88.360001,91.5,206424,9077,2.907
12/1/2014,2.1078,3.605,2.191,1190.099976,294389,89.330002,93.4,208567,9083,2.864
12/8/2014,2.016,3.535,2.03,1222,389284,88.360001,95.4,216764,9118,2.767
12/15/2014,1.9622,3.419,1.872,1195.900024,327827,89.599998,93.5,222014,9137,2.643
12/22/2014,1.9079,3.281,1.761,1195.300049,340827,90.029999,93.5,226097,9127,2.496
12/29/2014,1.7957,3.213,1.634,1186,389757,91.080002,94.4,229048,9121,2.392
1/5/2015,1.703,3.137,1.582,1216,439342,91.940002,93.9,237163,9132,2.308
1/12/2015,1.6656,3.053,1.532,1276.900024,529685,92.519997,91,240334,9192,2.232
1/19/2015,1.6467,2.933,1.452,1292.599976,383538,95,85.5,240922,9186,2.232
1/26/2015,1.6863,2.866,1.485,1278.5,281885,94.800003,88,238335,9213,2.133
2/2/2015,1.8391,2.831,1.499,1233.900024,306643,94.699997,89.9,240670,9177,2.154
2/9/2015,1.9714,2.835,1.679,1226.5,324158,94.199997,90,242647,9226,2.276
2/16/2015,2.1118,2.865,1.765,1204.400024,277904,94.25,88.7,243132,9280,2.276
2/23/2015,2.2989,2.9,1.805,1212.599976,280639,95.25,87.4,240014,9285,2.415
3/2/2015,1.869,2.936,1.779,1164.099976,315566,97.620003,86.6,240060,9324,2.556
3/9/2015,1.713,2.944,1.751,1152.599976,277925,100.330002,87.8,239873,9366,2.57
3/16/2015,1.7343,2.917,1.644,1184.800049,260242,97.910004,88.1,235400,9419,2.537
3/23/2015,1.7275,2.864,1.569,1199.800049,248032,97.290001,89,233386,9422,2.538
3/30/2015,1.6825,2.824,1.569,1200.900024,239748,96.75,89.4,229128,9386,2.531
4/6/2015,1.7661,2.784,1.575,1204.599976,253533,99.389999,90.1,229945,9404,2.499
4/13/2015,1.8824,2.754,1.613,1202.900024,308173,97.519997,92.3,227873,9384,2.494
4/20/2015,1.9283,2.78,1.723,1175.199951,279797,96.919998,91.2,225738,9366,2.57
4/27/2015,1.9822,2.811,1.751,1174.5,250780,95.300003,91.3,227451,9373,2.656
5/4/2015,1.9537,2.854,1.806,1189.099976,236421,94.790001,93,227852,9369,2.749
5/11/2015,2.0048,2.878,1.88,1225.5,242882,93.139999,91.2,226710,9374,2.776
5/18/2015,1.9525,2.904,1.882,1204.300049,243612,96.010002,92.4,223936,9262,2.827
5/25/2015,1.9553,2.914,1.836,1189.400024,253454,96.910004,93.6,220627,9566,2.827
6/1/2015,1.8696,2.909,1.783,1167.800049,230676,96.309998,93.2,220293,9586,2.863
6/8/2015,1.8892,2.884,1.765,1178.800049,275619,94.970001,94.6,217354,9610,2.863
6/15/2015,1.8669,2.87,1.746,1201.5,258764,94.089996,93.1,217814,9589,2.918
6/22/2015,1.8628,2.859,1.732,1172.900024,263199,95.470001,94,218494,9604,2.895
6/29/2015,1.8399,2.843,1.698,1163,274646,95.949997,95,216737,9595,2.885
7/6/2015,1.7399,2.832,1.696,1157.699951,303585,96.029999,94.7,217952,9604,2.877
7/13/2015,1.6641,2.814,1.575,1131.800049,344471,97.860001,95.3,218010,9562,2.92
7/20/2015,1.6302,2.782,1.537,1085.599976,262949,97.239998,95.5,216285,9558,2.888
7/27/2015,1.584,2.723,1.523,1094.900024,230314,97.370003,95.1,215922,9413,2.833
8/3/2015,1.5436,2.668,1.473,1094.099976,224104,97.559998,96.1,216733,9465,2.779
8/10/2015,1.5579,2.617,1.419,1112.900024,239326,96.57,96.1,215482,9395,2.72
8/17/2015,1.4624,2.615,1.439,1159.599976,229251,94.830002,95.1,212774,9348,2.803
8/24/2015,1.5764,2.561,1.366,1133.099976,226649,96.110001,94.5,214434,9337,2.726
8/31/2015,1.596,2.514,1.309,1120.599976,230079,96.230003,92.8,214163,9218,2.602
9/7/2015,1.55,2.534,1.45,1103.5,232507,95.190002,90.9,214547,9135,2.602
9/14/2015,1.4907,2.517,1.41,1138.099976,198903,94.860001,93.1,217387,9117,2.471
9/21/2015,1.5225,2.493,1.356,1146,219342,96.269997,90.9,218756,9136,2.425
9/28/2015,1.5199,2.476,1.384,1137.099976,215116,95.830002,89.8,222010,9096,2.418
10/5/2015,1.5909,2.492,1.398,1156.300049,227176,94.809998,87.5,223920,9172,2.415
10/12/2015,1.4966,2.556,1.46,1183.599976,256522,94.540001,86,221302,9096,2.432
10/19/2015,1.4544,2.531,1.354,1163.300049,232860,97.07,86.4,219784,9096,2.374
10/26/2015,1.4994,2.498,1.36,1141.5,245365,96.949997,87.6,218647,9112,2.326
11/2/2015,1.4896,2.485,1.384,1087.599976,258440,99.160004,88.7,215347,9160,2.322
11/9/2015,1.3813,2.502,1.426,1080.800049,291098,98.989998,89.5,213245,9185,2.335
11/16/2015,1.3713,2.482,1.342,1076.400024,264816,99.57,90.3,214254,9182,2.281
11/23/2015,1.3524,2.445,1.271,1056.199951,305424,100.019997,92,216732,9165,2.198
11/30/2015,1.3424,2.421,1.283,1084.5,262628,98.349998,94.5,216867,9202,2.165
12/7/2015,1.1456,2.379,1.226,1076.900024,384491,97.57,93.1,217653,9164,2.159
12/14/2015,1.1071,2.338,1.141,1066.199951,313276,98.699997,91.9,219384,9176,2.144
12/21/2015,1.1009,2.284,1.007,1077.199951,319641,97.980003,91.3,220495,9179,2.133
12/28/2015,1.1007,2.237,1.029,1060.300049,346542,98.629997,92.6,221420,9202,2.141
1/4/2016,1.0521,2.211,1.027,1097.800049,405368,98.540001,92.5,231996,9219,2.135
1/11/2016,0.9343,2.177,0.999,1091.5,502904,98.959999,91.2,240434,9227,2.104
1/18/2016,0.9957,2.112,0.899,1097.199951,378747,99.57,90.6,244997,9235,2.022
1/25/2016,1.0551,2.071,0.854,1116.400024,295936,99.610001,87.4,248461,9221,1.965
2/1/2016,1.059,2.031,0.949,1157.800049,311940,97.029999,86.6,254399,9214,1.932
2/8/2016,1.0693,2.008,1.004,1239.099976,290796,95.980003,86.1,255657,9186,1.87
2/15/2016,1.0255,1.98,0.967,1230.400024,258380,96.599998,88.3,258693,9135,1.834
2/22/2016,1.0512,1.983,0.985,1219.800049,248870,98.150002,87.3,256457,9102,1.837
2/29/2016,1.1613,1.989,0.933,1269.900024,265802,97.339996,88.3,254989,9077,1.887
3/7/2016,1.218,2.021,1.007,1258.699951,247628,96.169998,89.1,250463,9078,1.943
3/14/2016,1.2391,2.099,1.091,1253.800049,236888,94.989998,89,249716,9068,2.062
3/21/2016,1.1979,2.119,1.093,1221.400024,230882,96.139999,88.4,245074,9038,2.109
3/28/2016,1.1317,2.121,1.093,1222.199951,235716,94.620003,90.4,242560,9022,2.169
4/4/2016,1.2004,2.115,1.032,1242.5,245035,94.239998,91.4,243998,9008,2.185
4/11/2016,1.2322,2.128,1.019,1233.099976,270419,94.699997,89.2,239761,8977,2.173
4/18/2016,1.3089,2.165,1.147,1228.699951,242400,95.120003,89.4,239651,8953,2.24
4/25/2016,1.3779,2.198,1.17,1289.199951,245040,93.080002,88.1,241259,8938,2.265
5/2/2016,1.3373,2.266,1.281,1292.900024,243392,93.889999,89.7,241795,8825,2.342
5/9/2016,1.4031,2.271,1.204,1271.900024,261899,94.610001,89.1,240564,8802,2.325
5/16/2016,1.49,2.297,1.237,1252.400024,244869,95.309998,90.5,238068,8791,2.345
5/23/2016,1.494,2.357,1.356,1213.800049,240798,95.519997,89.7,240111,8767,2.403
5/30/2016,1.4881,2.382,1.372,1240.099976,246740,94.029999,89.8,238619,8735,2.403
6/6/2016,1.516,2.407,1.369,1273.400024,232300,94.599998,90.9,239629,8745,2.482
6/13/2016,1.4817,2.431,1.412,1292.5,266277,94.209999,90.2,237004,8716,2.499
6/20/2016,1.4553,2.426,1.355,1320,247968,95.449997,91.3,237631,8677,2.455
6/27/2016,1.5115,2.426,1.387,1336.699951,263662,95.650002,93,238998,8622,2.432
7/4/2016,1.4123,2.423,1.389,1356.599976,267437,96.300003,92.5,238876,8428,2.432
7/11/2016,1.3974,2.414,1.35,1326.5,298673,96.580002,92.3,240089,8485,2.359
7/18/2016,1.357,2.402,1.293,1323.099976,268526,97.470001,93.2,241000,8494,2.336
7/25/2016,1.276,2.379,1.249,1349,231925,95.529999,92.4,241452,8515,2.289
8/1/2016,1.317,2.348,1.167,1336.400024,219202,96.190002,93.3,238190,8460,2.267
8/8/2016,1.4086,2.316,1.158,1335.800049,231542,95.720001,92.2,235383,8445,2.256
8/15/2016,1.5196,2.31,1.226,1340.400024,219570,94.510002,93.5,232659,8597,2.256
8/22/2016,1.4972,2.37,1.359,1321.5,217011,95.57,92.5,232695,8548,2.299
8/29/2016,1.4096,2.409,1.393,1322.099976,215688,95.879997,92.8,232004,8488,2.341
9/5/2016,1.4304,2.407,1.333,1330.099976,217715,95.339996,93.7,227793,8458,2.341
9/12/2016,1.4051,2.399,1.319,1305.800049,193291,96.110001,92.9,228360,8493,2.31
9/19/2016,1.4073,2.389,1.307,1337.199951,205649,95.480003,92,225156,8512,2.333
9/26/2016,1.5279,2.382,1.305,1313.300049,198455,95.459999,90.1,227183,8497,2.334
10/3/2016,1.5793,2.389,1.361,1248.900024,200456,96.519997,88.3,227405,8467,2.354
10/10/2016,1.5673,2.445,1.463,1253.099976,238581,98.019997,85.5,225498,8450,2.354
10/17/2016,1.574,2.481,1.466,1265.900024,233633,98.699997,85,227967,8464,2.367
10/24/2016,1.5422,2.478,1.46,1275.5,237314,98.349998,85.6,226011,8504,2.353
10/31/2016,1.4303,2.479,1.45,1303.300049,245751,97.07,85.2,223804,8522,2.341
11/7/2016,1.4012,2.47,1.368,1223.5,258608,98.989998,87.1,220963,8692,2.345
11/14/2016,1.4577,2.443,1.319,1208.5,223770,101.209999,89.2,221709,8681,2.298
11/21/2016,1.47,2.421,1.315,1178.199951,287794,101.489998,90.8,224026,8690,2.269
11/28/2016,1.6581,2.42,1.404,1175.099976,249774,100.769997,89.8,226123,8699,2.268
12/5/2016,1.6374,2.48,1.433,1159.400024,351580,101.57,90.4,229548,8697,2.321
12/12/2016,1.6723,2.493,1.444,1135.300049,305268,102.949997,90.5,230045,8796,2.347
12/19/2016,1.6628,2.527,1.487,1131.900024,315068,103.010002,91.5,228736,8786,2.375
12/26/2016,1.7043,2.54,1.496,1150,343213,102.389999,91,227143,8766,2.375
1/2/2017,1.7032,2.586,1.539,1171.900024,350561,102.220001,92,235450,8770,2.375
1/9/2017,1.6514,2.597,1.539,1195.300049,414742,101.18,93.6,240473,8946,2.496
1/16/2017,1.6459,2.585,1.506,1204.300049,352799,100.739998,90.7,246424,8944,2.496
1/23/2017,1.6189,2.569,1.505,1188.099976,284030,100.529999,88.3,253220,8961,2.436
1/30/2017,1.6651,2.562,1.513,1218.5,280983,99.870003,88.2,257086,8915,2.408
2/6/2017,1.6659,2.558,1.518,1234.400024,259713,100.800003,87.7,256217,8978,2.405
2/13/2017,1.6364,2.565,1.529,1237.599976,245886,100.949997,85.4,259063,8977,2.418
2/20/2017,1.6404,2.572,1.552,1256.900024,239322,101.089996,84.3,256435,9001,2.418
2/27/2017,1.5936,2.577,1.566,1225.5,212829,101.540001,86,255889,9032,2.427
3/6/2017,1.5036,2.579,1.527,1200.699951,243959,101.25,85.9,249334,9088,2.452
3/13/2017,1.5085,2.564,1.485,1229.800049,222227,100.300003,85.1,246279,9109,2.434
3/20/2017,1.4976,2.539,1.401,1248.199951,224693,99.629997,87.4,243468,9129,2.433
3/27/2017,1.5736,2.532,1.409,1247.300049,228269,100.349998,89.3,239721,9147,2.428
4/3/2017,1.6284,2.556,1.45,1254.300049,208347,101.18,90.8,239103,9199,2.471
4/10/2017,1.6495,2.582,1.512,1285.900024,239823,100.559998,91,236130,9235,2.534
4/17/2017,1.5533,2.597,1.568,1287.400024,225864,99.980003,92.9,237672,9252,2.546
4/24/2017,1.504,2.595,1.511,1266.099976,241611,99.050003,94.1,241041,9265,2.559
5/1/2017,1.4366,2.583,1.448,1224.800049,210955,98.650002,93.3,241232,9293,2.522
5/8/2017,1.4933,2.565,1.364,1226.199951,215040,99.25,91.5,241082,9314,2.484
5/15/2017,1.5827,2.544,1.369,1252.699951,206905,97.150002,93.4,240669,9305,2.481
5/22/2017,1.5633,2.539,1.426,1267.599976,210544,97.400002,93.5,239882,9320,2.51
5/29/2017,1.4848,2.571,1.478,1276.800049,232138,96.720001,95,237024,9342,2.51
6/5/2017,1.4312,2.564,1.404,1268.5,212696,97.269997,94.1,240348,9318,2.525
6/12/2017,1.427,2.524,1.302,1254,234652,97.160004,94.4,242444,9330,2.479
6/19/2017,1.3717,2.489,1.29,1256.199951,228883,97.300003,94,241866,9350,2.433
6/26/2017,1.4755,2.465,1.255,1240.699951,239635,95.660004,92.5,240972,9250,2.404
7/3/2017,1.4482,2.472,1.307,1208.599976,252886,96.010002,93.6,237303,9338,2.376
7/10/2017,1.515,2.481,1.352,1226.599976,284329,95.110001,94.5,235656,9397,2.411
7/17/2017,1.5152,2.491,1.361,1254.300049,257763,93.940002,94,231211,9429,2.392
7/24/2017,1.6397,2.507,1.425,1268.400024,220455,93.260002,94.3,230196,9410,2.426
7/31/2017,1.6486,2.531,1.497,1258.300049,198776,93.540001,95.4,227679,9430,2.467
8/7/2017,1.6346,2.581,1.551,1287.699951,211924,93.07,96.3,231103,9423,2.492
8/14/2017,1.6204,2.598,1.536,1285.699951,198280,93.43,96.1,231125,9502,2.497
8/21/2017,1.6223,2.596,1.501,1292.5,195130,92.739998,95.4,229902,9528,2.474
8/28/2017,1.7468,2.605,1.546,1324.5,196227,92.809998,96.6,229937,9530,2.513
9/4/2017,1.7657,2.758,1.759,1346,250627,91.330002,79.7,226738,8781,2.513
9/11/2017,1.7988,2.802,1.954,1320.400024,211923,91.870003,77.7,218310,9353,2.8
9/18/2017,1.8163,2.791,1.774,1293.300049,212313,92.169998,83.2,216185,9510,2.75
9/25/2017,1.8117,2.788,1.724,1281.5,212987,93.080002,88.6,217292,9547,2.701
10/2/2017,1.7439,2.792,1.707,1271.599976,204180,93.800003,88.1,218936,9561,2.682
10/9/2017,1.797,2.776,1.645,1301.5,229241,93.089996,89.2,221426,9480,2.622
10/16/2017,1.8052,2.787,1.64,1277.400024,205592,93.699997,84.5,222334,8406,2.605
10/23/2017,1.8669,2.797,1.651,1268.5,216004,94.919998,87.8,216869,9507,2.594
10/30/2017,1.8866,2.819,1.676,1266.5,215977,94.940002,88.1,212849,9553,2.602
11/6/2017,1.9349,2.882,1.706,1272.400024,242111,94.389999,89.6,209537,9620,2.673
11/13/2017,1.9466,2.915,1.779,1295.800049,236654,93.660004,91,210431,9645,2.706
11/20/2017,1.9529,2.912,1.744,1286.699951,275004,92.760002,91.3,210475,9658,2.683
11/27/2017,1.9413,2.926,1.775,1278.800049,224851,92.900002,92.6,214102,9682,2.648
12/4/2017,1.9288,2.922,1.782,1245.199951,326052,93.900002,93.8,220882,9707,2.617
12/11/2017,1.9035,2.91,1.768,1254.300049,282055,93.93,93.4,226546,9780,2.601
12/18/2017,1.9694,2.901,1.801,1275.400024,287479,93.349998,94.1,227783,9789,2.568
12/25/2017,2.0755,2.903,1.815,1306.300049,325180,92.120003,95.7,228374,9754,2.568
1/1/2018,2.0587,2.973,1.891,1320.300049,351500,91.949997,96.7,233187,9782,2.568
1/8/2018,2.085,2.996,1.923,1333.400024,403930,90.970001,95.3,237322,9492,2.639
1/15/2018,2.0584,3.028,1.946,1331.900024,354708,90.57,93,240942,9750,2.639
1/22/2018,2.136,3.025,1.928,1351.599976,260432,89.07,90.9,244040,9878,2.684
1/29/2018,2.0535,3.07,1.995,1333.699951,268197,89.199997,88.1,242060,9919,2.723
2/5/2018,1.8551,3.086,1.973,1313.099976,243422,90.440002,92.5,245474,10251,2.753
2/12/2018,1.9104,3.063,1.844,1353.199951,233252,89.099998,89.8,249073,10271,2.724
2/19/2018,1.9694,3.027,1.781,1328.199951,212609,89.879997,88.1,249334,10270,2.724
2/26/2018,1.8796,3.007,1.852,1321.099976,196294,89.940002,87.8,251817,10283,2.666
3/5/2018,1.8866,2.992,1.861,1322.400024,225893,90.089996,88,251029,10369,2.679
3/12/2018,1.9118,2.976,1.81,1311.300049,205185,90.230003,90,244758,10381,2.677
3/19/2018,2.0184,2.972,1.799,1349.300049,198649,89.440002,91.7,243065,10407,2.716
3/26/2018,2.0284,3.01,1.889,1322.800049,195433,89.970001,92.3,239593,10433,2.764
4/2/2018,1.9578,3.042,1.949,1331.900024,201057,90.110001,93,238477,10460,2.817
4/9/2018,2.1002,3.043,1.919,1344.800049,231759,89.800003,93.5,238935,10525,2.811
4/16/2018,2.123,3.104,2.017,1336.699951,226090,90.32,92.4,235967,10540,2.863
4/23/2018,2.1509,3.133,2.035,1320.300049,200139,91.540001,90.8,236807,10586,2.914
4/30/2018,2.154,3.157,2.073,1312.699951,186451,92.57,91.1,237978,10619,2.961
5/7/2018,2.222,3.171,2.076,1319,190262,92.540001,90.4,235804,10703,2.96
5/14/2018,2.2655,3.239,2.148,1290.199951,195214,93.639999,91.1,232014,10723,2.949
5/21/2018,2.2098,3.277,2.202,1303.300049,207043,94.190002,91.8,233897,10725,2.999
5/28/2018,2.1763,3.288,2.192,1294.800049,202846,94.190002,93.9,234431,10769,2.999
6/4/2018,2.1643,3.285,2.138,1298.099976,191523,93.550003,95.4,239034,10800,3.018
6/11/2018,2.087,3.266,2.105,1274.599976,217289,94.790001,95.7,236763,10900,2.989
6/18/2018,2.1254,3.244,2.097,1267.400024,206023,94.519997,96.7,240040,10900,2.958
6/25/2018,2.2093,3.216,2.049,1251.300049,222766,94.629997,97.5,241196,10900,2.913
7/2/2018,2.1684,3.236,2.1,1254.300049,231539,94.040001,97.1,239691,10900,2.924
7/9/2018,2.1334,3.243,2.112,1239.599976,264869,94.75,96.7,238997,10900,2.937
7/16/2018,2.1044,3.239,2.118,1229.5,232238,94.459999,94.3,235832,11000,2.943
7/23/2018,2.1552,3.22,2.042,1222.599976,201288,94.68,93.8,233504,11000,2.911
7/30/2018,2.1269,3.226,2.11,1214.199951,179880,95.139999,96.1,230968,10900,2.924
8/6/2018,2.1397,3.223,2.104,1211.099976,185174,96.360001,96.6,233868,10800,2.93
8/13/2018,2.0982,3.217,2.096,1176.5,180038,96.099998,98.1,233128,10900,2.921
8/20/2018,2.2022,3.207,2.076,1206.300049,173331,95.150002,98.1,234328,11000,2.9
8/27/2018,2.2413,3.226,2.119,1200.300049,175745,95.139999,96.3,232774,11000,2.906
9/3/2018,2.2182,3.252,2.195,1193.599976,173607,95.370003,96.6,234619,11000,2.906
9/10/2018,2.2092,3.258,2.183,1195,162640,94.980003,97.6,235869,10900,2.912
9/17/2018,2.226,3.268,2.185,1196.199951,173624,94.220001,95.4,234150,11000,2.921
9/24/2018,2.3518,3.271,2.154,1191.5,172930,95.190002,90.4,235680,11100,2.923
10/1/2018,2.3923,3.313,2.235,1201.199951,171816,95.620003,90.4,235221,11100,2.947
10/8/2018,2.3213,3.385,2.32,1218.099976,193936,95.220001,88.8,236172,11200,2.984
10/15/2018,2.302,3.394,2.289,1225.300049,190501,95.709999,88.8,234156,10900,2.961
10/22/2018,2.303,3.38,2.234,1232.5,198733,96.360001,89.2,229330,10900,2.925
10/29/2018,2.1728,3.355,2.196,1230.900024,198530,96.540001,89.4,226169,11200,2.896
11/5/2018,2.1728,3.338,2.144,1206.400024,214814,96.910004,90,228021,11600,2.84
11/12/2018,2.0737,3.317,2.098,1220.800049,235981,96.470001,90.1,226610,11700,2.773
11/19/2018,1.8762,3.282,1.974,1221,226576,96.919998,92.7,225315,11700,2.7
11/26/2018,1.8455,3.261,1.889,1220.199951,218658,97.269997,95.6,224551,11700,2.63
12/3/2018,1.8862,3.207,1.755,1246.800049,317936,96.510002,95.5,226250,11700,2.544
12/10/2018,1.8453,3.161,1.785,1237,261525,97.440002,95.1,228337,11600,2.511
12/17/2018,1.7327,3.121,1.751,1253.800049,255195,96.959999,95.4,230103,11600,2.46
12/24/2018,1.6647,3.077,1.666,1279.900024,291581,96.389999,95.1,233106,11700,2.413
12/31/2018,1.7692,3.048,1.608,1282.699951,327388,96.190002,97.2,239996,11700,2.358
1/7/2019,1.8797,3.013,1.621,1287.099976,350681,95.669998,96.1,248062,11700,2.329
1/14/2019,1.916,2.976,1.793,1281.300049,343678,96.339996,94.6,255565,11900,2.338
1/21/2019,1.8919,2.965,1.812,1297.400024,269369,95.790001,92.9,259615,11900,2.338
1/28/2019,1.9127,2.965,1.822,1316.900024,250580,95.580002,90.1,257380,11900,2.343
2/4/2019,1.9085,2.966,1.842,1313.699951,254263,96.639999,90.7,257893,11900,2.341
2/11/2019,2.0203,2.966,1.861,1318.099976,242762,96.919998,85.9,258301,11900,2.361
2/18/2019,2.0311,3.006,1.896,1329.199951,210679,96.510002,85.9,256847,12000,2.361
2/25/2019,2.001,3.048,1.978,1296.400024,203049,96.529999,87.1,254941,12100,2.471
3/4/2019,1.9998,3.076,1.934,1297,220540,97.370003,87.5,250714,12100,2.502
3/11/2019,1.9677,3.079,1.906,1301.800049,209302,96.599998,87.6,246090,12000,2.549
3/18/2019,1.9659,3.07,1.893,1311.599976,194335,96.650002,88.9,241503,12100,2.625
3/25/2019,1.9734,3.08,1.9,1293,190023,97.279999,86.6,238620,12100,2.701
4/1/2019,2.0424,3.078,1.903,1290.400024,183775,97.400002,86.4,236839,12200,2.77
4/8/2019,2.0707,3.093,1.936,1290.599976,196071,96.970001,87.5,229129,12200,2.826
4/15/2019,2.0709,3.118,1.981,1271.900024,196364,97.470001,87.7,227955,12100,2.912
4/22/2019,2.0512,3.147,1.982,1284.900024,211762,98.010002,90.1,225826,12200,2.926
4/29/2019,2.0702,3.169,2.01,1279.199951,204755,97.519997,89.2,226743,12300,2.972
5/6/2019,2.0504,3.171,1.984,1285.699951,204033,97.330002,88.9,226147,12200,2.983
5/13/2019,2.0955,3.16,1.982,1274.5,188264,98,90.5,225024,12100,2.954
5/20/2019,1.9713,3.163,2.022,1283,191931,97.610001,89.9,228740,12200,2.939
5/27/2019,1.8418,3.151,1.978,1305.800049,198194,97.75,91.2,230944,12300,2.939
6/3/2019,1.8248,3.136,1.896,1341.199951,189577,96.610001,91.8,234149,12400,2.893
6/10/2019,1.8294,3.105,1.772,1340.099976,220186,97.57,93.2,234913,12300,2.821
6/17/2019,1.9158,3.07,1.778,1396.199951,205921,96.220001,93.9,233221,12200,2.759
6/24/2019,1.9446,3.043,1.82,1409.699951,225819,96.129997,94.2,232225,12100,2.741
7/1/2019,1.905,3.042,1.897,1396.699951,224565,97.25,94.2,230642,12200,2.798
7/8/2019,1.9801,3.055,1.883,1409.900024,231995,96.809998,94.7,229187,12300,2.827
7/15/2019,1.8896,3.051,1.949,1425.099976,243621,97.150002,94.4,232752,12000,2.86
7/22/2019,1.9044,3.044,1.903,1418.5,196382,98.010002,93.1,232526,11300,2.833
7/29/2019,1.8902,3.034,1.904,1445.599976,178897,98.099998,93,230735,12200,2.798
8/5/2019,1.808,3.032,1.905,1496.599976,179879,97.489998,96.4,235172,12300,2.772
8/12/2019,1.8128,3.011,1.774,1512.5,186914,98.139999,94.8,233760,12300,2.71
8/19/2019,1.8156,2.994,1.788,1526.599976,171386,97.639999,95.9,234072,12300,2.684
8/26/2019,1.8282,2.983,1.811,1519.099976,176867,98.919998,95.2,231982,12500,2.661
9/2/2019,1.9003,2.976,1.806,1506.199951,179516,98.389999,94.8,229586,12400,2.661
9/9/2019,1.8778,2.971,1.815,1490.900024,160342,98.260002,95.1,228904,12400,2.638
9/16/2019,1.9863,2.987,1.833,1507.300049,173134,98.510002,91.2,229685,12400,2.64
9/23/2019,1.9416,3.081,1.941,1499.099976,175394,99.110001,89.8,230204,12500,2.741
9/30/2019,1.8945,3.066,1.911,1506.199951,172968,98.809998,86.4,229976,12400,2.737
10/7/2019,1.9576,3.047,1.839,1482.699951,188106,98.300003,85.7,228763,12600,2.742
10/14/2019,1.9471,3.051,1.86,1488.199951,201677,97.279999,83.1,226201,12600,2.727
10/21/2019,1.9796,3.05,1.861,1499.5,186748,97.830002,85.2,223094,12600,2.735
10/28/2019,1.9331,3.064,1.896,1508,198733,97.239998,87.7,220057,12600,2.692
11/4/2019,1.9181,3.062,1.847,1461.300049,205625,98.349998,86,217229,12600,2.702
11/11/2019,1.948,3.073,1.835,1467.300049,238996,98,87.8,219090,12800,2.711
11/18/2019,1.9294,3.074,1.815,1463.099976,227892,98.269997,89.5,220846,12800,2.688
11/25/2019,1.8789,3.066,1.788,1465.599976,252428,98.269997,89.3,225978,12900,2.672
12/2/2019,1.9521,3.07,1.853,1459.099976,216827,97.699997,91.9,229363,12900,2.667
12/9/2019,1.9864,3.049,1.821,1475.599976,317866,97.169998,90.6,234768,12800,2.652
12/16/2019,2.0218,3.046,1.843,1474.699951,270547,97.709999,90.6,237297,12800,2.627
12/23/2019,2.0496,3.041,1.918,1513.800049,287243,96.919998,93.3,239260,12900,2.621
12/30/2019,2.0614,3.069,1.965,1549.199951,312524,96.839996,94.5,242472,12900,2.658
1/6/2020,1.9284,3.079,1.953,1557.5,335480,97.360001,93,251609,12900,2.665
1/13/2020,1.8592,3.064,1.902,1558.800049,338550,97.610001,92.2,258287,13000,2.657
1/20/2020,1.734,3.037,1.796,1571.099976,282088,97.849998,90.5,260032,13000,2.657
1/27/2020,1.6245,3.01,1.704,1582.900024,229002,97.389999,87.2,261235,13000,2.595
2/3/2020,1.6433,2.956,1.589,1568.599976,224664,98.68,87.4,261144,12900,2.546
2/10/2020,1.6982,2.91,1.499,1582.699951,219601,99.120003,88,261049,13000,2.511
2/17/2020,1.6866,2.89,1.544,1644.599976,209336,99.260002,89.4,259078,13000,2.511
2/24/2020,1.4906,2.882,1.577,1564.099976,199278,98.129997,87.9,256387,13000,2.555
3/2/2020,1.3852,2.851,1.431,1670.800049,216982,95.949997,86.9,252048,13100,2.514
3/9/2020,1.1374,2.814,1.392,1515.699951,200382,98.75,86.4,246999,13000,2.468
3/16/2020,1.0063,2.733,1.026,1484,251416,102.82,86.4,240819,13100,2.343
3/23/2020,1.0685,2.659,0.778,1623.900024,2920162,98.370003,87.3,239282,13000,2.217
3/30/2020,1.0706,2.586,0.714,1633.699951,6015821,100.580002,82.3,246806,13000,2.103
4/6/2020,0.9726,2.548,0.717,1736.199951,6211406,99.470001,75.6,257303,12400,2.022
4/13/2020,0.9563,2.507,0.729,1689.199951,4965046,99.779999,69.1,262217,12300,1.951
4/20/2020,0.6467,2.48,0.663,1723.5,4281648,100.379997,67.6,263234,12200,1.91
4/27/2020,0.7961,2.437,0.502,1694.5,3515439,98.800003,69.6,259565,12100,1.87
5/4/2020,0.8993,2.399,0.461,1709.900024,2855561,99.730003,70.5,256407,11900,1.883
5/11/2020,0.9204,2.394,0.536,1753.400024,2356626,100.400002,67.9,252894,11600,1.941
5/18/2020,0.982,2.386,0.65,1734.599976,2181640,99.860001,69.4,255724,11500,1.969
5/25/2020,0.9647,2.39,0.811,1736.900024,1915138,98.339996,71.3,255000,11400,1.969
6/1/2020,1.1506,2.386,0.814,1676.199951,1620008,96.940002,71.8,257795,11200,2.064
6/8/2020,1.1014,2.396,0.901,1729.300049,1561267,97.32,73.1,258661,11100,2.123
6/15/2020,1.2114,2.403,0.955,1745.900024,1463363,97.620003,73.8,256995,10500,2.185
6/22/2020,1.1363,2.425,1.042,1772.5,1460056,97.5,74.6,255322,11000,2.216
6/29/2020,1.2311,2.43,1.022,1784,1426618,97.32,75.5,256521,11000,2.26
7/6/2020,1.2412,2.437,1.023,1798.199951,1395081,96.650002,77.5,251682,11000,2.265
7/13/2020,1.2191,2.438,1.073,1808.300049,1512816,95.940002,78.1,248535,11000,2.283
7/20/2020,1.2563,2.433,1.074,1897.300049,1376925,94.440002,77.9,246733,11100,2.275
7/27/2020,1.2171,2.427,1.106,1962.800049,1207045,93.489998,79.5,247387,11100,2.265
8/3/2020,1.2199,2.424,1.104,2010.099976,988309,93.440002,79.6,247806,11000,2.266
8/10/2020,1.2367,2.428,1.111,1937,838734,93.099998,81,247084,10700,2.256
8/17/2020,1.208,2.427,1.11,1934.599976,889738,93.25,80.9,243762,10700,2.256
8/24/2020,1.2162,2.426,1.102,1964.599976,825761,92.370003,82,239179,10800,2.272
8/31/2020,1.1515,2.441,1.128,1923.900024,837008,92.720001,76.7,234859,9700,2.311
9/7/2020,1.0896,2.435,1.074,1937.800049,865995,93.330002,71.8,231905,10000,2.311
9/14/2020,1.159,2.422,0.984,1952.099976,796015,92.93,75.8,231524,10900,2.274
9/21/2020,1.1262,2.404,1.011,1857.699951,827212,94.580002,74.8,227499,10700,2.259
9/28/2020,1.085,2.394,0.973,1900.199951,798996,93.839996,75.8,228182,10700,2.259
10/5/2020,1.1933,2.387,0.995,1919.5,731249,93.059998,77.1,226747,11000,2.262
10/12/2020,1.1791,2.395,1.067,1900.800049,829742,93.68,75.1,225121,10500,2.257
10/19/2020,1.1513,2.388,1.076,1902,766520,92.769997,72.9,227016,9900,2.24
10/26/2020,1.0813,2.385,1.06,1877.400024,738709,94.040001,74.6,226124,11100,2.234
11/2/2020,1.1426,2.372,1.012,1950.300049,743904,92.230003,75.3,227665,10500,2.204
11/9/2020,1.2042,2.383,1.05,1885.699951,725361,92.760002,74.5,225356,10500,2.188
11/16/2020,1.2863,2.441,1.13,1872.599976,749338,92.389999,77.4,227967,10900,2.202
11/23/2020,1.3805,2.462,1.136,1781.900024,835914,91.790001,78.7,230147,11000,2.194
11/30/2020,1.403,2.502,1.233,1835.900024,718522,90.699997,78.2,233638,11100,2.211
12/7/2020,1.4369,2.526,1.26,1839.800049,956473,90.980003,79.9,237859,11100,2.246
12/14/2020,1.513,2.559,1.296,1885.699951,941910,90.019997,79.1,238879,11000,2.247
12/21/2020,1.49,2.619,1.359,1879.900024,872941,90.330002,78,237754,11000,2.311
12/28/2020,1.4763,2.635,1.349,1893.099976,835972,89.940002,79.4,236562,11000,2.33
