Date,gasoline,crude_oil,Open,High,Low,Close,Adj Close,Volume
8/28/00,1.521,32.869999,32.040001,32.919998,31.860001,32.869999,32.869999,46770
9/4/00,1.568,32.869999,null,null,null,null,null,null
9/11/00,1.598,35.099998,33.799999,35.849998,33.75,35.099998,35.099998,101518
9/18/00,1.599,36.880001,36.200001,37.150002,36.150002,36.880001,36.880001,59663
9/25/00,1.586,31.57,31.4,32.099998,31.049999,31.57,31.57,104683
10/2/00,1.563,32.150002,31.450001,32.349998,31.35,32.150002,32.150002,59618
10/9/00,1.541,31.879999,31.549999,31.92,31.23,31.879999,31.879999,51647
10/16/00,1.578,33.099998,34.400002,34.799999,32.700001,33.099998,33.099998,60396
10/23/00,1.588,33.73,33,33.799999,32.599998,33.73,33.73,47952
10/30/00,1.584,32.810001,32.75,33.43,32.650002,32.810001,32.810001,54388
11/6/00,1.565,32.860001,32.400002,32.98,32.099998,32.860001,32.860001,63791
11/13/00,1.562,34.43,34.150002,34.549999,34.099998,34.43,34.43,66342
11/20/00,1.55,35.220001,35.5,35.849998,35,35.220001,35.220001,68250
11/27/00,1.549,35.380001,35.25,35.759998,35.060001,35.380001,35.380001,50390
12/4/00,1.526,31.299999,32.380001,33.110001,30.9,31.299999,31.299999,92267
12/11/00,1.49,29.450001,29,29.549999,28.75,29.450001,29.450001,77299
12/18/00,1.462,29.65,29.549999,29.9,29.129999,29.65,29.65,50760
12/25/00,1.453,29.65,null,null,null,null,null,null
1/1/01,1.446,29.65,null,null,null,null,null,null
1/8/01,1.465,27.35,28.200001,28.4,27.15,27.35,27.35,76058
1/15/01,1.513,27.35,null,null,null,null,null,null
1/22/01,1.511,32,31.950001,32.700001,31.75,32,32,92401
1/29/01,1.5,29.059999,30.15,30.15,28.860001,29.059999,29.059999,64714
2/5/01,1.483,30.5,31.049999,31.049999,30.200001,30.5,30.5,67618
2/12/01,1.515,30.549999,30.700001,31.049999,30.4,30.549999,30.549999,69227
2/19/01,1.489,30.549999,null,null,null,null,null,null
2/26/01,1.471,28.440001,28.76,28.940001,28.4,28.440001,28.440001,62142
3/5/01,1.457,28.6,28.25,28.83,28.209999,28.6,28.6,49216
3/12/01,1.453,28,27.799999,28.24,27.65,28,28,54249
3/19/01,1.444,26.18,26.5,26.940001,26.049999,26.18,26.18,39585
3/26/01,1.445,27.459999,27.4,27.66,27.110001,27.459999,27.459999,52637
4/2/01,1.482,25.59,26.35,26.469999,25.549999,25.59,25.59,55182
4/9/01,1.54,27.34,27.129999,27.67,27.01,27.34,27.34,59981
4/16/01,1.61,28.790001,28.299999,29.040001,28.049999,28.790001,28.790001,54348
4/23/01,1.658,27.610001,27.85,27.93,27.4,27.610001,27.610001,59963
4/30/01,1.665,28.459999,28.6,28.99,28.129999,28.459999,28.459999,40223
5/7/01,1.739,27.77,28.450001,28.58,27.719999,27.77,27.77,56162
5/14/01,1.748,28.709999,28.700001,28.809999,28.08,28.709999,28.709999,55538
5/21/01,1.724,29.98,30.15,30.200001,29.610001,29.98,29.98,41589
5/28/01,1.739,29.98,null,null,null,null,null,null
6/4/01,1.715,28.129999,28.549999,28.74,28.040001,28.129999,28.129999,74230
6/11/01,1.688,29.040001,28.75,29.34,28.4,29.040001,29.040001,85621
6/18/01,1.644,27.549999,28.299999,28.540001,27.42,27.549999,27.549999,50059
6/25/01,1.583,27.25,26.950001,27.32,26.780001,27.25,27.25,57677
7/2/01,1.52,25.950001,26.450001,26.700001,25.379999,25.950001,25.950001,8479
7/9/01,1.484,27.59,27.85,28.26,27.5,27.59,27.59,91890
7/16/01,1.459,26.059999,26.299999,26.58,25.719999,26.059999,26.059999,73134
7/23/01,1.44,26.120001,26.299999,26.6,25.870001,26.120001,26.120001,53982
7/30/01,1.428,26.629999,26.950001,26.98,26.549999,26.629999,26.629999,41537
8/6/01,1.419,27.74,27.6,27.790001,27.379999,27.74,27.74,37371
8/13/01,1.434,27.82,28.17,28.25,27.700001,27.82,27.82,52473
8/20/01,1.467,27.18,26.65,27.25,26.35,27.18,27.18,53562
8/27/01,1.523,26.67,27.049999,27.07,26.440001,26.67,26.67,58962
9/3/01,1.579,26.67,null,null,null,null,null,null
9/10/01,1.562,27.629999,27.75,28,27.57,27.629999,27.629999,0
9/17/01,1.564,28.809999,27,29.25,28.299999,28.809999,28.809999,101804
9/24/01,1.522,22.01,23.9,24,21.799999,22.01,22.01,108959
10/1/01,1.455,23.280001,22.799999,23.4,22.4,23.280001,23.280001,50970
10/8/01,1.393,22.450001,22.299999,22.700001,21.950001,22.450001,22.450001,51267
10/15/01,1.351,22.290001,22.6,22.690001,22.120001,22.290001,22.290001,51155
10/22/01,1.307,21.76,21.799999,22.1,21.52,21.76,21.76,64751
10/29/01,1.277,22.15,22.5,22.549999,21.93,22.15,22.15,60312
11/5/01,1.249,20.02,20.34,20.450001,19.76,20.02,20.02,54896
11/12/01,1.224,21.23,21.450001,21.780001,20.700001,21.23,21.23,86546
11/19/01,1.208,17.719999,17.15,18.299999,16.700001,17.719999,17.719999,87935
11/26/01,1.168,18.690001,18.799999,18.950001,17.67,18.690001,18.690001,53657
12/3/01,1.149,20.09,19.4,20.5,19.379999,20.09,20.09,80890
12/10/01,1.136,18.370001,18.68,18.799999,18.15,18.370001,18.370001,61037
12/17/01,1.101,19.219999,19.200001,19.58,19.1,19.219999,19.219999,62709
12/24/01,1.113,19.219999,null,null,null,null,null,null
12/31/01,1.137,19.84,20.299999,20.43,19.66,19.84,19.84,36403
1/7/02,1.152,21.48,21.5,22,21.200001,21.48,21.48,64080
1/14/02,1.152,18.889999,19.35,19.48,18.65,18.889999,18.889999,89429
1/21/02,1.146,18.889999,null,null,null,null,null,null
1/28/02,1.142,20.049999,20.059999,20.370001,19.809999,20.049999,20.049999,75269
2/4/02,1.157,20.059999,20.34,20.360001,19.93,20.059999,20.059999,59644
2/11/02,1.148,21.32,20.27,21.6,19.959999,21.32,21.32,89214
2/18/02,1.157,21.32,null,null,null,null,null,null
2/25/02,1.157,20.42,21,21.17,20.450001,20.42,20.42,67270
3/4/02,1.185,22.5,22.43,22.6,22.129999,22.5,22.5,63683
3/11/02,1.262,24.299999,23.870001,24.549999,23.83,24.299999,24.299999,72020
3/18/02,1.328,25.049999,24.4,25.200001,24.110001,25.049999,25.049999,53764
3/25/02,1.382,25.02,25.35,25.35,24.700001,25.02,25.02,62975
4/1/02,1.412,26.860001,26.459999,27.4,26.459999,26.860001,26.860001,75570
4/8/02,1.454,26.549999,26.4,27.23,26.27,26.549999,26.549999,89698
4/15/02,1.446,24.549999,24.25,24.6,23.6,24.549999,24.549999,91996
4/22/02,1.446,26.299999,26.4,26.799999,25.780001,26.299999,26.299999,91838
4/29/02,1.435,27.52,26.92,27.639999,26.65,27.52,27.52,74728
5/6/02,1.437,26.08,26.309999,26.32,25.620001,26.08,26.08,66351
5/13/02,1.431,28.450001,27.75,28.48,27.35,28.450001,28.450001,79146
5/20/02,1.439,28.200001,28.200001,28.540001,27.780001,28.200001,28.200001,59717
5/27/02,1.429,28.200001,null,null,null,null,null,null
6/3/02,1.433,25.110001,25.26,25.440001,24.85,25.110001,25.110001,46563
6/10/02,1.417,24.32,24.6,24.700001,24.200001,24.32,24.32,64609
6/17/02,1.419,26.09,26.120001,26.5,26.030001,26.09,26.09,62018
6/24/02,1.425,26.469999,25.700001,26.6,25.700001,26.469999,26.469999,84379
7/1/02,1.433,26.809999,26.799999,27.15,26.610001,26.809999,26.809999,43853
7/8/02,1.423,26.07,26.25,26.860001,25.9,26.07,26.07,75606
7/15/02,1.435,27.07,27.4,27.98,27.02,27.07,27.07,82132
7/22/02,1.451,26.6,27.219999,27.75,26.27,26.6,26.6,139591
7/29/02,1.447,26.549999,26.42,26.66,26.32,26.549999,26.549999,40501
8/5/02,1.437,26.58,26.48,27.02,26.32,26.58,26.58,57855
8/12/02,1.435,27.860001,26.58,27.959999,26.48,27.860001,27.860001,115665
8/19/02,1.434,29.84,29.42,29.950001,29.07,29.84,29.84,71751
8/26/02,1.444,29.280001,28.65,29.49,28.610001,29.280001,29.280001,77471
9/2/02,1.436,29.280001,null,null,null,null,null,null
9/9/02,1.437,29.73,29.450001,30.200001,29.309999,29.73,29.73,71398
9/16/02,1.442,29.67,29.6,29.93,29.32,29.67,29.67,64197
9/23/02,1.436,30.709999,30.200001,30.93,30,30.709999,30.709999,88670
9/30/02,1.455,30.469999,30.5,30.940001,30.4,30.469999,30.469999,68291
10/7/02,1.48,29.639999,29.83,30.1,29.4,29.639999,29.639999,69618
10/14/02,1.481,30.030001,29.200001,30.17,29.200001,30.030001,30.030001,83156
10/21/02,1.499,28.379999,29.049999,29.5,28.219999,28.379999,28.379999,61967
10/28/02,1.485,27.290001,27.08,27.43,26.620001,27.290001,27.290001,103266
11/4/02,1.489,26.950001,26.799999,27.4,26.66,26.950001,26.950001,101816
11/11/02,1.48,25.940001,25.950001,26.5,25.68,25.940001,25.940001,91117
11/18/02,1.451,26.709999,25.75,26.75,25.52,26.709999,26.709999,83906
11/25/02,1.423,26.110001,26.68,26.75,26.08,26.110001,26.110001,81342
12/2/02,1.408,27.24,26.82,27.450001,26.700001,27.24,27.24,92475
12/9/02,1.404,27.26,27.299999,27.43,27,27.26,27.26,66646
12/16/02,1.407,30.1,29,30.17,28.9,30.1,30.1,98129
12/23/02,1.443,31.75,30.799999,31.950001,30.76,31.75,31.75,68872
12/30/02,1.484,31.370001,32.75,33.650002,31.139999,31.370001,31.370001,82023
1/6/03,1.487,32.099998,32.650002,32.849998,31.91,32.099998,32.099998,98247
1/13/03,1.496,32.259998,31.379999,32.380001,31.129999,32.259998,32.259998,90730
1/20/03,1.502,32.259998,null,null,null,null,null,null
1/27/03,1.515,32.290001,32.950001,33.349998,32.200001,32.290001,32.290001,88859
2/3/03,1.569,32.759998,33.330002,33.470001,32.650002,32.759998,32.759998,74746
2/10/03,1.649,34.48,35.009998,35.380001,34.299999,34.48,34.48,90532
2/17/03,1.701,34.48,null,null,null,null,null,null
2/24/03,1.699,36.48,35.799999,36.52,35.470001,36.48,36.48,71129
3/3/03,1.726,35.880001,35.849998,36.200001,35.349998,35.880001,35.880001,68657
3/10/03,1.752,37.27,37.630001,37.77,37.049999,37.27,37.27,77499
3/17/03,1.768,34.93,35.900002,36.400002,34,34.93,34.93,90016
3/24/03,1.732,28.66,27.9,28.9,27.6,28.66,28.66,71666
3/31/03,1.692,31.040001,30.24,31.200001,30.07,31.040001,31.040001,46661
4/7/03,1.673,27.959999,27.799999,28.700001,27.700001,27.959999,27.959999,64667
4/14/03,1.639,28.629999,27.75,28.68,27.370001,28.629999,28.629999,62486
4/21/03,1.618,30.870001,30.35,31.25,30.35,30.870001,30.870001,44295
4/28/03,1.6,25.49,26.200001,26.200001,25.42,25.49,25.49,72986
5/5/03,1.556,26.49,25.700001,26.549999,25.23,26.49,26.49,64682
5/12/03,1.534,27.35,27.59,28.450001,27.219999,27.35,27.35,91932
5/19/03,1.539,28.83,29.16,29.48,28.52,28.83,28.83,73843
5/26/03,1.528,28.83,null,null,null,null,null,null
6/2/03,1.514,30.709999,29.49,30.84,29.49,30.709999,30.709999,90954
6/9/03,1.53,31.450001,31.280001,31.85,30.790001,31.450001,31.450001,70201
6/16/03,1.558,31.18,30.5,31.25,30.43,31.18,31.18,73456
6/23/03,1.537,29.17,29.530001,29.76,28.860001,29.17,29.17,57350
6/30/03,1.528,30.190001,29.299999,30.209999,29.1,30.190001,30.190001,74539
7/7/03,1.53,30.129999,30,30.25,29.82,30.129999,30.129999,50769
7/14/03,1.563,31.27,31.280001,31.35,30.65,31.27,31.27,72329
7/21/03,1.566,31.780001,31.6,31.83,31.25,31.780001,31.780001,52738
7/28/03,1.558,30.110001,29.969999,30.35,29.6,30.110001,30.110001,46995
8/4/03,1.576,31.84,32.150002,32.400002,31.799999,31.84,31.84,81255
8/11/03,1.611,32.009998,32.139999,32.150002,31.83,32.009998,32.009998,64463
8/18/03,1.668,30.889999,31.309999,31.6,30.799999,30.889999,30.889999,54155
8/25/03,1.787,31.559999,32.049999,32.299999,31.35,31.559999,31.559999,61371
9/1/03,1.786,31.559999,null,null,null,null,null,null
9/8/03,1.758,28.85,28.93,29.389999,28.549999,28.85,28.85,89494
9/15/03,1.739,28.139999,28.299999,28.450001,27.85,28.139999,28.139999,62902
9/22/03,1.686,26.959999,27.1,27.280001,26.75,26.959999,26.959999,75060
9/29/03,1.635,28.4,28.24,28.620001,28.24,28.4,28.4,48533
10/6/03,1.617,30.469999,30.559999,30.76,30.32,30.469999,30.469999,63038
10/13/03,1.611,31.950001,31.969999,32.049999,31.6,31.950001,31.950001,54867
10/20/03,1.612,30.35,30.67,30.67,29.719999,30.35,30.35,38278
10/27/03,1.584,29.92,29.9,30.32,29.700001,29.92,29.92,66221
11/3/03,1.577,28.9,29.23,29.35,28.799999,28.9,28.9,62830
11/10/03,1.547,30.879999,31.139999,31.290001,30.629999,30.879999,30.879999,63431
11/17/03,1.54,31.73,32.369999,32.369999,31.530001,31.73,31.73,78253
11/24/03,1.554,29.74,31.469999,31.469999,29.65,29.74,29.74,124076
12/1/03,1.533,29.950001,30.26,30.35,29.66,29.950001,29.950001,67095
12/8/03,1.519,32.099998,30.66,32.43,30.629999,32.099998,32.099998,101286
12/15/03,1.509,33.18,32.040001,33.32,31.74,33.18,33.18,97766
12/22/03,1.528,31.870001,32.900002,32.990002,31.75,31.870001,31.870001,82031
12/29/03,1.521,32.400002,32.75,32.75,32.099998,32.400002,32.400002,46731
1/5/04,1.552,33.779999,32.400002,33.950001,32.27,33.779999,33.779999,105704
1/12/04,1.603,34.720001,34.349998,34.82,33.75,34.720001,34.720001,99677
1/19/04,1.637,34.720001,null,null,null,null,null,null
1/26/04,1.664,34.470001,34.790001,34.790001,34.169998,34.470001,34.470001,75617
2/2/04,1.66,34.98,33.200001,35.099998,32.560001,34.98,34.98,114741
2/9/04,1.681,32.830002,32.349998,33,32.25,32.830002,32.830002,73771
2/16/04,1.69,32.830002,null,null,null,null,null,null
2/23/04,1.73,34.349998,34.27,34.700001,34.029999,34.349998,34.349998,60426
3/1/04,1.758,36.860001,36.16,36.98,35.799999,36.860001,36.860001,84599
3/8/04,1.78,36.57,37.259998,37.509998,36.349998,36.57,36.57,74933
3/15/04,1.767,37.439999,36.150002,37.5,35.849998,37.439999,37.439999,92394
3/22/04,1.785,37.110001,38.09,38.09,36.849998,37.110001,37.110001,94259
3/29/04,1.8,35.450001,35.68,35.68,35.02,35.450001,35.450001,58473
4/5/04,1.822,34.380001,34.200001,34.639999,33.93,34.380001,34.380001,53690
4/12/04,1.827,37.84,37.240002,37.950001,37.110001,37.84,37.84,91677
4/19/04,1.853,37.419998,37.650002,38.299999,37.299999,37.419998,37.419998,79571
4/26/04,1.853,36.970001,36.75,37.150002,36.549999,36.970001,36.970001,72079
5/3/04,1.884,38.209999,37.389999,38.299999,37.25,38.209999,38.209999,67882
5/10/04,1.979,38.93,39.84,39.950001,38.279999,38.93,38.93,106499
5/17/04,2.055,41.549999,41.279999,41.849998,40.799999,41.549999,41.549999,91397
5/24/04,2.104,41.720001,40,41.82,39.450001,41.720001,41.720001,121471
5/31/04,2.092,41.720001,null,null,null,null,null,null
6/7/04,2.075,38.66,38.439999,38.900002,37.75,38.66,38.66,101247
6/14/04,2.029,37.59,38.27,38.400002,37.450001,37.59,37.59,71784
6/21/04,1.981,37.630001,38.650002,39.049999,37.5,37.630001,37.630001,43702
6/28/04,1.965,36.240002,37.290001,37.419998,35.900002,36.240002,36.240002,103488
7/5/04,1.939,36.240002,null,null,null,null,null,null
7/12/04,1.959,39.5,39.759998,40.75,39.419998,39.5,39.5,97975
7/19/04,1.971,41.639999,41.189999,41.900002,40.720001,41.639999,41.639999,82225
7/26/04,1.948,41.439999,41.75,41.950001,41.049999,41.439999,41.439999,59193
8/2/04,1.93,43.82,43.689999,43.939999,43.27,43.82,43.82,71103
8/9/04,1.92,44.84,43.810001,44.98,43.549999,44.84,44.84,100845
8/16/04,1.917,46.049999,46.599998,46.91,45.900002,46.049999,46.049999,108909
8/23/04,1.926,46.049999,46.810001,47.220001,46.009998,46.049999,46.049999,82477
8/30/04,1.909,42.279999,43.310001,43.5,41.299999,42.279999,42.279999,92281
9/6/04,1.893,42.279999,null,null,null,null,null,null
9/13/04,1.889,43.869999,43.130001,44.450001,42.950001,43.869999,43.869999,94667
9/20/04,1.908,46.349998,45.59,46.400002,45.299999,46.349998,46.349998,72383
9/27/04,1.959,49.639999,48.75,49.75,48.639999,49.639999,49.639999,76423
10/4/04,1.98,49.91,49.900002,49.970001,49.439999,49.91,49.91,52022
10/11/04,2.035,53.639999,53.189999,53.799999,52.950001,53.639999,53.639999,79552
10/18/04,2.077,53.669998,54.799999,55.330002,53.119999,53.669998,53.669998,76096
10/25/04,2.074,54.540001,55.049999,55.669998,54.200001,54.540001,54.540001,82511
11/1/04,2.076,50.130001,51.82,52.5,49.150002,50.130001,50.130001,133138
11/8/04,2.045,49.09,49.599998,49.599998,48.599998,49.09,49.09,77257
11/15/04,2.014,46.869999,47.110001,47.450001,45.25,46.869999,46.869999,99068
11/22/04,1.992,48.639999,48.799999,49.549999,48.349998,48.639999,48.639999,85969
11/29/04,1.989,49.759998,49.400002,49.950001,49.119999,49.759998,49.759998,57760
12/6/04,1.956,42.98,42.5,43.599998,42.259998,42.98,42.98,82611
12/13/04,1.893,41.009998,40.900002,41.650002,40.25,41.009998,41.009998,95852
12/20/04,1.861,45.639999,46.200001,46.200001,44.900002,45.639999,45.639999,79557
12/27/04,1.838,41.32,43.869999,43.869999,41.200001,41.32,41.32,56520
1/3/05,1.824,42.119999,43.099998,43.099998,41.25,42.119999,42.119999,69484
1/10/05,1.837,45.330002,45.599998,47.299999,45.200001,45.330002,45.330002,103573
1/17/05,1.863,45.330002,null,null,null,null,null,null
1/24/05,1.896,48.810001,48.880001,49.240002,47.799999,48.810001,48.810001,82895
1/31/05,1.953,48.200001,46.68,48.25,46.009998,48.200001,48.200001,107498
2/7/05,1.952,45.279999,46.32,46.470001,45.099998,45.279999,45.279999,103691
2/14/05,1.941,47.439999,47.049999,47.75,46.599998,47.439999,47.439999,76756
2/21/05,1.948,47.439999,null,null,null,null,null,null
2/28/05,1.969,51.75,51.799999,52.279999,51.099998,51.75,51.75,77726
3/7/05,2.04,53.889999,53.560001,53.950001,52.91,53.889999,53.889999,90228
3/14/05,2.098,54.950001,54.450001,55.049999,53.52,54.950001,54.950001,88000
3/21/05,2.149,56.619999,56.68,57.119999,56.200001,56.619999,56.619999,99506
3/28/05,2.194,54.049999,54.439999,54.650002,53.599998,54.049999,54.049999,59674
4/4/05,2.258,57.009998,57.150002,58.279999,56.599998,57.009998,57.009998,88354
4/11/05,2.321,53.709999,53.259998,53.849998,52.099998,53.709999,53.709999,97925
4/18/05,2.28,50.369999,50.43,51.200001,49.66,50.369999,50.369999,70860
4/25/05,2.279,54.57,55.150002,56,54.5,54.57,54.57,80454
5/2/05,2.277,50.919998,49.279999,51.099998,49.029999,50.919998,50.919998,98520
5/9/05,2.231,52.029999,51.279999,52.25,50.650002,52.029999,52.029999,99262
5/16/05,2.206,48.610001,48.669998,48.700001,47.599998,48.610001,48.610001,78186
5/23/05,2.169,49.16,48.25,49.5,48.049999,49.16,49.16,91193
5/30/05,2.141,49.16,null,null,null,null,null,null
6/6/05,2.159,54.490002,55.200001,55.549999,53.900002,54.490002,54.490002,85859
6/13/05,2.173,55.619999,53.43,56,53.049999,55.619999,55.619999,103592
6/20/05,2.204,59.369999,58.509998,59.52,58.099998,59.369999,59.369999,63574
6/27/05,2.257,60.540001,59.900002,60.950001,59.900002,60.540001,60.540001,79216
7/4/05,2.268,60.540001,null,null,null,null,null,null
7/11/05,2.369,58.919998,59.400002,59.5,58.02,58.919998,58.919998,111543
7/18/05,2.36,57.32,58,58.98,56.799999,57.32,57.32,76097
7/25/05,2.333,59,58.75,59.07,57.650002,59,59,78479
8/1/05,2.335,61.57,60.509998,62.299999,60.509998,61.57,61.57,104282
8/8/05,2.41,63.939999,62.310001,64,62.209999,63.939999,63.939999,117473
8/15/05,2.592,66.269997,66.849998,67,65.349998,66.269997,66.269997,84415
8/22/05,2.654,65.449997,65.400002,66.25,65,65.449997,65.449997,99788
8/29/05,2.653,67.199997,68.599998,70.800003,66.300003,67.199997,67.199997,151039
9/5/05,3.117,67.199997,null,null,null,null,null,null
9/12/05,3.002,63.330002,64.150002,64.410004,62.549999,63.330002,63.330002,109142
9/19/05,2.835,67.389999,63.389999,67.5,63.200001,67.389999,67.389999,85073
9/26/05,2.851,65.82,63.41,65.900002,62.650002,65.82,65.82,108135
10/3/05,2.975,65.470001,66.199997,66.620003,64.989998,65.470001,65.470001,69179
10/10/05,2.896,61.799999,61.790001,62.439999,60.349998,61.799999,61.799999,100053
10/17/05,2.775,64.360001,62.950001,64.400002,62.720001,64.360001,64.360001,73275
10/24/05,2.652,60.32,60.060001,60.5,59.299999,60.32,60.32,78770
10/31/05,2.528,59.759998,61.200001,61.389999,59.27,59.759998,59.759998,103815
11/7/05,2.424,59.470001,60.110001,60.439999,58.599998,59.470001,59.470001,126389
11/14/05,2.342,57.689999,57.799999,58.200001,57.299999,57.689999,57.689999,68821
11/21/05,2.247,57.700001,57.419998,58.18,57.099998,57.700001,57.700001,68601
11/28/05,2.2,57.360001,58.110001,58.299999,56.700001,57.360001,57.360001,98709
12/5/05,2.191,59.91,59.41,60.799999,59.41,59.91,59.91,106593
12/12/05,2.228,61.299999,59.509998,61.349998,59.5,61.299999,61.299999,113722
12/19/05,2.255,57.330002,58,58.59,56.900002,57.330002,57.330002,74136
12/26/05,2.241,57.330002,null,null,null,null,null,null
1/2/06,2.281,57.330002,null,null,null,null,null,null
1/9/06,2.371,63.5,64.150002,64.610001,62.900002,63.5,63.5,115558
1/16/06,2.366,63.5,null,null,null,null,null,null
1/23/06,2.382,68.099998,68.449997,69.199997,67.599998,68.099998,68.099998,84184
1/30/06,2.402,68.349998,67.849998,68.449997,67.25,68.349998,68.349998,92440
2/6/06,2.388,65.110001,65.599998,66.620003,64.900002,65.110001,65.110001,97538
2/13/06,2.331,61.240002,62.099998,62.18,60.849998,61.240002,61.240002,91961
2/20/06,2.286,61.240002,null,null,null,null,null,null
2/27/06,2.298,61,62.799999,62.849998,60.849998,61,61,93771
3/6/06,2.373,62.41,63.75,63.919998,61.799999,62.41,62.41,98681
3/13/06,2.408,61.77,60.049999,61.900002,59.580002,61.77,61.77,127869
3/20/06,2.548,60.419998,62.959999,62.990002,60.25,60.419998,60.419998,77265
3/27/06,2.542,64.160004,64.18,64.550003,63.450001,64.160004,64.160004,62115
4/3/06,2.631,66.739998,66.25,67.900002,66.199997,66.739998,66.739998,94634
4/10/06,2.727,68.739998,67.339996,68.949997,67.220001,68.739998,68.739998,108018
4/17/06,2.828,70.400002,69.629997,70.449997,69.300003,70.400002,70.400002,98598
4/24/06,2.96,73.330002,75.059998,75.349998,72.949997,73.330002,73.330002,125457
5/1/06,2.966,73.699997,71.75,73.75,71.419998,73.699997,73.699997,83652
5/8/06,2.955,69.769997,70.169998,70.559998,68.199997,69.769997,69.769997,122344
5/15/06,2.992,69.410004,72.040001,72.040001,69.25,69.410004,69.410004,118931
5/22/06,2.938,69.230003,68.519997,70,67.419998,69.230003,69.230003,116410
5/29/06,2.913,69.230003,null,null,null,null,null,null
6/5/06,2.937,72.599998,72.949997,73.849998,72.099998,72.599998,72.599998,89820
6/12/06,2.951,70.360001,71.599998,72.32,70.199997,70.360001,70.360001,113767
6/19/06,2.917,68.980003,69.870003,70.110001,68.550003,68.980003,68.980003,95557
6/26/06,2.914,71.800003,70.68,71.900002,70.400002,71.800003,71.800003,95883
7/3/06,2.979,71.800003,null,null,null,null,null,null
7/10/06,3.017,73.610001,73.82,73.949997,72.900002,73.610001,73.610001,104857
7/17/06,3.033,75.300003,77.25,77.739998,75.199997,75.300003,75.300003,120244
7/24/06,3.048,75.050003,74.830002,75.199997,73.5,75.050003,75.050003,76886
7/31/06,3.05,74.400002,73.209999,74.5,72.769997,74.400002,74.400002,100528
8/7/06,3.083,76.980003,74.57,77.300003,74.559998,76.980003,76.980003,129001
8/14/06,3.047,73.529999,73.790001,73.949997,72.599998,73.529999,73.529999,82045
8/21/06,2.971,72.449997,71.220001,72.5,71.139999,72.449997,72.449997,80336
8/28/06,2.893,70.610001,72.199997,72.199997,70.150002,70.610001,70.610001,75576
9/4/06,2.777,68.019997,69.25,69.589996,67.769997,68.019997,68.019997,53471
9/11/06,2.67,65.610001,66.010002,66.5,64.849998,65.610001,65.610001,140696
9/18/06,2.549,63.799999,63.490002,64.449997,62.849998,63.799999,63.799999,113822
9/25/06,2.429,61.450001,60.25,62.150002,59.52,61.450001,61.450001,122239
10/2/06,2.36,61.029999,62.799999,63.32,60.84,61.029999,61.029999,108503
10/9/06,2.31,59.959999,59.900002,61.299999,59.779999,59.959999,59.959999,156175
10/16/06,2.274,59.939999,58.860001,60.119999,58.060001,59.939999,59.939999,139797
10/23/06,2.255,58.810001,59.43,59.470001,58.119999,58.810001,58.810001,149818
10/30/06,2.264,58.360001,60.75,61.049999,58.220001,58.360001,58.360001,168398
11/6/06,2.246,60.02,59.150002,60.560001,58.5,60.02,60.02,193570
11/13/06,2.278,58.580002,59.599998,59.919998,58.25,58.580002,58.580002,220010
11/20/06,2.285,58.799999,58.73,59.040001,57.970001,58.799999,58.799999,142502
11/27/06,2.292,60.32,59.889999,60.439999,59.259998,60.32,60.32,143843
12/4/06,2.342,62.439999,63.810001,63.82,61.900002,62.439999,62.439999,162006
12/11/06,2.34,61.220001,62.209999,62.25,61.049999,61.220001,61.220001,197111
12/18/06,2.366,62.209999,63.200001,63.5,62.07,62.209999,62.209999,139755
12/25/06,2.387,62.209999,null,null,null,null,null,null
1/1/07,2.382,62.209999,null,null,null,null,null,null
1/8/07,2.354,56.09,56.240002,57.720001,55.099998,56.09,56.09,298727
1/15/07,2.28,56.09,null,null,null,null,null,null
1/22/07,2.216,51.130001,52.09,53.439999,50.799999,51.130001,51.130001,268288
1/29/07,2.213,54.009998,55.630001,55.959999,53.75,54.009998,54.009998,209141
2/5/07,2.237,58.740002,59.25,59.950001,58.459999,58.740002,58.740002,251449
2/12/07,2.287,57.810001,59.68,59.759998,57.380001,57.810001,57.810001,277173
2/26/07,2.428,61.389999,60.880001,61.75,60.450001,61.389999,61.389999,203506
3/5/07,2.551,60.07,61.299999,61.299999,59.549999,60.07,60.07,230675
3/12/07,2.605,58.91,59.959999,59.959999,58.599998,58.91,58.91,256103
3/19/07,2.623,56.59,57.110001,57.599998,56.299999,56.59,56.59,114242
3/26/07,2.655,62.91,62.34,63.299999,62.34,62.91,62.91,229559
4/2/07,2.753,65.940002,65.699997,66.690002,65.080002,65.940002,65.940002,208921
4/9/07,2.848,61.509998,63.849998,64.360001,61.349998,61.509998,61.509998,274016
4/16/07,2.922,63.610001,63.41,64.209999,62.5,63.610001,63.610001,231803
4/23/07,2.917,65.889999,64.110001,65.959999,63.700001,65.889999,65.889999,190337
4/30/07,3.017,65.709999,66.360001,66.650002,65.529999,65.709999,65.709999,225414
5/7/07,3.097,61.470001,61.709999,62.060001,60.849998,61.470001,61.470001,248499
5/14/07,3.143,62.459999,62.43,63.07,62.139999,62.459999,62.459999,200433
5/21/07,3.258,66.269997,64.949997,66.379997,64.449997,66.269997,66.269997,114928
6/4/07,3.2,66.209999,64.870003,66.480003,64.529999,66.209999,66.209999,228630
6/11/07,3.122,65.970001,64.699997,66.07,64.519997,65.970001,65.970001,234653
6/18/07,3.057,69.089996,68.129997,69.150002,67.400002,69.089996,69.089996,145142
6/25/07,3.029,69.18,68.849998,69.449997,67.550003,69.18,69.18,240247
7/2/07,3.005,71.089996,70.519997,71.339996,69.57,71.089996,71.089996,217108
7/9/07,3.026,72.190002,72.75,73,71.809998,72.190002,72.190002,227743
7/16/07,3.092,74.150002,74.010002,74.5,73.629997,74.150002,74.150002,203487
7/23/07,3.005,74.889999,75.690002,75.690002,74.440002,74.889999,74.889999,166780
7/30/07,2.926,76.830002,76.949997,77.330002,76.050003,76.830002,76.830002,189456
8/6/07,2.888,72.059998,75.040001,75.099998,71.599998,72.059998,72.059998,292987
8/13/07,2.821,71.620003,71.470001,73.190002,71.120003,71.620003,71.620003,245898
8/20/07,2.832,71.120003,71.769997,71.769997,70.050003,71.120003,71.120003,138081
8/27/07,2.796,71.970001,71.040001,72.139999,70.199997,71.970001,71.970001,186005
9/10/07,2.862,77.489998,76.459999,78.470001,75.519997,77.489998,77.489998,296680
9/17/07,2.835,80.57,79.029999,80.919998,78.25,80.57,80.57,270760
9/24/07,2.86,80.949997,81.360001,81.599998,80.370003,80.949997,80.949997,200779
10/1/07,2.838,80.239998,81.75,82.019997,79.449997,80.239998,80.239998,269038
10/8/07,2.821,79.019997,81.110001,81.110001,78.349998,79.019997,79.019997,253108
10/15/07,2.813,86.129997,83.910004,86.709999,83.5,86.129997,86.129997,238654
10/22/07,2.873,87.559998,88.860001,88.860001,86.169998,87.559998,87.559998,310584
10/29/07,2.921,93.529999,91.720001,93.800003,91.519997,93.529999,93.529999,279080
11/5/07,3.06,93.980003,95.919998,96.120003,93.720001,93.980003,93.980003,279964
11/12/07,3.158,94.620003,96.010002,96.349998,93.540001,94.620003,94.620003,317037
11/19/07,3.148,94.639999,93.879997,95.150002,93.160004,94.639999,94.639999,240219
11/26/07,3.147,97.699997,98.279999,99.120003,96.5,97.699997,97.699997,231374
12/3/07,3.113,89.309998,88.790001,89.989998,87.139999,89.309998,89.309998,308010
12/10/07,3.053,87.860001,88.269997,89.800003,87.089996,87.860001,87.860001,288602
12/17/07,3.05,90.629997,91.43,91.949997,89.489998,90.629997,90.629997,161950
12/24/07,3.032,90.629997,null,null,null,null,null,null
12/31/07,3.104,95.980003,96.120003,96.779999,94.730003,95.980003,95.980003,108597
1/7/08,3.159,95.089996,97.790001,98.400002,94.470001,95.089996,95.089996,258890
1/14/08,3.119,94.199997,92.919998,94.43,92.410004,94.199997,94.199997,257790
1/28/08,3.03,90.989998,90.620003,91.360001,88.779999,90.989998,90.989998,261940
2/4/08,3.03,90.019997,88.660004,90.830002,88.07,90.019997,90.019997,229467
2/11/08,3.011,93.589996,91.760002,94.720001,90.919998,93.589996,93.589996,320857
2/25/08,3.18,99.230003,98.989998,99.699997,97.75,99.230003,99.230003,206041
3/3/08,3.212,102.449997,101.629997,103.949997,100.769997,102.449997,102.449997,281850
3/10/08,3.273,107.900002,105.25,108.209999,104.080002,107.900002,107.900002,340551
3/17/08,3.332,105.68,110.099998,111.800003,103.230003,105.68,105.68,336081
3/24/08,3.31,100.860001,101.699997,102.419998,99.949997,100.860001,100.860001,190177
3/31/08,3.339,101.580002,105.120003,106.779999,100.25,101.580002,101.580002,332269
4/7/08,3.381,109.089996,106.120003,109.480003,105.860001,109.089996,109.089996,278967
4/14/08,3.438,111.760002,110,111.989998,109.559998,111.760002,111.760002,199908
4/21/08,3.557,117.480003,116.93,117.830002,115.68,117.480003,117.480003,134017
4/28/08,3.653,118.75,118.949997,119.93,118.160004,118.75,118.75,201651
5/5/08,3.663,119.970001,116.5,120.360001,116.050003,119.970001,119.970001,265273
5/12/08,3.771,124.230003,125.839996,126.400002,123.699997,124.230003,124.230003,347942
5/19/08,3.84,127.050003,126.349998,127.769997,125.279999,127.050003,127.050003,213089
6/2/08,4.026,127.760002,127.629997,129.350006,125.220001,127.760002,127.760002,304809
6/9/08,4.09,134.350006,137.970001,138.25,133,134.350006,134.350006,348554
6/16/08,4.134,134.610001,134.410004,139.889999,132.839996,134.610001,134.610001,291340
6/23/08,4.131,136.740005,134.800003,138.139999,134.050003,136.740005,136.740005,248739
6/30/08,4.146,140,140.600006,143.669998,139.169998,140,140,253428
7/7/08,4.165,141.369995,144.270004,144.529999,139.520004,141.369995,141.369995,304148
7/14/08,4.164,145.179993,144.690002,146.369995,142.490005,145.179993,145.179993,252605
7/21/08,4.118,131.039993,128.880005,132.050003,128.630005,131.039993,131.039993,133661
7/28/08,4.01,124.730003,123.410004,125.220001,122.629997,124.730003,124.730003,197074
8/4/08,3.935,121.410004,125.980003,126.349998,119.5,121.410004,121.410004,294048
8/11/08,3.864,114.449997,115.199997,116.900002,112.720001,114.449997,114.449997,295334
8/18/08,3.794,112.870003,113.940002,115.349998,112,112.870003,112.870003,178631
8/25/08,3.738,115.110001,114.690002,116.059998,113.68,115.110001,115.110001,174446
9/8/08,3.701,106.339996,107.75,109.889999,104.699997,106.339996,106.339996,317923
9/15/08,3.887,95.709999,101,101.190002,94,95.709999,95.709999,334900
9/22/08,3.772,120.919998,104.970001,130,103.349998,120.919998,120.919998,335101
9/29/08,3.687,96.370003,106.889999,106.910004,95.040001,96.370003,96.370003,248522
10/6/08,3.543,87.809998,92.5,92.68,87.559998,87.809998,87.809998,281987
10/13/08,3.213,81.190002,80.120003,82.519997,79.449997,81.190002,81.190002,210714
10/20/08,2.974,74.25,72.160004,76.129997,71.769997,74.25,74.25,137299
10/27/08,2.718,63.220001,64.779999,65.769997,61.299999,63.220001,63.220001,234150
11/3/08,2.462,63.91,67.370003,69.190002,63.630001,63.91,63.91,236426
11/10/08,2.284,62.41,61.799999,65.559998,59.099998,62.41,62.41,286648
11/17/08,2.132,54.950001,56.740002,58.98,54.720001,54.950001,54.950001,337536
11/24/08,1.952,54.5,50.970001,55.299999,48.799999,54.5,54.5,233065
12/1/08,1.87,49.279999,54.619999,54.619999,48.619999,49.279999,49.279999,217048
12/8/08,1.758,43.709999,41.639999,44.700001,41.549999,43.709999,43.709999,289529
12/15/08,1.716,44.509998,46.77,50.049999,44.099998,44.509998,44.509998,256308
12/22/08,1.71,39.91,42.790001,43.439999,39.5,39.91,39.91,149135
12/29/08,1.67,40.02,38.400002,42.200001,37.529999,40.02,40.02,150601
1/5/09,1.737,48.810001,47.040001,49.279999,45.560001,48.810001,48.810001,258762
1/12/09,1.835,37.59,40.549999,40.799999,37.48,37.59,37.59,272828
1/26/09,1.89,45.73,46.049999,48.59,45.25,45.73,45.73,277496
2/2/09,1.944,40.080002,42.220001,42.25,39.830002,40.080002,40.080002,263645
2/9/09,1.978,39.560001,39.880001,42.43,39.419998,39.560001,39.560001,317497
2/23/09,1.963,38.439999,39.73,41.490002,37.869999,38.439999,38.439999,285905
3/2/09,1.988,40.150002,44.34,44.490002,39.84,40.150002,40.150002,245234
3/9/09,1.993,47.07,45.759998,48.830002,44.970001,47.07,47.07,390590
3/16/09,1.964,47.349998,45.200001,47.630001,43.619999,47.349998,47.349998,240078
3/23/09,2.014,53.799999,52.130001,54.049999,51.619999,53.799999,53.799999,229890
3/30/09,2.097,48.41,52.25,52.25,48.110001,48.41,48.41,222171
4/6/09,2.09,51.049999,52.400002,53.599998,49.810001,51.049999,51.049999,228983
4/13/09,2.104,50.049999,52,52.150002,48.84,50.049999,50.049999,290456
4/20/09,2.112,45.880001,50.16,50.310001,45.439999,45.880001,45.880001,89895
4/27/09,2.102,50.139999,51.450001,51.450001,48.009998,50.139999,50.139999,265293
5/4/09,2.129,54.470001,52.619999,54.639999,52.560001,54.470001,54.470001,229782
5/11/09,2.29,58.5,58.490002,58.630001,56.779999,58.5,58.5,290030
5/18/09,2.36,59.029999,56.470001,59.330002,56.119999,59.029999,59.029999,134714
6/1/09,2.572,68.580002,66.480003,68.68,66.230003,68.580002,68.580002,234080
6/8/09,2.673,68.089996,68.32,68.949997,66.779999,68.089996,68.089996,289278
6/15/09,2.722,70.620003,72.199997,72.349998,69.580002,70.620003,70.620003,242211
6/22/09,2.743,66.93,69.889999,69.889999,66.25,66.93,66.93,278468
6/29/09,2.695,71.489998,69.25,71.919998,68.360001,71.489998,71.489998,229882
7/6/09,2.666,64.050003,65.540001,65.650002,63.400002,64.050003,64.050003,256986
7/13/09,2.584,59.689999,59.860001,60.669998,58.32,59.689999,59.689999,301907
7/20/09,2.519,63.98,63.380001,64.900002,63.189999,63.98,63.98,125148
7/27/09,2.557,68.379997,68.050003,68.989998,67.599998,68.379997,68.379997,245180
8/3/09,2.61,71.580002,69.300003,72.199997,69.089996,71.580002,71.580002,323455
8/10/09,2.7,70.599998,70.669998,71.57,70.089996,70.599998,70.599998,304092
8/17/09,2.691,66.75,67.690002,67.690002,65.230003,66.75,66.75,264790
8/24/09,2.682,74.370003,73.75,74.809998,73.57,74.370003,74.370003,208702
8/31/09,2.667,69.959999,72.75,73.360001,69.129997,69.959999,69.959999,276967
9/14/09,2.632,68.860001,69.150002,69.510002,68.019997,68.860001,68.860001,255720
9/21/09,2.607,69.709999,71.779999,72.199997,68.959999,69.709999,69.709999,142853
9/28/09,2.554,66.839996,66.150002,67.540001,65.410004,66.839996,66.839996,231410
10/5/09,2.523,70.410004,69.809998,71,68.050003,70.410004,70.410004,346922
10/12/09,2.543,73.269997,72.239998,73.839996,72.050003,73.269997,73.269997,260226
10/19/09,2.626,79.610001,78.559998,79.690002,78.050003,79.610001,79.610001,131534
10/26/09,2.727,78.68,79.650002,81.580002,77.970001,78.68,78.68,363907
11/2/09,2.746,78.129997,77.019997,78.660004,76.559998,78.129997,78.129997,371006
11/9/09,2.72,79.43,77.870003,80.190002,77.769997,79.43,79.43,327402
11/16/09,2.684,78.900002,76.580002,79.43,76.349998,78.900002,78.900002,361387
11/23/09,2.694,77.559998,77.800003,79.919998,77.150002,77.559998,77.559998,382888
11/30/09,2.684,77.279999,76.050003,78,75.129997,77.279999,77.279999,358538
12/7/09,2.689,73.93,75.800003,76.099998,73.699997,73.93,73.93,359248
12/14/09,2.655,69.510002,69.629997,70.220001,68.589996,69.510002,69.510002,268931
12/21/09,2.645,72.470001,73.050003,74.32,71.989998,72.470001,72.470001,189118
12/28/09,2.662,78.769997,77.919998,79.120003,77.760002,78.769997,78.769997,108895
1/4/10,2.718,81.510002,79.629997,81.68,79.629997,81.510002,81.510002,263542
1/11/10,2.804,82.519997,82.879997,83.949997,81.959999,82.519997,82.519997,296304
1/25/10,2.76,75.260002,74.239998,75.419998,74.059998,75.260002,75.260002,280559
2/1/10,2.717,74.43,72.839996,74.989998,72.489998,74.43,74.43,277411
2/8/10,2.707,71.889999,72.18,72.389999,70.769997,71.889999,71.889999,345638
2/22/10,2.709,80.160004,80.099998,80.510002,79.449997,80.160004,80.160004,238956
3/1/10,2.756,78.699997,79.839996,80.620003,78.059998,78.699997,78.699997,298718
3/8/10,2.804,81.870003,81.790001,82.410004,80.75,81.870003,81.870003,295351
3/15/10,2.841,79.800003,81.129997,81.309998,79.129997,79.800003,79.800003,283135
3/22/10,2.87,81.25,80.93,81.489998,78.57,81.25,81.25,351220
3/29/10,2.851,82.169998,80.239998,82.779999,80.18,82.169998,82.169998,311042
4/5/10,2.877,86.620003,85.309998,86.900002,85.059998,86.620003,86.620003,244106
4/12/10,2.909,84.339996,85.169998,85.709999,84.080002,84.339996,84.339996,421904
4/19/10,2.911,81.449997,82.919998,83,80.529999,81.449997,81.449997,122831
4/26/10,2.901,84.199997,85.220001,85.629997,83.730003,84.199997,84.199997,337123
5/3/10,2.95,86.190002,86.199997,87.150002,85.830002,86.190002,86.190002,324726
5/10/10,2.958,76.800003,76.110001,78.510002,75.800003,76.800003,76.800003,447158
5/17/10,2.918,70.080002,71.790001,72.25,69.269997,70.080002,70.080002,355833
5/24/10,2.842,70.209999,70.620003,70.959999,69.57,70.209999,70.209999,279820
6/7/10,2.78,71.440002,70.349998,72.489998,69.510002,71.440002,71.440002,417308
6/14/10,2.756,75.120003,74.059998,75.989998,74.040001,75.120003,75.120003,321671
6/21/10,2.795,77.82,77.5,78.919998,76.879997,77.82,77.82,124289
6/28/10,2.809,78.25,79,79.379997,77.720001,78.25,78.25,223305
7/12/10,2.771,74.949997,76.300003,76.43,74.519997,74.949997,74.949997,309169
7/19/10,2.775,76.540001,75.720001,77.690002,75.5,76.540001,76.540001,169548
7/26/10,2.801,78.980003,78.980003,79.330002,78.059998,78.980003,78.980003,227656
8/2/10,2.788,81.339996,78.949997,81.769997,78.830002,81.339996,81.339996,306098
8/9/10,2.835,81.480003,80.910004,81.760002,80.709999,81.480003,81.480003,267083
8/16/10,2.798,75.239998,75.599998,75.949997,74.860001,75.239998,75.239998,237455
8/23/10,2.759,73.099998,73.900002,74.480003,72.75,73.099998,73.099998,252439
8/30/10,2.736,74.699997,75.5,75.580002,74.169998,74.699997,74.699997,260666
9/13/10,2.772,77.190002,76.360001,78.040001,76.360001,77.190002,77.190002,349157
9/20/10,2.775,74.860001,73.589996,75.449997,73.32,74.860001,74.860001,132427
9/27/10,2.747,76.519997,76.470001,77.169998,75.519997,76.519997,76.519997,289641
10/4/10,2.784,81.470001,81.68,82.379997,80.769997,81.470001,81.470001,313306
10/11/10,2.871,82.209999,82.949997,83.5,81.849998,82.209999,82.209999,234320
10/18/10,2.887,83.080002,81.379997,83.279999,80.349998,83.080002,83.080002,225081
10/25/10,2.87,82.519997,82.010002,83.279999,81.449997,82.519997,82.519997,339395
11/1/10,2.861,82.949997,81.449997,83.860001,81.32,82.949997,82.949997,358535
11/8/10,2.917,87.059998,87.389999,87.489998,85.959999,87.059998,87.059998,309966
11/15/10,2.944,84.860001,84.870003,85.769997,84.480003,84.860001,84.860001,315260
11/22/10,2.931,81.739998,82.150002,82.870003,80.68,81.739998,81.739998,290222
11/29/10,2.912,85.730003,83.900002,85.830002,83.589996,85.730003,85.730003,335800
12/6/10,3.013,89.379997,89.440002,89.760002,88.559998,89.379997,89.379997,293836
12/13/10,3.035,88.610001,87.68,89.489998,87.440002,88.610001,88.610001,329766
12/20/10,3.037,88.809998,88.18,88.980003,87.260002,88.809998,88.809998,265975
12/27/10,3.106,91,91.07,91.879997,90.510002,91,91,104321
1/3/11,3.124,91.550003,91.309998,92.580002,91.209999,91.550003,91.550003,225189
1/10/11,3.142,89.25,89,89.980003,88.129997,89.25,89.25,430277
1/24/11,3.163,87.870003,89.260002,89.629997,87.269997,87.870003,87.870003,356085
1/31/11,3.155,92.190002,89.970001,92.839996,88.400002,92.190002,92.190002,436801
2/7/11,3.185,87.480003,89.059998,89.540001,87.18,87.480003,87.480003,324984
2/14/11,3.193,84.809998,85.5,86.519997,84.580002,84.809998,84.809998,319329
2/28/11,3.435,96.970001,98.5,99.959999,96.709999,96.970001,96.970001,262001
3/7/11,3.572,105.440002,104.650002,106.949997,104.25,105.440002,105.440002,404435
3/14/11,3.621,101.190002,100.309998,101.599998,98.470001,101.190002,101.190002,289434
3/21/11,3.617,102.330002,102.120003,103.349998,101.660004,102.330002,102.330002,103960
3/28/11,3.65,103.980003,105.43,105.760002,103.599998,103.980003,103.980003,223079
4/4/11,3.737,108.470001,108.290001,108.779999,107.580002,108.470001,108.470001,228494
4/11/11,3.843,109.919998,113.279999,113.459999,108.879997,109.919998,109.919998,364348
4/18/11,3.896,107.120003,109.43,109.440002,106.540001,107.120003,107.120003,138178
4/25/11,3.932,112.279999,112.339996,113.480003,111.080002,112.279999,112.279999,209683
5/2/11,4.014,113.519997,113.889999,114.830002,110.82,113.519997,113.519997,310994
5/9/11,4.018,102.550003,98.110001,103.400002,97.419998,102.550003,102.550003,469290
5/16/11,4.014,97.370003,99.360001,99.650002,96.889999,97.370003,97.370003,335318
5/23/11,3.904,97.699997,99.68,100.040001,96.370003,97.699997,97.699997,296828
6/6/11,3.833,99.010002,100.419998,100.68,98.550003,99.010002,99.010002,289670
6/13/11,3.767,97.300003,98.769997,99.32,96.129997,97.300003,97.300003,381993
6/20/11,3.708,93.260002,92.800003,93.489998,91.139999,93.260002,93.260002,136837
6/27/11,3.631,90.610001,91.160004,91.300003,89.610001,90.610001,90.610001,278681
7/11/11,3.695,95.150002,96.099998,96.75,94.139999,95.150002,95.150002,311449
7/18/11,3.736,95.93,97.370003,97.690002,94.690002,95.93,95.93,203973
7/25/11,3.754,99.199997,99.760002,99.870003,98.519997,99.199997,99.199997,205209
8/1/11,3.766,94.889999,96.199997,98.599998,93.419998,94.889999,94.889999,398857
8/8/11,3.73,81.309998,85.709999,85.730003,80.169998,81.309998,81.309998,521066
8/15/11,3.662,87.879997,85.589996,88.050003,84.400002,87.879997,87.879997,292796
8/22/11,3.638,84.120003,82.419998,84.669998,81.129997,84.120003,84.120003,374045
8/29/11,3.682,87.269997,85.330002,87.620003,85.110001,87.269997,87.269997,208605
9/12/11,3.715,88.190002,86.699997,88.949997,85,88.190002,88.190002,355070
9/19/11,3.657,85.699997,87.75,87.75,84.790001,85.699997,85.699997,132221
9/26/11,3.568,80.239998,79.639999,81.360001,77.110001,80.239998,80.239998,325671
10/3/11,3.492,77.610001,78.919998,79.639999,76.650002,77.610001,77.610001,392782
10/10/11,3.476,85.410004,82.75,86.089996,82.75,85.410004,85.410004,264825
10/17/11,3.533,86.379997,87.480003,88.18,85.879997,86.379997,86.379997,227298
10/24/11,3.52,91.269997,87.050003,91.879997,87,91.269997,91.269997,484139
10/31/11,3.511,93.190002,93.529999,93.800003,91.360001,93.190002,93.190002,228561
11/7/11,3.482,95.519997,94.260002,96.110001,93.230003,95.519997,95.519997,321186
11/14/11,3.495,98.139999,99.300003,99.690002,97.190002,98.139999,98.139999,351523
11/21/11,3.427,96.919998,97.540001,97.860001,95.239998,96.919998,96.919998,279104
11/28/11,3.368,98.209999,97.5,100.739998,97.129997,98.209999,98.209999,311735
12/5/11,3.35,100.989998,101.230003,102.440002,100.239998,100.989998,100.989998,239380
12/12/11,3.346,97.769997,99.580002,99.68,97.540001,97.769997,97.769997,279146
12/19/11,3.29,93.879997,93.760002,94.419998,92.540001,93.879997,93.879997,114563
1/9/12,3.441,101.309998,101.919998,102.150002,100.099998,101.309998,101.309998,311866
1/23/12,3.45,99.580002,98.339996,100.239998,97.400002,99.580002,99.580002,238960
1/30/12,3.5,98.779999,100,100.050003,98.43,98.779999,98.779999,215829
2/6/12,3.542,96.910004,97.739998,97.75,96.379997,96.910004,96.910004,257715
2/13/12,3.584,100.910004,99.330002,101,99.089996,100.910004,100.910004,268062
2/27/12,3.78,108.559998,109.669998,109.769997,107.269997,108.559998,108.559998,277597
3/5/12,3.849,106.720001,106.75,107.419998,105.5,106.720001,106.720001,237450
3/12/12,3.884,106.339996,107.5,107.559998,105.379997,106.339996,106.339996,234727
3/19/12,3.923,108.089996,107.18,108.239998,106.550003,108.089996,108.089996,110353
3/26/12,3.973,107.029999,106.790001,107.32,106.190002,107.029999,107.029999,162276
4/2/12,3.996,105.230003,103.269997,105.489998,102.059998,105.230003,105.230003,278097
4/9/12,3.997,102.459999,102.529999,102.599998,100.809998,102.459999,102.459999,205924
4/16/12,3.98,102.93,102.800003,103.370003,101.800003,102.93,102.93,284959
4/23/12,3.929,103.110001,103.82,103.900002,101.82,103.110001,103.110001,213202
4/30/12,3.889,104.870003,104.93,105.160004,103.879997,104.870003,104.870003,211453
5/7/12,3.849,97.940002,98.050003,98.239998,95.339996,97.940002,97.940002,300474
5/14/12,3.814,94.779999,95.790001,95.830002,93.650002,94.779999,94.779999,251994
5/21/12,3.773,92.57,91.269997,93.059998,90.839996,92.57,92.57,107239
6/4/12,3.671,83.980003,82.959999,84.379997,81.209999,83.980003,83.980003,309777
6/11/12,3.629,82.699997,85.720001,86.639999,81.110001,82.699997,82.699997,343211
6/18/12,3.589,83.269997,85.089996,85.599998,82.040001,83.269997,83.269997,216955
6/25/12,3.494,79.209999,80.199997,80.68,78.029999,79.209999,79.209999,249004
7/2/12,3.415,83.75,84.650002,85.050003,82.099998,83.75,83.75,299104
7/9/12,3.469,85.989998,84.199997,86.480003,84,85.989998,85.989998,256901
7/16/12,3.485,88.43,87.129997,88.480003,86.410004,88.43,88.43,223124
7/23/12,3.554,88.139999,91.610001,91.639999,87.910004,88.139999,88.139999,290355
7/30/12,3.568,89.779999,90.139999,90.949997,89.330002,89.779999,89.779999,191095
8/6/12,3.702,92.199997,91.339996,92.330002,90.629997,92.199997,92.199997,194374
8/13/12,3.779,92.730003,93.25,94.139999,92.050003,92.730003,92.730003,280268
8/20/12,3.803,95.970001,96.360001,96.529999,95.019997,95.970001,95.970001,113309
8/27/12,3.837,95.470001,96.669998,97.720001,94.410004,95.470001,95.470001,230844
9/10/12,3.907,96.540001,96.239998,96.629997,95.339996,96.540001,96.540001,221996
9/17/12,3.939,96.620003,99.150002,99.519997,94.650002,96.620003,96.620003,308274
9/24/12,3.889,91.93,93.18,93.18,91.059998,91.93,91.93,188315
10/1/12,3.866,92.480003,92.150002,93.330002,91.260002,92.480003,92.480003,216005
10/8/12,3.914,89.330002,89.849998,89.889999,88.209999,89.330002,89.330002,202688
10/15/12,3.886,91.849998,91.629997,92.199997,89.790001,91.849998,91.849998,269016
10/22/12,3.756,88.730003,89.519997,90.800003,88.199997,88.730003,88.730003,275720
11/5/12,3.563,85.650002,84.650002,85.900002,84.339996,85.650002,85.650002,221397
11/12/12,3.518,85.57,86.190002,86.540001,85.269997,85.57,85.57,280690
11/19/12,3.497,89.279999,87.300003,89.800003,87.110001,89.279999,89.279999,247078
11/26/12,3.505,87.739998,88.209999,88.290001,87.269997,87.739998,87.739998,156593
12/3/12,3.463,89.089996,88.849998,90.330002,88.660004,89.089996,89.089996,235987
12/10/12,3.419,85.559998,85.980003,86.779999,85.330002,85.559998,85.559998,211603
12/17/12,3.324,87.199997,86.879997,87.709999,86.480003,87.199997,87.199997,157226
12/24/12,3.328,87.199997,null,null,null,null,null,null
12/31/12,3.369,91.82,90.410004,91.989998,90,91.82,91.82,119525
1/7/13,3.373,93.190002,93.209999,93.349998,92.419998,93.190002,93.190002,166292
1/14/13,3.377,94.139999,93.739998,94.290001,92.949997,94.139999,94.139999,248600
1/28/13,3.427,96.440002,96.040001,96.809998,95.470001,96.440002,96.440002,167186
2/4/13,3.604,96.169998,97.720001,97.760002,95.889999,96.169998,96.169998,196975
2/11/13,3.677,97.029999,95.790001,97.089996,94.970001,97.029999,97.029999,283956
2/25/13,3.851,93.110001,93.230003,94.459999,92.07,93.110001,93.110001,217519
3/4/13,3.826,90.120003,90.709999,90.910004,89.330002,90.120003,90.120003,231108
3/11/13,3.779,92.059998,91.830002,92.150002,90.889999,92.059998,92.059998,194607
3/18/13,3.764,93.739998,93.260002,93.940002,91.760002,93.739998,93.739998,151208
3/25/13,3.746,94.809998,93.720001,95.650002,93.699997,94.809998,94.809998,270651
4/1/13,3.714,97.07,97.360001,97.800003,95.919998,97.07,97.07,192396
4/8/13,3.676,93.360001,93.019997,93.75,92.459999,93.360001,93.360001,212117
4/15/13,3.611,88.709999,90.949997,90.980003,87.199997,88.709999,88.709999,362524
4/22/13,3.603,88.760002,87.959999,89.129997,87.550003,88.760002,88.760002,238730
4/29/13,3.587,94.5,92.699997,94.690002,92.43,94.5,94.5,214608
5/6/13,3.602,96.160004,95.580002,97.169998,94.849998,96.160004,96.160004,271004
5/13/13,3.665,95.169998,95.760002,95.809998,94.470001,95.169998,95.169998,297036
5/20/13,3.729,96.709999,95.93,97.110001,95.230003,96.709999,96.709999,118621
6/3/13,3.705,93.449997,91.730003,93.699997,91.260002,93.449997,93.449997,287474
6/10/13,3.715,95.769997,96.089996,96.25,95.190002,95.769997,95.769997,234601
6/17/13,3.689,97.769997,97.849998,98.739998,97.379997,97.769997,97.769997,242794
6/24/13,3.645,95.18,93.849998,95.589996,92.669998,95.18,95.18,315821
7/1/13,3.567,97.989998,96.580002,98.279999,96.07,97.989998,97.989998,229193
7/8/13,3.563,103.139999,103.949997,104.120003,102.129997,103.139999,103.139999,253202
7/15/13,3.706,106.32,106.050003,106.629997,104.650002,106.32,106.32,210806
7/22/13,3.751,106.910004,108.339996,108.790001,106.43,106.910004,106.910004,283866
7/29/13,3.716,104.550003,104.610001,105.370003,103.870003,104.550003,104.550003,206326
8/5/13,3.701,106.559998,106.839996,107.690002,105.699997,106.559998,106.559998,204860
8/12/13,3.633,106.110001,105.839996,106.459999,105.029999,106.110001,106.110001,257139
8/19/13,3.622,107.099998,107.779999,107.800003,106.559998,107.099998,107.099998,102781
8/26/13,3.623,105.919998,106.910004,107.370003,105.559998,105.919998,105.919998,165995
9/9/13,3.658,109.519997,110.279999,110.459999,108.760002,109.519997,109.519997,266915
9/16/13,3.619,106.589996,107.5,108,106.059998,106.589996,106.589996,282888
9/23/13,3.567,103.589996,104.889999,105.120003,103.120003,103.589996,103.589996,223392
9/30/13,3.499,102.330002,102.459999,102.760002,101.050003,102.330002,102.330002,226707
10/7/13,3.441,103.029999,103.449997,103.739998,101.860001,103.029999,103.029999,269025
10/14/13,3.43,102.410004,101.370003,102.620003,101.059998,102.410004,102.410004,170674
10/21/13,3.435,99.220001,100.629997,100.949997,98.980003,99.220001,99.220001,90824
10/28/13,3.372,98.68,97.879997,98.82,97.370003,98.68,98.68,230155
11/4/13,3.343,94.620003,94.519997,95.110001,94.059998,94.620003,94.620003,219109
11/11/13,3.274,95.139999,94.449997,95.379997,94.110001,95.139999,95.139999,206721
11/18/13,3.298,93.029999,93.779999,94.300003,92.720001,93.029999,93.029999,169443
11/25/13,3.372,94.089996,94.150002,94.5,93.080002,94.089996,94.089996,270860
12/2/13,3.353,93.82,92.709999,94.080002,92.559998,93.82,93.82,234800
12/9/13,3.35,97.339996,97.660004,97.970001,97.099998,97.339996,97.339996,210090
12/16/13,3.321,97.480003,96.550003,97.690002,96.209999,97.480003,97.480003,187591
12/23/13,3.351,98.910004,99.199997,99.309998,98.639999,98.910004,98.910004,107273
12/30/13,3.409,99.290001,100.150002,100.419998,99.129997,99.290001,99.290001,118356
1/6/14,3.411,93.43,94.18,94.589996,93.199997,93.43,93.43,189379
1/13/14,3.406,91.800003,92.830002,92.879997,91.43,91.800003,91.800003,212208
1/27/14,3.375,95.720001,96.900002,97.18,95.209999,95.720001,95.720001,235110
2/3/14,3.372,96.43,97.400002,97.940002,96.260002,96.43,96.43,293312
2/10/14,3.388,100.059998,100.050003,100.550003,99.110001,100.059998,100.059998,251127
2/24/14,3.52,102.82,102.290001,103.449997,101.970001,102.82,102.82,177861
3/3/14,3.553,104.919998,103,105.220001,102.949997,104.919998,104.919998,295819
3/10/14,3.584,101.120003,102.75,102.82,100.849998,101.120003,101.120003,225290
3/17/14,3.619,98.080002,99.389999,99.389999,97.370003,98.080002,98.080002,227387
3/24/14,3.622,99.599998,99.489998,100.290001,99.050003,99.599998,99.599998,151710
3/31/14,3.651,101.580002,101.690002,101.970001,100.879997,101.580002,101.580002,167570
4/7/14,3.67,100.440002,100.910004,101.32,99.919998,100.440002,100.440002,254884
4/14/14,3.725,104.050003,103.559998,104.550003,103.339996,104.050003,104.050003,237213
4/21/14,3.758,104.370003,104.540001,104.769997,103.849998,104.370003,104.370003,115095
4/28/14,3.788,100.839996,100.489998,101.519997,100.330002,100.839996,100.839996,231590
5/5/14,3.761,99.480003,99.959999,100.440002,98.910004,99.480003,99.480003,190002
5/12/14,3.746,100.589996,100.120003,100.93,99.93,100.589996,100.589996,211648
5/19/14,3.743,102.610001,102.129997,103.089996,101.970001,102.610001,102.610001,121114
6/2/14,3.765,102.470001,102.919998,103.349998,102.099998,102.470001,102.470001,159042
6/9/14,3.749,104.410004,102.779999,104.57,102.620003,104.410004,104.410004,246719
6/16/14,3.76,106.900002,106.879997,107.540001,106.57,106.900002,106.900002,204792
6/23/14,3.778,106.169998,107.419998,107.449997,105.910004,106.169998,106.169998,175473
6/30/14,3.778,105.370003,105.690002,105.760002,104.660004,105.370003,105.370003,215334
7/7/14,3.753,103.529999,104.059998,104.129997,103.190002,103.529999,103.529999,189250
7/14/14,3.712,100.910004,100.459999,101.199997,100.220001,100.910004,100.910004,252675
7/21/14,3.671,104.589996,102.970001,104.989998,102.650002,104.589996,104.589996,126986
7/28/14,3.617,101.669998,101.870003,102.099998,100.900002,101.669998,101.669998,197815
8/4/14,3.595,98.290001,97.669998,98.669998,97.43,98.290001,98.290001,204262
8/11/14,3.582,98.080002,97.540001,98.580002,97.370003,98.080002,98.080002,241493
8/18/14,3.549,96.410004,97.099998,97.160004,95.809998,96.410004,96.410004,157537
8/25/14,3.532,93.349998,93.339996,93.949997,93.050003,93.349998,93.349998,137420
9/8/14,3.534,92.660004,93.489998,93.620003,91.800003,92.660004,92.660004,277990
9/15/14,3.485,92.919998,92.129997,93.029999,90.629997,92.919998,92.919998,260506
9/22/14,3.432,91.519997,92.220001,92.639999,91.199997,91.519997,91.519997,229232
9/29/14,3.434,94.57,93.349998,94.639999,92.739998,94.57,94.57,261246
10/6/14,3.382,90.339996,89.769997,90.739998,88.760002,90.339996,90.339996,276614
10/13/14,3.292,85.739998,85.199997,85.870003,84.07,85.739998,85.739998,292345
10/20/14,3.205,82.709999,83.129997,83.480003,81.550003,82.709999,82.709999,83702
10/27/14,3.139,81,81.269997,81.290001,79.440002,81,81,285327
11/3/14,3.077,78.779999,80.589996,80.980003,78.080002,78.779999,78.779999,386045
11/10/14,3.025,77.400002,78.5,79.849998,77.129997,77.400002,77.400002,319492
11/17/14,2.978,75.639999,75.93,76.18,74.709999,75.639999,75.639999,279462
11/24/14,2.907,75.779999,76.620003,77.019997,75.449997,75.779999,75.779999,194751
12/1/14,2.864,69,66,69.540001,63.720001,69,69,504122
12/8/14,2.767,63.049999,65.459999,65.550003,62.779999,63.049999,63.049999,330077
12/15/14,2.643,55.91,57.07,58.73,55.02,55.91,55.91,424946
12/22/14,2.496,55.259998,57.75,58.529999,55.130001,55.259998,55.259998,277319
12/29/14,2.392,53.610001,55.049999,55.740002,52.900002,53.610001,53.610001,241378
1/5/15,2.308,50.040001,52.610001,52.73,49.68,50.040001,50.040001,375782
1/12/15,2.232,46.07,48.189999,48.189999,45.619999,46.07,46.07,394946
1/26/15,2.133,45.150002,45.200001,46.41,44.349998,45.150002,45.150002,310638
2/2/15,2.154,49.57,47.59,50.560001,46.669998,49.57,49.57,511409
2/9/15,2.276,52.860001,52.009998,53.990002,51.650002,52.860001,52.860001,536364
2/23/15,2.415,49.450001,50.75,50.990002,48.669998,49.450001,49.450001,475383
3/2/15,2.556,49.59,49.450001,51.040001,48.709999,49.59,49.59,427177
3/9/15,2.57,50,49.599998,50.790001,49.25,50,50,409877
3/16/15,2.537,43.880001,44.810001,45,42.849998,43.880001,43.880001,367600
3/23/15,2.538,47.450001,46.41,47.610001,45.330002,47.450001,47.450001,292417
3/30/15,2.531,48.68,48.57,49.16,47.610001,48.68,48.68,355866
4/6/15,2.499,52.139999,49.470001,52.240002,49.470001,52.139999,52.139999,325282
4/13/15,2.494,51.91,51.810001,53.099998,51.470001,51.91,51.91,375534
4/20/15,2.57,56.380001,56.16,57.169998,54.849998,56.380001,56.380001,112382
4/27/15,2.656,56.990002,57.299999,57.889999,56.52,56.990002,56.990002,250558
5/4/15,2.749,58.93,59.299999,59.73,58.450001,58.93,58.93,215046
5/11/15,2.776,59.25,59.43,59.849998,58.75,59.25,59.25,332694
5/18/15,2.827,59.43,59.849998,60.880001,59.060001,59.43,59.43,144389
6/1/15,2.863,60.200001,60.290001,60.639999,59.330002,60.200001,60.200001,292189
6/8/15,2.863,58.139999,58.959999,59.130001,57.860001,58.139999,58.139999,339845
6/15/15,2.918,59.52,59.900002,59.98,58.73,59.52,59.52,275187
6/22/15,2.895,59.68,59.439999,60.299999,58.93,59.68,59.68,255306
6/29/15,2.885,58.330002,58.84,59.27,58.040001,58.330002,58.330002,286035
7/6/15,2.877,52.529999,54.900002,55.34,52.41,52.529999,52.529999,540608
7/13/15,2.92,52.200001,52.150002,53.169998,51.259998,52.200001,52.200001,359477
7/20/15,2.888,50.150002,50.759998,51.259998,49.849998,50.150002,50.150002,102597
7/27/15,2.833,47.389999,48,48.200001,46.91,47.389999,47.389999,273614
8/3/15,2.779,45.169998,46.860001,46.939999,45.080002,45.169998,45.169998,371085
8/10/15,2.72,44.959999,43.580002,45.009998,43.349998,44.959999,44.959999,491433
8/17/15,2.803,41.869999,42.18,42.689999,41.639999,41.869999,41.869999,314275
8/24/15,2.726,38.240002,40.299999,40.470001,37.75,38.240002,38.240002,468366
8/31/15,2.602,49.200001,45,49.330002,43.599998,49.200001,49.200001,757503
9/14/15,2.471,44,44.779999,44.970001,43.59,44,44,326269
9/21/15,2.425,46.68,44.970001,46.740002,44.689999,46.68,46.68,104528
9/28/15,2.418,44.43,45.380001,45.5,44.299999,44.43,44.43,273906
10/5/15,2.415,46.259998,45.650002,46.939999,45.209999,46.259998,46.259998,323061
10/12/15,2.432,47.099998,49.509998,50.130001,47.040001,47.099998,47.099998,408663
10/19/15,2.374,45.889999,47.27,47.490002,45.849998,45.889999,45.889999,125840
10/26/15,2.326,43.98,44.740002,44.939999,43.639999,43.98,43.98,302084
11/2/15,2.322,46.139999,46.43,46.73,45.560001,46.139999,46.139999,305518
11/9/15,2.335,43.869999,44.52,45.119999,43.639999,43.869999,43.869999,487992
11/16/15,2.281,41.740002,40.919998,42.25,40.060001,41.740002,41.740002,535179
11/23/15,2.198,41.75,41.490002,42.75,40.41,41.75,41.75,516190
11/30/15,2.165,41.650002,41.77,42.610001,41.5,41.650002,41.650002,369509
12/7/15,2.159,37.650002,40.099998,40.150002,37.5,37.650002,37.650002,635413
12/14/15,2.144,36.310001,35.400002,36.700001,34.529999,36.310001,36.310001,550476
12/21/15,2.133,34.740002,34.580002,34.860001,33.98,34.740002,34.740002,298080
12/28/15,2.141,36.810001,38,38.09,36.599998,36.810001,36.810001,220644
1/4/16,2.135,36.759998,37.599998,38.389999,36.330002,36.759998,36.759998,431985
1/11/16,2.104,31.41,32.939999,33.200001,30.879999,31.41,31.41,648640
1/18/16,2.022,31.41,null,null,null,null,null,null
1/25/16,1.965,30.34,32.049999,32.740002,29.68,30.34,30.34,606892
2/1/16,1.932,31.620001,33.830002,34.18,31.290001,31.620001,31.620001,595612
2/8/16,1.87,29.690001,30.969999,31.379999,29.57,29.690001,29.690001,603646
2/15/16,1.834,29.690001,null,null,null,null,null,null
2/22/16,1.837,31.48,29.719999,32.049999,29.48,31.48,31.48,521016
2/29/16,1.887,33.75,32.720001,33.98,32.32,33.75,33.75,512468
3/7/16,1.943,37.900002,36.200001,38.110001,36.09,37.900002,37.900002,709870
3/14/16,2.062,37.18,38.169998,38.77,36.68,37.18,37.18,489938
3/21/16,2.109,39.91,39.060001,40.299999,38.610001,39.91,39.91,479337
3/28/16,2.169,39.389999,39.549999,40.139999,38.860001,39.389999,39.389999,299775
4/4/16,2.185,35.700001,36.610001,37.209999,35.459999,35.700001,35.700001,549477
4/11/16,2.173,40.360001,39.720001,40.75,39.25,40.360001,40.360001,679351
4/18/16,2.24,39.779999,38.75,40.240002,37.610001,39.779999,39.779999,342463
4/25/16,2.265,42.639999,43.75,44.040001,42.580002,42.639999,42.639999,606383
5/2/16,2.342,44.779999,45.900002,46.150002,44.540001,44.779999,44.779999,464027
5/9/16,2.325,43.439999,45,45.939999,43.240002,43.439999,43.439999,767568
5/16/16,2.345,47.720001,46.279999,47.98,46.150002,47.720001,47.720001,550863
5/23/16,2.403,48.080002,48.459999,48.5,47.400002,48.080002,48.080002,475453
6/6/16,2.482,49.689999,48.880001,49.900002,48.709999,49.689999,49.689999,450472
6/13/16,2.499,48.880001,48.849998,49.279999,48.16,48.880001,48.880001,506036
6/20/16,2.455,49.369999,48.290001,49.419998,48.139999,49.369999,49.369999,98293
6/27/16,2.432,46.330002,47.810001,47.959999,45.830002,46.330002,46.330002,504613
7/11/16,2.359,44.759998,45.07,45.77,44.419998,44.759998,44.759998,533657
7/18/16,2.336,45.240002,46.119999,46.139999,44.860001,45.240002,45.240002,211393
7/25/16,2.289,43.130001,44.200001,44.369999,42.970001,43.130001,43.130001,389837
8/1/16,2.267,40.060001,41.349998,41.880001,39.82,40.060001,40.060001,533020
8/8/16,2.256,43.02,41.990002,43.389999,41.810001,43.02,43.02,562530
8/15/16,2.256,45.740002,44.740002,45.93,44.380001,45.740002,45.740002,522526
8/22/16,2.299,47.049999,48.400002,48.400002,46.75,47.049999,47.049999,515256
8/29/16,2.341,46.98,47.220001,47.279999,46.619999,46.98,46.98,309254
9/12/16,2.31,46.290001,45.57,46.509998,44.720001,46.290001,46.290001,745016
9/19/16,2.333,43.299999,43.18,44.150002,43.119999,43.299999,43.299999,129857
9/26/16,2.334,45.93,44.619999,46.200001,44.43,45.93,45.93,527119
10/3/16,2.354,48.810001,48.040001,49.02,47.779999,48.810001,48.810001,458021
10/17/16,2.367,49.939999,50.23,50.580002,49.470001,49.939999,49.939999,418723
10/24/16,2.353,50.52,50.849998,50.98,49.619999,50.52,50.52,623398
10/31/16,2.341,46.860001,48.25,48.740002,46.630001,46.860001,46.860001,649237
11/7/16,2.345,44.889999,44.450001,45.009998,44.110001,44.889999,44.889999,605733
11/14/16,2.298,43.32,43.200001,43.810001,42.200001,43.32,43.32,704766
11/21/16,2.269,47.490002,45.830002,47.799999,45.77,47.490002,47.490002,665326
11/28/16,2.268,47.080002,45.43,47.650002,45.139999,47.080002,47.080002,734381
12/5/16,2.321,51.790001,51.459999,52.419998,50.93,51.790001,51.790001,600782
12/12/16,2.347,52.830002,52.580002,54.509998,52.18,52.830002,52.830002,847025
12/19/16,2.375,52.119999,52.150002,52.52,51.509998,52.119999,52.119999,129990
1/9/17,2.496,51.959999,53.75,53.830002,51.759998,51.959999,51.959999,564893
1/23/17,2.436,52.75,53.330002,53.470001,52.209999,52.75,52.75,455333
1/30/17,2.408,52.630001,53.150002,53.459999,52.41,52.630001,52.630001,486309
2/6/17,2.405,53.009998,53.810001,54.130001,52.91,53.009998,53.009998,425085
2/13/17,2.418,52.93,53.799999,53.950001,52.77,52.93,52.93,586034
2/27/17,2.427,54.049999,54.02,54.610001,53.939999,54.049999,54.049999,394380
3/6/17,2.452,53.200001,53.189999,53.560001,52.759998,53.200001,53.200001,503692
3/13/17,2.434,48.400002,48.450001,48.68,47.900002,48.400002,48.400002,601362
3/20/17,2.433,48.220001,48.700001,48.740002,47.84,48.220001,48.220001,142258
3/27/17,2.428,47.73,48.119999,48.279999,47.080002,47.73,47.73,466176
4/3/17,2.471,50.240002,50.689999,50.830002,50.119999,50.240002,50.240002,440724
4/10/17,2.534,53.080002,52.310001,53.18,52.290001,53.080002,53.080002,565439
4/17/17,2.546,52.650002,52.970001,53.209999,52.549999,52.650002,52.650002,326340
4/24/17,2.559,49.23,49.68,50.220001,49.029999,49.23,49.23,517897
5/1/17,2.522,48.84,49.169998,49.32,48.59,48.84,48.84,364386
5/8/17,2.484,46.43,46.349998,46.98,45.73,46.43,46.43,785055
5/15/17,2.481,48.849998,47.849998,49.66,47.75,48.849998,48.849998,687153
5/22/17,2.51,50.73,50.599998,51.060001,50.439999,50.73,50.73,564310
6/5/17,2.525,47.400002,47.709999,48.419998,46.860001,47.400002,47.400002,710199
6/12/17,2.479,46.080002,45.799999,46.709999,45.66,46.080002,46.080002,666765
6/19/17,2.433,44.200001,44.68,45.060001,44.049999,44.200001,44.200001,123943
6/26/17,2.404,43.380001,43.16,43.650002,42.630001,43.380001,43.380001,661354
7/3/17,2.376,43.380001,null,null,null,null,null,null
7/10/17,2.411,44.400002,44.349998,44.84,43.650002,44.400002,44.400002,848570
7/17/17,2.392,46.02,46.68,46.880001,45.889999,46.02,46.02,560633
7/24/17,2.426,46.34,45.619999,46.529999,45.400002,46.34,46.34,707910
7/31/17,2.467,50.169998,49.849998,50.41,49.18,50.169998,50.169998,781539
8/7/17,2.492,49.389999,49.59,49.73,48.540001,49.389999,49.389999,831374
8/14/17,2.497,47.59,48.790001,49.16,47.43,47.59,47.59,763241
8/21/17,2.474,47.369999,48.720001,48.75,47.029999,47.369999,47.369999,129192
8/28/17,2.513,46.57,47.889999,48.200001,46.150002,46.57,46.57,921285
9/11/17,2.8,48.07,47.580002,48.27,47,48.07,48.07,774468
9/18/17,2.75,49.91,49.849998,50.330002,49.189999,49.91,49.91,189605
9/25/17,2.701,52.220001,50.68,52.279999,50.389999,52.220001,52.220001,701244
10/2/17,2.682,50.580002,51.639999,51.709999,50.07,50.580002,50.580002,600933
10/9/17,2.622,49.580002,49.25,49.790001,49.130001,49.580002,49.580002,505079
10/16/17,2.605,51.869999,51.43,52.369999,51.349998,51.869999,51.869999,520725
10/23/17,2.594,51.900002,52.07,52.299999,51.68,51.900002,51.900002,583563
10/30/17,2.602,54.150002,54.16,54.459999,53.75,54.150002,54.150002,565043
11/6/17,2.673,57.349998,55.970001,57.610001,55.66,57.349998,57.349998,861713
11/13/17,2.706,56.759998,56.900002,57.150002,56.299999,56.759998,56.759998,631619
11/20/17,2.683,56.09,56.689999,56.759998,55.57,56.09,56.09,593241
11/27/17,2.648,58.110001,58.950001,58.990002,57.549999,58.110001,58.110001,690078
12/4/17,2.617,57.470001,58.32,58.34,57.349998,57.470001,57.470001,529965
12/11/17,2.601,57.990002,57.25,58.080002,56.91,57.990002,57.990002,606724
12/18/17,2.568,57.16,57.369999,57.779999,56.82,57.16,57.16,137151
1/8/18,2.639,61.73,61.610001,61.970001,61.34,61.73,61.73,616474
1/22/18,2.684,63.490002,63.610001,64.139999,63.169998,63.490002,63.490002,625662
1/29/18,2.723,65.559998,66.18,66.459999,64.980003,65.559998,65.559998,656168
2/5/18,2.753,64.150002,65.099998,65.400002,63.419998,64.150002,64.150002,891063
2/12/18,2.724,59.290001,59.119999,60.830002,59.099998,59.290001,59.290001,736917
2/26/18,2.666,63.91,63.599998,64.239998,63.060001,63.91,63.91,469853
3/5/18,2.679,62.57,61.549999,62.790001,61.099998,62.57,62.57,599266
3/12/18,2.677,61.360001,62.099998,62.330002,60.669998,61.360001,61.360001,537990
3/19/18,2.716,62.060001,62.23,62.349998,61.360001,62.060001,62.060001,115962
3/26/18,2.764,65.550003,65.900002,66.550003,65.080002,65.550003,65.550003,585899
4/2/18,2.817,63.009998,64.910004,65.419998,62.799999,63.009998,63.009998,582742
4/9/18,2.811,63.419998,62,63.610001,61.93,63.419998,63.419998,655831
4/16/18,2.863,66.220001,67.239998,67.739998,66.129997,66.220001,66.220001,560076
4/23/18,2.914,68.639999,68.220001,69.029999,67.139999,68.639999,68.639999,740941
4/30/18,2.961,68.57,68.150002,69.339996,67.169998,68.57,68.57,755186
5/7/18,2.96,70.730003,69.849998,70.839996,69.510002,70.730003,70.730003,758916
5/14/18,2.949,70.959999,70.540001,71.260002,70.260002,70.959999,70.959999,592826
5/21/18,2.999,72.239998,71.470001,72.589996,71.25,72.239998,72.239998,119892
6/4/18,3.018,64.75,65.709999,66.040001,64.57,64.75,64.75,696050
6/11/18,2.989,66.099998,65.559998,66.349998,64.849998,66.099998,66.099998,558281
6/18/18,2.958,65.849998,64.400002,65.980003,63.59,65.849998,65.849998,218933
6/25/18,2.913,68.080002,68.75,69.440002,67.779999,68.080002,68.080002,816207
7/2/18,2.924,73.940002,73.620003,74.349998,72.510002,73.940002,73.940002,652167
7/9/18,2.937,73.849998,73.870003,74.279999,72.989998,73.849998,73.849998,533003
7/16/18,2.943,68.059998,70.519997,70.870003,67.580002,68.059998,68.059998,530480
7/23/18,2.911,67.889999,68.169998,69.309998,67.599998,67.889999,67.889999,555915
7/30/18,2.924,70.129997,69.010002,70.43,68.800003,70.129997,70.129997,463011
8/6/18,2.93,69.010002,68.650002,69.919998,68.5,69.010002,69.010002,495605
8/13/18,2.921,67.199997,67.779999,67.949997,65.709999,67.199997,67.199997,578219
8/20/18,2.9,66.43,65.910004,66.68,65.589996,66.43,66.43,112709
8/27/18,2.906,68.870003,68.57,68.970001,68.339996,68.870003,68.870003,332612
9/10/18,2.912,67.540001,67.82,68.519997,67.330002,67.540001,67.540001,571174
9/17/18,2.921,68.910004,68.93,69.720001,68.529999,68.910004,68.910004,422294
9/24/18,2.923,72.080002,71.139999,72.739998,71.139999,72.080002,72.080002,576894
10/1/18,2.947,75.300003,73.290001,75.769997,72.949997,75.300003,75.300003,601451
10/8/18,2.984,74.290001,74.400002,74.580002,73.07,74.290001,74.290001,554938
10/15/18,2.961,71.779999,71.849998,72.699997,70.849998,71.779999,71.779999,568610
10/22/18,2.925,69.169998,69.410004,69.650002,68.269997,69.169998,69.169998,513770
10/29/18,2.896,67.040001,67.550003,67.949997,66.290001,67.040001,67.040001,477487
11/5/18,2.84,63.099998,62.990002,64.139999,62.52,63.099998,63.099998,609129
11/12/18,2.773,59.93,60.700001,61.279999,58.68,59.93,59.93,806219
11/19/18,2.7,56.759998,56.720001,57.330002,55.080002,56.759998,56.759998,699684
11/26/18,2.63,51.630001,50.619999,52.25,50.099998,51.630001,51.630001,663108
12/3/18,2.544,52.950001,52.450001,53.849998,52.029999,52.950001,52.950001,758010
12/10/18,2.511,51,52.029999,52.810001,50.529999,51,51,733225
12/17/18,2.46,49.880001,51.25,51.869999,49.009998,49.880001,49.880001,211257
12/24/18,2.413,49.880001,null,null,null,null,null,null
12/31/18,2.358,45.41,45.220001,46.529999,44.73,45.41,45.41,476970
1/7/19,2.329,48.52,48.299999,49.790001,48.110001,48.52,48.52,819939
1/14/19,2.338,50.509998,51.73,52.110001,50.380001,50.509998,50.509998,791527
1/28/19,2.343,51.990002,53.560001,53.639999,51.330002,51.990002,51.990002,650667
2/4/19,2.341,54.560001,55.32,55.75,53.290001,54.560001,54.560001,622472
2/11/19,2.361,52.41,52.66,52.779999,51.23,52.41,52.41,750242
2/25/19,2.471,55.48,57.169998,57.529999,55.080002,55.48,55.48,723012
3/4/19,2.502,56.59,55.830002,57,55.810001,56.59,56.59,549396
3/11/19,2.549,56.790001,56.07,57.009998,55.959999,56.790001,56.790001,597156
3/18/19,2.625,59.09,58.450001,59.23,58.049999,59.09,59.09,157241
3/25/19,2.701,58.82,58.98,59.349998,58.169998,58.82,58.82,705399
4/1/19,2.77,61.59,60.240002,61.799999,60.130001,61.59,61.59,670808
4/8/19,2.826,64.400002,63.330002,64.480003,63.130001,64.400002,64.400002,895767
4/15/19,2.912,63.400002,63.759998,63.84,63.029999,63.400002,63.400002,555858
4/22/19,2.926,65.699997,64,65.919998,64,65.699997,65.699997,763527
4/29/19,2.972,63.5,62.950001,63.689999,62.459999,63.5,63.5,654076
5/6/19,2.983,62.25,61.43,62.950001,60.040001,62.25,62.25,768810
5/13/19,2.954,61.040001,61.650002,63.330002,60.639999,61.040001,61.040001,1003106
5/20/19,2.939,63.099998,63.529999,63.810001,62.450001,63.099998,63.099998,131888
6/3/19,2.893,53.25,53.419998,54.630001,52.110001,53.25,53.25,984308
6/10/19,2.821,53.259998,54.240002,54.84,53.049999,53.259998,53.259998,687146
6/17/19,2.759,51.93,52.5,52.740002,51.580002,51.93,51.93,397868
6/24/19,2.741,57.900002,57.720001,58.220001,56.75,57.900002,57.900002,597164
7/1/19,2.798,59.09,59.27,60.279999,58.34,59.09,59.09,674887
7/8/19,2.827,57.66,57.77,58.459999,57.299999,57.66,57.66,540861
7/15/19,2.86,59.580002,60.25,60.919998,59.200001,59.580002,59.580002,566818
7/22/19,2.833,56.220001,56.220001,56.84,55.720001,56.220001,56.220001,619483
7/29/19,2.798,56.869999,56.200001,57.099998,55.810001,56.869999,56.869999,529742
8/5/19,2.772,54.689999,55.380001,55.610001,54.220001,54.689999,54.689999,823844
8/12/19,2.71,54.93,54.32,55.18,53.540001,54.93,54.93,611027
8/19/19,2.684,56.209999,54.959999,56.41,54.84,56.209999,56.209999,113571
8/26/19,2.661,53.639999,53.25,55.259998,52.959999,53.639999,53.639999,679022
9/9/19,2.638,57.849998,56.799999,58.16,56.580002,57.849998,57.849998,646993
9/16/19,2.64,62.900002,61.48,63.380001,58.77,62.900002,62.900002,1404916
9/23/19,2.741,58.639999,59.25,59.389999,57.369999,58.639999,58.639999,526785
9/30/19,2.737,54.07,56.540001,56.57,53.98,54.07,54.07,532522
10/7/19,2.742,52.75,52.689999,54.060001,52.59,52.75,52.75,549019
10/14/19,2.727,53.59,54.900002,54.900002,52.77,53.59,53.59,467643
10/21/19,2.735,53.310001,53.709999,54.029999,52.709999,53.310001,53.310001,95979
10/28/19,2.692,55.810001,56.650002,56.919998,55.580002,55.810001,55.810001,437020
11/4/19,2.702,56.540001,56.41,57.43,55.830002,56.540001,56.540001,580350
11/11/19,2.711,56.860001,57.400002,57.400002,56.25,56.860001,56.860001,498981
11/18/19,2.688,57.049999,57.880001,58.09,56.549999,57.049999,57.049999,159328
11/25/19,2.672,58.009998,57.919998,58.150002,57.209999,58.009998,58.009998,420642
12/2/19,2.667,55.959999,55.470001,56.669998,55.419998,55.959999,55.959999,616423
12/9/19,2.652,59.02,59.110001,59.25,58.23,59.02,59.02,511561
12/16/19,2.627,60.209999,59.869999,60.34,59.709999,60.209999,60.209999,347395
12/23/19,2.621,60.52,60.41,60.77,60.099998,60.52,60.52,314711
12/30/19,2.658,61.68,61.709999,62.34,61.09,61.68,61.68,427149
1/6/20,2.665,63.27,63.709999,64.720001,62.639999,63.27,63.27,724236
1/13/20,2.657,58.080002,59.040001,59.27,57.91,58.080002,58.080002,584002
1/27/20,2.595,53.139999,53.700001,53.709999,52.130001,53.139999,53.139999,712880
2/3/20,2.546,50.110001,51.009998,51.970001,49.799999,50.110001,50.110001,876044
2/10/20,2.511,49.57,50.119999,50.490002,49.419998,49.57,49.57,715894
2/24/20,2.555,51.43,52.599998,52.639999,50.450001,51.43,51.43,765515
3/2/20,2.514,46.75,43.700001,47.560001,43.32,46.75,46.75,949471
3/9/20,2.468,31.129999,32.869999,34.880001,27.34,31.129999,31.129999,1774383
3/16/20,2.343,28.700001,33.75,33.75,28.1,28.700001,28.700001,698829
3/23/20,2.217,23.360001,22.52,24.07,20.799999,23.360001,23.360001,852951
3/30/20,2.103,20.09,20.93,20.93,19.27,20.09,20.09,758711
4/6/20,2.022,26.08,26.09,28.24,25.280001,26.08,26.08,752710
4/13/20,1.951,22.41,24.6,24.74,22.030001,22.41,22.41,775120
4/20/20,1.91,-37.630001,17.73,17.85,-40.32,-37.630001,-37.630001,247947
4/27/20,1.87,12.78,16.84,16.98,11.88,12.78,12.78,623201
5/4/20,1.883,20.389999,19.110001,21.42,18.049999,20.389999,20.389999,311488
5/11/20,1.941,24.139999,24.49,25.58,23.67,24.139999,24.139999,179591
5/18/20,1.969,31.82,29.530001,33.32,29.530001,31.82,31.82,89376
6/1/20,2.064,35.439999,35.209999,35.900002,34.27,35.439999,35.439999,385710
6/8/20,2.123,38.189999,39.41,40.439999,37.959999,38.189999,38.189999,416639
6/15/20,2.185,37.119999,36.029999,37.259998,34.360001,37.119999,37.119999,387546
6/22/20,2.216,40.459999,39.18,40.700001,39.119999,40.459999,40.459999,315264
6/29/20,2.26,39.700001,37.959999,39.889999,37.5,39.700001,39.700001,343913
7/6/20,2.265,40.630001,40.380001,41.080002,39.84,40.630001,40.630001,373236
7/13/20,2.283,40.099998,40.349998,40.720001,39.470001,40.099998,40.099998,370715
7/20/20,2.275,40.810001,40.639999,40.91,39.830002,40.810001,40.810001,60179
7/27/20,2.265,41.599998,41.259998,41.82,40.48,41.599998,41.599998,377714
8/3/20,2.266,41.009998,40.389999,41.240002,39.580002,41.009998,41.009998,338326
8/10/20,2.256,41.939999,41.5,42.330002,41.169998,41.939999,41.939999,367796
8/17/20,2.256,42.889999,42.240002,42.970001,41.799999,42.889999,42.889999,208429
8/24/20,2.272,42.619999,42.48,42.889999,42.23,42.619999,42.619999,294731
8/31/20,2.311,42.610001,42.91,43.57,42.560001,42.610001,42.610001,236877
9/14/20,2.274,37.259998,37.32,37.68,36.82,37.259998,37.259998,347563
9/21/20,2.259,39.310001,40.98,41.27,38.66,39.310001,39.310001,66195
9/28/20,2.259,40.599998,40.07,40.799999,39.779999,40.599998,40.599998,226425
10/5/20,2.262,39.220001,37,39.720001,37,39.220001,39.220001,378579
10/12/20,2.257,39.43,40.400002,40.450001,39.040001,39.43,39.43,322035
10/19/20,2.24,40.830002,40.689999,41.220001,40.540001,40.830002,40.830002,75335
10/26/20,2.234,38.560001,39.689999,39.740002,38.279999,38.560001,38.560001,360184
11/2/20,2.204,36.810001,35.240002,37.150002,33.639999,36.810001,36.810001,489204
11/9/20,2.188,40.290001,37.34,41.330002,37.16,40.290001,40.290001,622921
11/16/20,2.202,41.34,40.169998,42.09,40.150002,41.34,41.34,378785
11/23/20,2.194,43.060001,42.459999,43.360001,42.290001,43.060001,43.060001,300717
11/30/20,2.211,45.34,45.34,45.799999,44.419998,45.34,45.34,370755
12/7/20,2.246,45.759998,46.150002,46.540001,45.360001,45.759998,45.759998,348871
12/14/20,2.247,46.990002,46.73,47.439999,45.689999,46.990002,46.990002,403543
12/21/20,2.311,47.740002,48.540001,48.610001,46.18,47.740002,47.740002,478098
12/28/20,2.33,47.619999,48.23,48.959999,47.5,47.619999,47.619999,238462
1/4/21,2.336,47.619999,48.400002,49.830002,47.18,47.619999,47.619999,528525
1/11/21,2.403,52.25,52.580002,52.700001,51.5,52.25,52.25,394822
1/25/21,2.478,52.77,52.169998,52.950001,51.82,52.77,52.77,349076